datetime,season,weather,temp,humidity,windspeed,casual,registered,count
1/1/2011 0:00,3,2,7.653428306,122.4308847,18.78370259,5,128,315.7317777
1/1/2011 1:00,4,3,13.26924373,101.703802,14.0352448,36,184,340.457093
1/1/2011 2:00,1,3,30.88692174,77.58374319,45.36508027,34,97,224.2785947
1/1/2011 3:00,3,1,10.46337671,114.9256707,25.34716778,6,47,132.1695495
1/1/2011 4:00,3,4,30.21478257,149.1935922,20.28898166,14,199,315.8671373
1/1/2011 5:00,4,1,7.320587715,114.2932683,28.49898791,20,20,103.6643678
1/1/2011 6:00,1,4,33.22305956,84.54488289,39.77873375,37,158,348.6420276
1/1/2011 7:00,1,1,17.39527568,74.51414209,44.27820013,35,185,333.1396443
1/1/2011 8:00,3,3,22.47722973,96.83820204,43.26683027,22,174,293.5913105
1/1/2011 9:00,2,1,,,,28,22,181.6390895
1/1/2011 10:00,3,4,6.120887632,142.3404388,19.98907137,12,90,180.6431717
1/1/2011 11:00,3,2,,,,4,6,75.63868863
1/1/2011 12:00,3,4,,,,46,127,269.4423451
1/1/2011 13:00,3,2,10.61847915,113.0031687,36.13985133,38,48,190.2015077
1/1/2011 14:00,4,3,17.06097613,112.8598691,38.59250982,38,98,252.3216452
1/1/2011 15:00,1,4,21.62200887,110.7120336,20.21706885,41,30,127.1445821
1/1/2011 16:00,4,1,26.76669379,119.2649978,30.52153561,44,124,254.7722752
1/1/2011 17:00,4,4,25.41662276,106.5478867,51.88802003,42,174,223.9866967
1/1/2011 18:00,4,2,21.54785199,123.4391328,18.32344847,0,92,157.0490256
1/1/2011 19:00,3,3,14.63506474,71.53297839,33.06837727,19,195,336.0062067
1/1/2011 20:00,2,1,22.25674165,87.43218278,56.33401671,42,34,205.4079948
1/1/2011 21:00,1,4,17.10966344,138.9266553,34.0222265,0,33,99.34594414
1/1/2011 22:00,2,2,30.52204434,139.9658541,45.07863322,34,185,309.8968032
1/1/2011 23:00,4,1,9.183263404,110.033572,49.50145179,39,14,154.4319835
1/2/2011 0:00,4,3,4.21976613,72.57263135,19.73075337,44,77,254.0359621
1/2/2011 1:00,2,1,24.90614852,146.3108977,20.52525677,6,84,236.5943627
1/2/2011 2:00,2,3,8.918087889,119.4384628,48.71699031,34,70,209.3428429
1/2/2011 3:00,2,1,32.60724274,106.3381825,47.68630698,33,80,205.9607338
1/2/2011 4:00,4,4,29.73034093,114.3533885,12.5190185,49,169,275.4972833
1/2/2011 5:00,4,2,6.884002362,104.7925297,26.00330074,4,145,253.0790263
1/2/2011 6:00,1,4,7.159748134,107.5723834,28.89027684,28,37,228.1134818
1/2/2011 7:00,1,4,23.74348917,138.8414678,52.47460608,49,63,251.6004405
1/2/2011 8:00,4,3,23.43770973,78.3258138,30.30323147,47,28,181.1692698
1/2/2011 9:00,2,3,11.32505364,77.43299374,55.15916162,26,117,253.0537117
1/2/2011 10:00,2,3,28.34133657,78.93539179,60.64691905,6,114,200.3257429
1/2/2011 11:00,1,4,20.61033064,88.91767866,49.61314382,0,9,99.29602083
1/2/2011 12:00,4,1,,,,8,16,129.4669206
1/2/2011 13:00,1,1,8.913875047,312.8802034,125.1554267,46,159,310.5868308
1/2/2011 14:00,1,4,,,,0,188,319.4191535
1/2/2011 15:00,3,4,12.05882447,83.42175195,38.28462854,26,114,269.987998
1/2/2011 16:00,3,2,,,,16,83,215.7713676
1/2/2011 17:00,3,3,,,,31,80,182.2088326
1/2/2011 18:00,2,3,22.3211177,114.128768,44.83400984,40,173,285.3696117
1/2/2011 19:00,4,4,30.83597748,115.1999648,33.12864154,29,70,173.6041802
1/2/2011 20:00,4,4,,,,14,114,236.3353856
1/2/2011 21:00,4,1,14.97003739,127.6330831,30.32053397,41,55,136.5089974
1/2/2011 22:00,4,4,10.61421861,144.8566175,17.41984965,27,60,188.1392286
1/2/2011 23:00,3,1,30.63551086,146.8872518,34.87351448,2,102,247.6156135
1/3/2011 0:00,2,4,18.95427315,72.28034112,58.13448991,27,43,191.3899639
1/3/2011 1:00,2,2,7.516726332,129.1268172,49.15458449,4,165,259.8922049
1/3/2011 2:00,3,2,33.06674456,102.5898673,19.8103177,1,103,184.4952207
1/3/2011 3:00,2,1,10.46418194,73.98140444,29.61602571,37,177,339.6431911
1/3/2011 4:00,3,3,4.716272285,82.1184006,57.68717896,15,73,198.6822424
1/3/2011 5:00,4,2,,,,43,31,168.1364563
1/3/2011 6:00,3,1,26.0436546,107.2102622,22.30143646,16,120,219.8873514
1/3/2011 7:00,4,4,27.02998527,118.6034004,22.17384618,11,89,203.8786148
1/3/2011 8:00,4,4,,,,25,52,169.5248691
1/3/2011 9:00,1,1,14.31053891,88.92108358,30.7897226,48,175,348.1762054
1/3/2011 10:00,3,3,16.17725968,101.3330592,16.29098237,6,0,144.908737
1/3/2011 11:00,1,1,27.69159212,101.7423361,41.99619473,23,102,185.6850145
1/3/2011 12:00,3,1,6.127922315,96.83417007,13.35308899,15,117,196.9567668
1/3/2011 13:00,3,2,,,,17,29,188.2018837
1/3/2011 14:00,1,1,9.825138353,129.5361209,34.7228841,7,8,121.7636098
1/3/2011 15:00,1,1,32.96116363,160.2563102,33.85469168,26,107,200.8683653
1/3/2011 16:00,3,4,12.14439698,123.093251,12.97869461,25,32,188.3442749
1/3/2011 17:00,2,2,31.23759373,108.7557782,42.32587587,30,25,167.1261213
1/3/2011 18:00,4,4,11.93686163,106.5415958,32.24835308,17,41,226.0017822
1/3/2011 19:00,1,4,9.823715754,111.830389,31.64802464,1,41,136.8741995
1/3/2011 20:00,4,3,32.36568996,101.1745379,40.34035129,40,95,270.2232095
1/3/2011 21:00,2,3,29.86794622,136.7075697,38.35188439,22,38,118.5258955
1/3/2011 22:00,2,2,18.23674463,97.6439197,9.688614288,47,60,250.9005936
1/3/2011 23:00,2,2,29.55579411,96.00126312,16.09770742,48,46,224.3734066
1/4/2011 0:00,1,3,22.05383632,134.9845418,21.97296223,41,169,360.207865
1/4/2011 1:00,2,3,34.14054299,140.2812641,44.75697998,21,47,203.4236879
1/4/2011 2:00,1,3,9.637532606,90.04453759,38.87862338,32,179,310.1636685
1/4/2011 3:00,2,3,22.78659482,118.3901872,47.92602238,17,160,244.0301521
1/4/2011 4:00,4,3,20.1726508,72.27521508,47.26298675,14,154,252.1311963
1/4/2011 5:00,4,4,15.46630867,115.1512648,52.40004024,40,170,259.3871052
1/4/2011 6:00,3,2,32.37361148,76.39696432,28.92181805,2,156,232.6234787
1/4/2011 7:00,4,4,6.460718509,72.85645005,28.37063435,47,146,308.0551222
1/4/2011 8:00,3,4,9.512278819,123.5910955,51.46075887,22,127,249.8755266
1/4/2011 9:00,4,1,,,,46,98,239.6292393
1/4/2011 10:00,1,4,28.14894273,133.870639,33.02081458,1,110,189.5726857
1/4/2011 11:00,4,3,10.28238,145.5004718,21.0120364,41,27,117.2226318
1/4/2011 12:00,3,3,15.58769886,84.49183186,54.57607021,3,9,119.8859237
1/4/2011 13:00,3,1,32.88693745,128.5211524,32.15982971,25,194,332.8270634
1/4/2011 14:00,2,1,14.72702107,121.8023696,19.43745857,18,105,195.7341774
1/4/2011 15:00,1,1,26.2094842,82.94192438,43.93947612,48,143,277.5067018
1/4/2011 16:00,4,1,26.64822654,118.8115615,22.96828894,9,99,256.8027384
1/4/2011 17:00,2,1,19.98004662,121.5420626,58.20371999,21,0,158.3524974
1/4/2011 18:00,4,4,33.84343148,116.570246,26.96975523,5,117,180.0636451
1/4/2011 19:00,4,1,29.56233083,142.7545795,42.13040168,0,81,181.0861126
1/4/2011 20:00,2,4,17.86669894,118.7287766,27.53079399,42,131,319.3026961
1/4/2011 21:00,2,2,21.96124494,152.7598762,52.69721654,15,196,307.1902163
1/4/2011 22:00,2,1,25.53811686,100.6546078,56.08890423,6,131,231.6433702
1/4/2011 23:00,2,1,20.39106702,82.41265063,49.14438705,23,114,272.5226134
1/5/2011 0:00,2,4,32.50610103,107.2714357,49.99319594,34,147,313.3813797
1/5/2011 1:00,4,2,72.86436318,320.1233339,62.33876615,13,62,205.8572197
1/5/2011 2:00,2,4,14.57561397,124.1872354,56.55429884,3,34,131.9673928
1/5/2011 3:00,1,4,11.52197579,128.1392604,40.82914289,40,115,277.7423908
1/5/2011 4:00,3,1,,,,14,44,205.7269298
1/5/2011 5:00,2,3,6.031384853,78.67449207,44.37067028,43,56,200.4171665
1/5/2011 6:00,2,3,,,,47,120,257.839901
1/5/2011 7:00,4,4,24.33964562,82.32731335,42.34361401,22,151,312.87318
1/5/2011 8:00,2,1,25.09739077,125.8831567,16.05773782,18,19,201.3630051
1/5/2011 9:00,2,2,24.85382574,138.9410436,45.43873166,13,155,334.4787667
1/5/2011 10:00,2,3,34.86385747,145.8510921,30.53035395,26,165,282.8220833
1/5/2011 11:00,4,2,20.37640272,81.63889919,16.92030197,35,151,280.865028
1/5/2011 12:00,2,3,32.2481091,107.8965815,58.9294999,37,23,132.2401716
1/5/2011 13:00,3,1,16.2598775,118.4933536,56.67940358,21,69,196.6854164
1/5/2011 14:00,4,4,29.59698771,147.3298488,55.53857819,10,101,181.9490828
1/5/2011 15:00,3,2,26.54726299,127.997188,49.63343245,3,126,216.4024504
1/5/2011 16:00,4,2,13.48651154,87.53385338,45.51352887,31,117,272.2641495
1/5/2011 17:00,2,4,27.49829551,105.4414561,43.28497791,39,24,177.9583787
1/5/2011 18:00,3,2,21.26284931,118.4618153,15.68545583,40,80,168.966217
1/5/2011 19:00,4,3,10.40642565,130.1742449,55.99955093,23,196,369.4254238
1/5/2011 20:00,1,4,,,,33,16,119.7355698
1/5/2011 21:00,2,3,12.77749369,90.24047416,48.23715292,2,57,133.5462311
1/5/2011 22:00,4,3,9.536254453,153.5842141,56.5197929,37,147,250.2353796
1/5/2011 23:00,1,1,154.6970381,272.5298436,153.6868396,1,1,85.59333814
1/6/2011 0:00,4,3,26.51419016,148.443284,31.81984678,22,82,180.55644
1/6/2011 1:00,1,1,30.18910973,137.0291472,57.72049946,39,8,124.31642
1/6/2011 2:00,2,2,28.78923141,124.651446,31.59243637,19,190,238.5900524
1/6/2011 3:00,3,2,13.61569857,130.5352481,41.14546295,7,122,236.4448252
1/6/2011 4:00,1,1,22.26887255,78.99886324,27.69634379,34,103,247.5377469
1/6/2011 5:00,4,3,30.37182705,74.83626011,41.29964489,48,82,300.9367811
1/6/2011 6:00,2,4,32.55560034,79.65188033,47.5490254,42,108,268.2235949
1/6/2011 7:00,1,4,52.98212757,270.9973799,168.7945461,2,119,209.7644791
1/6/2011 8:00,4,1,32.18748938,120.712655,35.95812529,31,195,293.6694839
1/6/2011 9:00,4,2,32.45699181,89.85441965,25.26946416,30,133,263.8314218
1/6/2011 10:00,4,2,,,,43,10,170.2101833
1/6/2011 11:00,1,4,33.83258124,104.1892196,54.83012631,45,148,281.6768179
1/6/2011 12:00,1,1,15.57660358,121.2640675,10.11297082,30,105,240.6365358
1/6/2011 13:00,1,4,,,,0,190,350.7554551
1/6/2011 14:00,3,3,108.5426852,362.3240431,70.34612677,11,127,230.3403045
1/6/2011 15:00,1,3,10.13834542,83.66584062,57.48893202,17,29,93.28911642
1/6/2011 16:00,1,1,31.42772471,103.5684054,43.59918464,23,81,234.1257601
1/6/2011 17:00,1,1,19.67586269,140.712363,58.80728302,35,114,262.379572
1/6/2011 18:00,3,3,21.23277432,119.9091003,39.30180581,28,148,228.7089391
1/6/2011 19:00,1,2,20.32976515,100.6750358,32.90131107,24,150,290.8367792
1/6/2011 20:00,4,1,10.74216728,138.9353404,50.78240625,22,60,156.1003306
1/6/2011 21:00,1,3,22.49728628,69.73488467,18.52106602,2,157,276.3046759
1/6/2011 22:00,4,3,27.53378739,130.2121066,28.31768221,29,173,363.3116746
1/6/2011 23:00,4,2,6.653774395,108.8280065,34.29039667,16,187,301.8134534
1/7/2011 0:00,4,2,14.54002481,127.9742934,24.69424431,44,17,197.6494321
1/7/2011 1:00,3,2,7.469657229,149.5758286,28.21167296,48,61,176.3254379
1/7/2011 2:00,3,2,15.83786205,124.1869641,14.78525873,29,172,259.626243
1/7/2011 3:00,3,4,25.05660195,112.8553797,19.79317845,48,60,272.7586901
1/7/2011 4:00,1,2,30.85714973,80.24919129,27.14072369,18,58,189.5007834
1/7/2011 5:00,4,4,34.81298709,132.1623226,50.43345764,4,162,289.3951869
1/7/2011 6:00,3,1,24.6257543,108.8851819,18.31832622,39,109,286.8845121
1/7/2011 7:00,3,3,14.20341558,80.79642213,27.69586945,33,149,270.5181515
1/7/2011 8:00,1,4,32.23621999,130.9684286,14.58023991,8,113,250.134838
1/7/2011 9:00,3,1,29.60652681,92.28276243,36.88404593,38,151,313.616422
1/7/2011 10:00,1,1,23.70391406,74.04286087,40.99016656,47,50,162.5947009
1/7/2011 11:00,2,4,25.33481567,139.2353438,52.43053288,43,64,256.8571519
1/7/2011 12:00,3,1,37.36081662,110.2244033,51.96113959,25,142,310.7021535
1/7/2011 13:00,2,1,28.22268224,100.5701553,25.26138712,4,111,181.0135648
1/7/2011 14:00,1,4,14.5781579,130.02098,16.47489716,23,155,288.5624177
1/7/2011 15:00,4,1,28.6196203,147.9166105,19.98858446,30,41,168.6501733
1/7/2011 16:00,3,2,,,,23,147,317.1605289
1/7/2011 17:00,1,2,19.09217775,124.873933,44.34535243,20,42,124.3216825
1/7/2011 18:00,4,3,20.44094697,133.2284012,12.75876568,21,196,429.7412298
1/7/2011 19:00,4,1,9.308138138,100.4644726,17.80181136,37,190,326.4629888
1/7/2011 20:00,2,3,,,,21,170,317.8796021
1/7/2011 21:00,1,2,10.7765576,71.63096462,20.56194642,20,1,167.3799287
1/7/2011 22:00,4,2,27.24086208,134.5459669,50.54025391,29,150,277.9037285
1/7/2011 23:00,3,2,146.7814604,506.3048951,157.1917655,48,139,288.3641807
1/8/2011 0:00,3,1,35.1274566,85.68696405,41.07130321,46,173,308.7562373
1/8/2011 1:00,2,1,14.85650555,134.5170398,34.34792197,9,125,212.3059206
1/8/2011 2:00,4,2,22.18069375,130.471126,22.35417664,2,160,275.0543875
1/8/2011 3:00,1,3,,,,38,43,181.8693346
1/8/2011 4:00,3,3,10.84700766,125.3339905,45.00479159,28,152,269.6748295
1/8/2011 5:00,4,4,28.20925877,77.06748531,26.73810097,24,34,149.4558557
1/8/2011 6:00,4,2,29.20607983,141.6420888,36.00373359,1,162,285.3004948
1/8/2011 7:00,2,3,10.33280781,113.9422544,51.92877739,12,64,157.1153007
1/8/2011 8:00,3,2,31.88018783,113.7274902,17.45179872,26,170,293.6619772
1/8/2011 9:00,3,3,33.3169946,131.2653685,36.24715215,28,195,355.059654
1/8/2011 10:00,1,4,6.496354846,124.342156,27.20812704,13,189,314.5451067
1/8/2011 11:00,3,4,14.20174857,139.9988635,46.2099275,3,158,234.6702732
1/8/2011 12:00,1,2,8.758486304,120.401708,10.91385654,7,155,266.469626
1/8/2011 13:00,3,3,14.36857753,148.0147874,43.52191879,4,138,260.3251118
1/8/2011 14:00,2,1,19.18684833,127.10831,15.31996149,43,31,208.9213323
1/8/2011 15:00,3,4,22.98931849,88.89617471,11.9757476,26,65,173.6105083
1/8/2011 16:00,1,2,13.64318807,142.7826312,46.82674506,23,59,170.5446765
1/8/2011 17:00,1,2,34.84385426,119.6334469,40.73631968,43,178,305.4744667
1/8/2011 18:00,2,3,18.06806779,123.5791463,53.78159376,42,186,313.9923567
1/8/2011 19:00,3,2,,,,33,144,294.5367988
1/8/2011 20:00,3,4,13.39948258,75.99257244,36.29536251,27,114,264.250024
1/8/2011 21:00,2,2,18.98911376,108.5312632,44.96782135,23,67,226.9711459
1/8/2011 22:00,3,2,,,,4,165,271.737483
1/8/2011 23:00,3,1,16.03308111,118.4401184,10.91438609,12,63,138.3417289
1/9/2011 0:00,1,1,,,,17,130,272.614208
1/9/2011 1:00,3,4,28.1902798,158.4470446,22.70303138,16,53,179.3330971
1/9/2011 2:00,3,3,36.34385557,114.1674199,26.5748686,29,75,211.386553
1/9/2011 3:00,2,1,,,,37,171,275.1140439
1/9/2011 4:00,2,3,15.81125046,149.4466505,49.62867625,18,126,243.7697507
1/9/2011 5:00,4,4,24.98215078,125.9241447,56.45756209,21,157,247.8638593
1/9/2011 6:00,1,1,27.80685287,99.45801092,58.49713353,48,109,277.1611268
1/9/2011 7:00,3,3,15.62022932,121.9031697,30.69744147,48,87,227.8340287
1/9/2011 8:00,3,1,34.01747874,152.1599209,22.17683755,17,112,219.1734882
1/9/2011 9:00,4,4,104.4868878,547.9367945,157.3214513,25,53,137.6735242
1/9/2011 10:00,3,4,21.83947356,110.1455921,55.66032341,14,47,197.6297314
1/9/2011 11:00,1,1,27.67670812,152.4909871,32.95651718,27,34,159.0885811
1/9/2011 12:00,4,3,31.99949783,92.00952943,34.87386085,29,67,204.4836059
1/9/2011 13:00,1,2,28.14491865,94.8808215,16.27713525,27,25,135.8381409
1/9/2011 14:00,4,2,,,,19,71,146.4142507
1/9/2011 15:00,4,1,17.18960378,85.21323473,28.65439539,3,87,180.0113917
1/9/2011 16:00,2,3,21.34785823,85.89689388,27.81499275,3,106,203.8425741
1/9/2011 17:00,1,2,23.34895641,110.3333771,54.35276208,36,55,205.8002678
1/9/2011 18:00,3,4,28.36100463,114.2621791,12.42339534,14,68,177.3951457
1/9/2011 19:00,3,3,33.27608466,122.8852023,59.82410892,33,79,196.5243011
1/9/2011 20:00,1,2,30.06868628,99.82991561,12.26919145,10,191,262.0032318
1/9/2011 21:00,3,3,37.20919422,146.3358895,58.4088326,22,95,224.5856634
1/9/2011 22:00,3,1,13.78160178,148.7607598,37.92002462,34,156,272.2638955
1/9/2011 23:00,1,3,34.00580685,100.1269333,45.84331389,42,125,312.8135381
1/10/2011 0:00,4,2,27.69794572,103.6416546,21.17760158,34,104,248.7223806
1/10/2011 1:00,1,1,16.64568625,131.131556,43.43114563,10,58,191.1097025
1/10/2011 2:00,4,3,27.30432327,130.1978994,53.47527906,1,24,123.8115918
1/10/2011 3:00,3,4,9.544525123,94.98800226,17.32237438,14,199,325.3422929
1/10/2011 4:00,3,2,34.57582004,109.5496119,16.93598142,39,26,144.6110551
1/10/2011 5:00,3,1,18.50769816,98.94067814,24.16465352,27,98,196.014578
1/10/2011 6:00,2,3,16.42047414,91.69983085,17.76407196,30,21,157.8437011
1/10/2011 7:00,4,4,22.72824681,103.803446,16.58902494,31,198,352.5301424
1/10/2011 8:00,2,2,24.59553919,124.5201226,42.05476906,33,46,127.0726615
1/10/2011 9:00,2,4,14.75302804,138.0760072,19.39746028,49,121,261.5025295
1/10/2011 10:00,1,3,,,,21,54,236.767915
1/10/2011 11:00,2,3,17.16108386,101.9858283,53.41081753,28,8,156.9096937
1/10/2011 12:00,1,1,21.97168863,134.5244464,41.19912756,7,53,212.6908613
1/10/2011 13:00,1,4,33.97721375,76.92011387,15.79959118,21,113,221.5687427
1/10/2011 14:00,2,1,32.71300674,114.3336925,39.78976774,11,63,166.8815271
1/10/2011 15:00,4,2,22.6223785,137.123249,29.70426778,22,117,274.6493062
1/10/2011 16:00,4,1,29.03632587,129.8703421,28.06432074,37,108,270.3815216
1/10/2011 17:00,4,2,18.21770193,116.805021,25.29273149,1,98,202.8729758
1/10/2011 18:00,4,3,33.01451078,127.676728,55.61454092,11,166,245.8576387
1/10/2011 19:00,4,3,13.76018018,146.8900853,47.93294213,20,82,243.4672695
1/10/2011 20:00,2,4,13.43777604,122.6707891,17.0129427,11,7,200.0971505
1/10/2011 21:00,2,2,25.76668847,139.6426766,32.56768837,44,106,209.6629136
1/10/2011 22:00,3,3,5.58592509,157.8724944,25.06204903,30,154,332.9560646
1/10/2011 23:00,4,4,29.75008241,135.0734541,60.4170751,8,196,296.8270444
1/11/2011 0:00,2,4,129.5970454,413.5704345,238.1414771,14,111,221.9006055
1/11/2011 1:00,3,1,18.12717691,71.73013354,26.86602548,31,160,306.0224336
1/11/2011 2:00,4,4,,,,42,137,249.7961323
1/11/2011 3:00,1,3,33.6695924,124.3149395,39.91771716,8,105,218.8762567
1/11/2011 4:00,3,1,27.2732046,130.1098473,34.2150813,23,143,224.6813783
1/11/2011 5:00,2,2,14.38050989,111.252324,18.50910149,7,10,138.3300365
1/11/2011 6:00,1,2,15.18533621,152.8583959,41.50695773,27,18,219.0877953
1/11/2011 7:00,1,3,25.48428236,101.8160628,26.7455988,17,191,295.9187595
1/11/2011 8:00,1,3,,,,42,51,195.0709716
1/11/2011 9:00,3,1,12.11233083,101.1010553,30.12502357,36,142,281.5774917
1/11/2011 10:00,2,1,13.21631207,108.3974651,43.35190716,35,41,212.7844577
1/11/2011 11:00,1,3,,,,36,99,254.3861314
1/11/2011 12:00,4,3,31.34381608,95.35879122,34.01097342,31,95,260.8578987
1/11/2011 13:00,1,2,38.10014534,81.1911366,44.83467047,20,82,194.089014
1/11/2011 14:00,1,2,26.43218553,110.1755687,31.93197687,38,78,236.3116974
1/11/2011 15:00,3,2,33.75816747,124.0532168,17.65836205,48,165,219.2990061
1/11/2011 16:00,3,3,15.49616759,131.560629,17.71601588,28,127,282.3856036
1/11/2011 17:00,2,4,28.20271553,158.6346805,22.12302258,17,85,172.8564911
1/11/2011 18:00,4,3,7.981402009,84.79710461,11.37781872,22,48,167.5909993
1/11/2011 19:00,3,3,28.15873945,126.2999268,47.11379592,32,76,237.80489
1/11/2011 20:00,1,2,,,,47,83,191.3932002
1/11/2011 21:00,2,3,16.78183553,155.0749131,14.76033582,8,48,196.1874151
1/11/2011 22:00,1,1,25.89405826,143.5429231,52.41724167,43,78,224.8038203
1/11/2011 23:00,1,3,30.09352385,136.0914326,44.26991552,42,198,391.1549602
1/12/2011 0:00,3,3,28.99896742,417.1783714,134.7249265,37,182,299.5046993
1/12/2011 1:00,2,3,,,,3,149,205.2349183
1/12/2011 2:00,4,3,20.82423729,99.19951983,18.09481057,15,170,291.778672
1/12/2011 3:00,4,4,16.1448361,109.027826,32.36829262,2,49,176.2878763
1/12/2011 4:00,3,3,30.62073354,127.4497633,53.98600282,7,83,217.8322207
1/12/2011 5:00,3,1,,,,15,123,211.6679842
1/12/2011 6:00,2,1,37.72477486,129.7725177,38.64677037,1,18,78.02214932
1/12/2011 7:00,4,3,9.076206094,108.1571469,57.90470468,44,90,232.4199328
1/12/2011 8:00,4,2,,,,18,71,212.3114797
1/12/2011 9:00,4,4,26.74979918,95.23634357,33.4360963,23,145,289.8202688
1/12/2011 10:00,1,3,12.18201631,94.3601241,45.09613815,15,9,179.0389581
1/12/2011 11:00,4,3,17.24494058,82.91052587,52.15437409,39,49,184.7000121
1/12/2011 12:00,1,3,32.02455252,136.3164465,39.64243346,1,48,101.5852725
1/12/2011 13:00,2,2,28.24169834,92.65446758,52.23277059,31,168,342.8606536
1/12/2011 14:00,1,2,72.0646316,540.7381245,151.7709115,0,98,211.8450121
1/12/2011 15:00,2,2,21.85290124,94.4428533,51.68983944,48,142,306.4832795
1/12/2011 16:00,4,4,8.6862605,105.9452362,58.87018052,17,119,267.0588408
1/12/2011 17:00,4,1,14.19918399,152.9409006,34.81196119,38,22,205.9839209
1/12/2011 18:00,2,4,24.36265257,121.1919384,40.8879542,31,75,213.4124952
1/12/2011 19:00,3,2,6.730683699,91.12403848,38.6409073,8,112,263.4281225
1/12/2011 20:00,2,1,36.19807666,102.098324,48.50274835,2,26,152.7241375
1/12/2011 21:00,3,1,,,,23,5,116.5210512
1/12/2011 22:00,1,2,,,,10,23,134.2198394
1/12/2011 23:00,1,2,124.215599,432.8669081,193.5196666,27,85,238.7477821
1/13/2011 0:00,1,4,35.42676905,115.0601206,48.51648688,15,136,238.0091836
1/13/2011 1:00,4,2,22.05507875,107.8126945,45.81443064,28,189,351.896162
1/13/2011 2:00,1,1,,,,40,66,219.0763536
1/13/2011 3:00,3,3,34.99585921,134.582698,12.88486339,11,69,199.8078526
1/13/2011 4:00,1,2,24.75882238,130.6840707,33.33890059,45,77,273.6029192
1/13/2011 5:00,2,2,9.302446341,97.93307532,51.85218457,3,41,163.1132171
1/13/2011 6:00,2,4,29.11296281,121.3089,56.28398275,25,59,194.5870148
1/13/2011 7:00,4,4,32.46880178,141.1956119,19.27222993,3,82,190.9954509
1/13/2011 8:00,2,2,,,,10,175,289.4618389
1/13/2011 9:00,3,1,24.83059657,86.06602025,50.02146734,1,183,301.8989686
1/13/2011 10:00,1,1,28.4774092,97.11391792,46.56781591,30,86,265.4581143
1/13/2011 11:00,4,3,37.6866295,138.7748507,40.30943495,49,132,271.2335713
1/13/2011 12:00,1,2,7.785068082,96.06600377,12.28964284,2,107,196.9915764
1/13/2011 13:00,1,4,,,,24,181,352.1949159
1/13/2011 14:00,3,1,16.72901616,149.0003598,49.05252881,33,165,289.6877366
1/13/2011 15:00,2,3,27.16085404,92.70927072,46.28167641,0,146,261.1834135
1/13/2011 16:00,2,2,24.9339943,107.5951423,47.85582752,4,196,290.9750635
1/13/2011 17:00,1,1,,,,38,70,166.3728707
1/13/2011 18:00,4,2,,,,30,23,167.7325743
1/13/2011 19:00,2,2,24.22970315,99.23840007,48.1657247,35,104,281.2692665
1/13/2011 20:00,4,1,,,,2,79,187.9809923
1/13/2011 21:00,2,1,14.32982332,128.9308498,57.25274026,37,137,238.4212862
1/13/2011 22:00,4,1,31.40452667,107.9554105,56.24840529,11,148,271.1715629
1/13/2011 23:00,3,2,18.79312265,110.2931807,50.52194074,15,142,243.2493031
1/14/2011 0:00,4,2,23.08208092,97.29295029,37.79375804,7,63,100.3710886
1/14/2011 1:00,3,3,36.65394617,125.0991212,34.06096745,10,140,256.5581228
1/14/2011 2:00,3,4,16.22356259,115.6919856,25.58008562,44,70,238.5435507
1/14/2011 3:00,4,2,18.54029013,141.0056736,21.31826178,13,167,324.3725766
1/14/2011 4:00,3,4,26.36786526,111.4483734,36.22167573,26,135,322.7754388
1/14/2011 5:00,1,1,28.85910208,115.7935296,38.56262342,17,104,249.6262483
1/14/2011 6:00,3,2,34.52364396,115.6437356,21.86297877,7,165,309.1335785
1/14/2011 7:00,2,3,,,,32,51,153.617968
1/14/2011 8:00,4,3,30.33065268,111.7502556,36.904767,3,1,161.8380778
1/14/2011 9:00,1,4,14.88264864,94.12910878,37.79765975,48,149,344.2324784
1/14/2011 10:00,4,1,,,,29,118,245.2265745
1/14/2011 11:00,2,4,,,,19,117,265.7182058
1/14/2011 12:00,2,1,9.097317629,127.8756906,54.71622724,29,3,158.7288075
1/14/2011 13:00,2,3,111.7224081,446.449285,105.7881205,26,51,230.4315241
1/14/2011 14:00,3,4,,,,24,110,238.8202393
1/14/2011 15:00,3,3,9.779690011,103.5666786,39.60022589,5,6,97.99484398
1/14/2011 16:00,4,3,33.23027375,80.88904072,38.25944137,4,0,98.7102195
1/14/2011 17:00,4,1,15.60439401,146.0728758,35.59859483,13,82,231.3423944
1/14/2011 18:00,1,4,19.83887768,91.5125022,19.50243198,13,185,249.8707438
1/14/2011 19:00,1,4,25.14453009,132.8113235,23.17690824,33,189,241.582991
1/14/2011 20:00,4,3,19.93631493,85.51351274,35.96309153,40,93,269.3509993
1/14/2011 21:00,3,3,,,,24,113,254.7960247
1/14/2011 22:00,2,1,,,,38,193,341.1340894
1/14/2011 23:00,4,2,18.66758816,116.19764,18.5897046,17,54,141.4421158
1/15/2011 0:00,1,2,28.22637296,127.6507113,13.37409146,19,116,193.3401438
1/15/2011 1:00,3,3,33.75025945,81.20118846,44.27286257,42,12,144.6292832
1/15/2011 2:00,4,2,87.50005108,395.3113058,132.6029309,7,27,154.5443244
1/15/2011 3:00,4,2,18.52690766,136.4164432,16.54888944,25,13,130.1491125
1/15/2011 4:00,3,2,,,,20,130,286.7530991
1/15/2011 5:00,4,2,35.72305423,147.5764351,19.75249109,26,15,122.1566188
1/15/2011 6:00,3,3,,,,31,88,213.2263496
1/15/2011 7:00,2,2,19.1531139,153.8981325,24.85007689,41,173,344.9310329
1/15/2011 8:00,3,2,29.91058287,149.3028378,54.96809588,49,110,257.5558469
1/15/2011 9:00,3,1,25.73241794,98.37915225,21.56362845,16,120,236.0710915
1/15/2011 10:00,3,3,7.407807298,153.9250237,30.94943923,48,130,268.6152263
1/15/2011 11:00,4,4,,,,0,97,182.079944
1/15/2011 12:00,4,4,11.15840139,142.4845059,27.40814154,26,130,276.6017698
1/15/2011 13:00,3,1,21.88405146,78.12014261,42.73579665,35,168,327.5159177
1/15/2011 14:00,4,1,23.49841616,145.7921641,26.43014642,10,156,282.8474583
1/15/2011 15:00,1,3,36.25296806,138.4846155,14.94038473,40,167,298.57577
1/15/2011 16:00,1,4,22.6032288,138.3109674,41.27581299,40,18,162.0447907
1/15/2011 17:00,4,2,15.08368574,83.23493651,56.32393252,34,147,338.9958575
1/15/2011 18:00,4,1,13.92118296,93.61849236,32.67875737,37,20,124.5135756
1/15/2011 19:00,3,4,,,,37,147,350.7510748
1/15/2011 20:00,2,3,12.13349223,114.4032927,40.13101284,41,91,245.1941879
1/15/2011 21:00,4,2,,,,41,46,191.8270535
1/15/2011 22:00,1,3,13.31725603,149.8419444,41.26787217,48,90,276.8604447
1/15/2011 23:00,3,1,,,,46,43,137.2693584
1/16/2011 0:00,4,4,22.33180961,110.6216661,29.71672859,35,113,299.7251702
1/16/2011 1:00,1,4,20.66424222,105.78437,30.71112359,9,88,263.0755968
1/16/2011 2:00,1,4,17.68689121,110.4000835,53.72982216,39,1,183.0112436
1/16/2011 3:00,2,4,33.45348138,99.57155098,26.66236442,0,170,217.3317286
1/16/2011 4:00,3,2,25.07599165,99.48388388,42.12662096,21,184,338.3535522
1/16/2011 5:00,3,2,27.82890776,89.58610663,21.46677698,16,87,262.8367002
1/16/2011 6:00,2,3,,,,11,146,313.7674288
1/16/2011 7:00,2,2,34.17782148,153.2547759,41.10860263,43,89,200.270506
1/16/2011 8:00,3,1,17.16363182,115.5114997,47.11084066,12,191,344.0321031
1/16/2011 9:00,3,1,34.13790229,103.2842701,32.26834747,24,173,361.4367214
1/16/2011 10:00,4,4,,,,25,168,304.4817885
1/16/2011 11:00,4,1,19.43120081,142.811639,56.52326098,45,66,178.0449844
1/16/2011 12:00,2,3,36.90313156,151.8145065,16.78527653,39,90,264.5137995
1/16/2011 13:00,4,2,17.29502541,99.02315783,44.78903509,45,13,200.2981578
1/16/2011 14:00,1,2,19.63848737,96.94016234,45.84961055,38,147,291.5343673
1/16/2011 15:00,4,2,14.69306531,121.6947656,43.69198853,48,34,157.0170985
1/16/2011 16:00,4,1,27.26803898,138.2502641,56.90326842,42,152,334.223151
1/16/2011 17:00,1,2,20.67571827,106.0704705,45.46680307,32,127,246.7309053
1/16/2011 18:00,2,4,33.34427595,128.4853792,22.94318951,7,131,260.7437522
1/16/2011 19:00,1,4,,,,12,56,225.5965166
1/16/2011 20:00,4,4,25.7264959,154.7824612,28.99170646,25,1,87.11575501
1/16/2011 21:00,2,1,12.11278796,93.78966279,12.31786494,16,65,219.1407862
1/16/2011 22:00,4,2,30.91941473,161.8244308,55.90547076,23,88,215.73857
1/16/2011 23:00,1,1,14.07132835,114.1309627,13.69851067,23,110,238.5445934
1/17/2011 0:00,1,2,10.18020454,143.8061031,42.85764422,11,86,223.4218424
1/17/2011 1:00,4,3,10.20488818,119.9062918,47.65712266,30,148,265.8789821
1/17/2011 2:00,3,3,24.79324257,111.9667719,52.29007925,15,88,178.798079
1/17/2011 3:00,3,1,14.37770157,136.4134079,37.42634331,41,90,188.5509563
1/17/2011 4:00,1,4,13.2818361,111.8642964,47.26754389,15,51,214.0578234
1/17/2011 5:00,1,1,15.07280891,90.64822515,26.26197568,29,117,245.9829155
1/17/2011 6:00,3,4,13.88541393,125.2531421,48.30842575,27,142,297.2594287
1/17/2011 7:00,3,2,,,,2,173,271.6383857
1/17/2011 8:00,4,4,29.10302873,95.01126823,54.00906717,32,114,222.3646606
1/17/2011 9:00,4,4,146.4601964,527.9157726,78.23613975,23,30,183.8149781
1/17/2011 10:00,3,2,17.48362427,105.6408377,24.29619102,29,61,211.1125973
1/17/2011 11:00,4,3,,,,39,33,176.1948621
1/17/2011 12:00,4,2,32.80972084,87.64689007,48.68794025,47,35,202.3868314
1/17/2011 13:00,2,1,10.22935646,117.9410857,46.24840163,27,120,229.5435219
1/17/2011 14:00,4,1,33.43815307,98.21721898,19.1767609,46,103,292.204157
1/17/2011 15:00,1,1,15.74848567,112.3413739,15.80036657,38,43,231.1861044
1/17/2011 16:00,4,1,,,,1,190,325.2215
1/17/2011 17:00,4,1,16.3653413,74.35329441,34.05025809,12,76,188.310884
1/17/2011 18:00,3,3,,,,36,17,166.2789506
1/17/2011 19:00,1,3,28.60928778,137.9507953,30.96886716,9,44,211.5917264
1/17/2011 20:00,4,4,24.04081212,107.8711049,41.64672139,39,107,295.9897018
1/17/2011 21:00,4,1,18.10225862,85.37919716,31.83329079,12,166,349.3988665
1/17/2011 22:00,2,2,21.79693283,152.102565,57.12872631,18,25,131.1953028
1/17/2011 23:00,4,1,28.96302887,99.73403634,22.53424605,5,111,201.5325707
1/18/2011 0:00,4,3,8.84399248,142.6030909,39.94386517,17,100,232.6981147
1/18/2011 1:00,2,1,8.707891485,109.1576259,40.13114604,39,74,236.9019418
1/18/2011 2:00,3,3,22.50785539,100.2452586,23.52589787,8,95,210.4544532
1/18/2011 3:00,4,4,39.31818581,482.3798786,126.4455219,16,23,139.0606506
1/18/2011 4:00,2,4,24.21761859,145.7146939,28.29628709,3,116,268.8010902
1/18/2011 5:00,1,4,16.33681005,104.5094815,19.27064847,49,185,343.0853193
1/18/2011 6:00,3,3,21.02169312,110.7877398,33.23332946,5,104,184.3789829
1/18/2011 7:00,1,1,11.80569992,111.9444959,27.32681051,10,177,265.8726923
1/18/2011 8:00,1,1,26.93058404,147.3106663,19.76762929,41,199,359.3033302
1/18/2011 9:00,2,2,11.09523568,121.6839153,31.40981668,25,38,264.9990066
1/18/2011 10:00,4,3,10.43808629,92.01413225,29.8382433,10,199,291.6691473
1/18/2011 11:00,2,2,,,,7,110,219.5292612
1/18/2011 12:00,2,4,40.15219642,94.39670454,16.71604834,2,158,344.1476461
1/18/2011 13:00,2,1,,,,1,82,180.5030966
1/18/2011 14:00,2,3,28.16397772,93.19168573,44.64369615,17,163,305.7233553
1/18/2011 15:00,3,2,11.40064944,124.2775857,56.52066559,1,166,335.3648594
1/18/2011 16:00,4,2,11.95386015,85.91022801,15.61753371,25,20,128.5711808
1/18/2011 17:00,1,2,110.3742951,370.3467036,64.69770425,11,22,135.8657341
1/18/2011 18:00,1,1,19.45446034,123.0583985,11.47162859,36,53,186.6405583
1/18/2011 19:00,4,1,37.36200847,94.04629598,35.50110468,25,163,254.6626668
1/18/2011 20:00,1,1,37.91235199,81.78900558,40.73729886,35,142,336.3084935
1/18/2011 21:00,4,3,27.3236207,79.57106018,30.26533435,15,129,238.6933682
1/18/2011 22:00,1,1,23.15017849,91.98400789,50.23074834,13,75,173.9961073
1/18/2011 23:00,2,3,,,,1,69,168.9784361
1/19/2011 0:00,1,2,76.45442471,466.6978571,239.6458346,20,165,325.2043659
1/19/2011 1:00,4,2,37.31856264,78.59300689,16.31069248,6,64,185.7541967
1/19/2011 2:00,4,4,123.9902074,398.1257496,55.48988274,10,49,147.6453642
1/19/2011 3:00,4,1,25.00285197,103.1974917,22.43711082,43,116,283.6978074
1/19/2011 4:00,4,2,,,,28,86,250.8291075
1/19/2011 5:00,4,1,,,,36,0,147.7662793
1/19/2011 6:00,3,3,,,,47,20,172.4643353
1/19/2011 7:00,3,2,,,,38,56,237.0113833
1/19/2011 8:00,1,1,21.5607395,89.2256529,25.32839023,27,146,280.1874856
1/19/2011 9:00,4,2,10.89280585,140.3229083,20.80675311,39,28,227.8367219
1/19/2011 10:00,1,2,28.49889704,143.9774375,17.98378338,3,177,269.88986
1/19/2011 11:00,4,1,8.181126214,150.8261071,27.17619393,3,33,125.2194275
1/19/2011 12:00,4,2,29.9460115,84.04166928,43.17183748,26,80,191.5608491
1/19/2011 13:00,3,2,,,,5,53,163.5372757
1/19/2011 14:00,3,2,34.87931289,138.2964083,37.68433729,33,31,176.8057038
1/19/2011 15:00,2,2,27.56193849,158.9270587,35.55467067,40,131,243.989413
1/19/2011 16:00,3,3,11.46954505,90.77698081,9.714887098,39,29,183.6891125
1/19/2011 17:00,2,2,22.41443182,132.1863138,52.00996438,17,94,240.7749199
1/19/2011 18:00,2,4,,,,43,145,256.8774432
1/19/2011 19:00,2,2,,,,47,68,212.2349384
1/19/2011 20:00,2,1,31.38814155,122.6976221,37.87734311,29,28,186.9225401
1/19/2011 21:00,2,4,,,,32,139,251.2432729
1/19/2011 22:00,1,3,18.49023063,146.4405834,32.77880975,19,14,136.4743737
1/19/2011 23:00,3,4,11.11057502,104.4016157,57.15479073,35,78,258.6271105
1/20/2011 0:00,2,4,18.87783392,117.4548725,25.84029849,45,52,263.8649561
1/20/2011 1:00,4,4,31.68698308,87.36310648,22.71769558,49,162,337.234795
1/20/2011 2:00,3,1,17.39574133,111.7490295,15.02455544,4,179,290.9876011
1/20/2011 3:00,3,1,146.5505319,375.8227693,161.8192172,34,180,312.0511158
1/20/2011 4:00,2,1,39.94363203,91.15678406,13.92776675,18,141,299.4435318
1/20/2011 5:00,1,3,12.05027847,156.170677,47.40637746,11,102,260.1509488
1/20/2011 6:00,2,1,11.55586907,96.67848508,55.79712533,25,145,248.4835265
1/20/2011 7:00,1,1,33.94884776,130.0428337,55.85421426,18,165,323.5172442
1/20/2011 8:00,4,4,19.2017988,142.4430661,15.32205181,10,85,190.0208855
1/20/2011 9:00,3,1,7.340081787,153.6085787,36.24378642,19,165,271.4734317
1/20/2011 10:00,4,2,,,,8,54,170.6786048
1/20/2011 11:00,1,1,,,,19,138,300.0641498
1/20/2011 12:00,1,3,132.729239,529.2575642,205.2519353,26,66,214.6257294
1/20/2011 13:00,4,3,10.52263999,107.2649442,36.85128856,4,52,177.8413323
1/20/2011 14:00,1,2,10.44973472,152.0964357,51.81311946,9,171,303.9724402
1/20/2011 15:00,4,3,30.74155654,137.9267115,49.07393545,8,152,287.4567349
1/20/2011 16:00,3,3,27.19057661,137.4889984,24.21453136,24,189,323.0302571
1/20/2011 17:00,4,4,28.12026623,86.35088037,39.91161167,12,141,285.4392514
1/20/2011 18:00,3,2,34.07201119,131.3738985,11.96187759,31,46,170.7199129
1/20/2011 19:00,4,4,87.13122652,506.9365402,126.6920304,7,94,234.0683942
1/20/2011 20:00,1,4,31.61630311,142.7623504,21.21792043,44,88,271.2755064
1/20/2011 21:00,4,1,19.49124485,80.93367833,55.88445396,26,182,342.5678206
1/20/2011 22:00,1,2,21.20206061,152.169586,30.28281807,21,139,296.1523599
1/20/2011 23:00,4,1,31.83900237,84.90529623,41.06262883,27,6,160.5952319
1/21/2011 0:00,4,1,20.06956999,125.0999179,44.40715968,17,176,341.8803133
1/21/2011 1:00,2,4,35.26987602,142.2850688,48.009177,22,141,208.556371
1/21/2011 2:00,1,3,,,,40,156,335.3449173
1/21/2011 3:00,2,2,35.80898488,88.36484675,24.36135397,30,174,377.0240138
1/21/2011 4:00,1,3,34.23490509,137.2385736,43.49139104,40,141,276.1311687
1/21/2011 5:00,2,4,,,,33,178,302.8038775
1/21/2011 6:00,3,4,,,,6,141,299.4330793
1/21/2011 7:00,4,4,18.60115199,138.0597041,8.705474641,4,86,176.0690598
1/21/2011 8:00,1,4,38.68407656,140.721333,23.19957124,20,135,248.8972371
1/21/2011 9:00,1,4,23.04861717,116.9391285,55.1704848,5,76,200.0251439
1/21/2011 10:00,4,4,30.10493581,91.23083935,23.10100704,44,99,232.9858692
1/21/2011 11:00,1,3,24.76631188,84.48845527,31.82387599,49,107,296.2328531
1/21/2011 12:00,1,1,14.78670179,137.390663,18.07619068,34,64,188.2857622
1/21/2011 13:00,2,3,12.06493742,122.7160507,16.59581938,41,36,201.8565295
1/21/2011 14:00,1,2,23.61929368,132.8933744,19.52823616,22,195,339.5997015
1/21/2011 15:00,3,3,,,,2,15,181.0095637
1/21/2011 16:00,3,4,23.89962982,106.0637452,53.64416034,32,147,328.0796666
1/21/2011 17:00,4,3,28.10898166,81.34450713,26.245213,37,194,329.2624688
1/21/2011 18:00,1,1,14.55395846,152.6897422,24.71764237,22,111,209.2412026
1/21/2011 19:00,4,2,84.68199427,436.6648402,155.5437408,15,198,352.3427151
1/21/2011 20:00,3,3,11.02861912,132.0137055,27.1210877,24,31,149.6295951
1/21/2011 21:00,1,1,36.20063041,157.0119125,55.10586226,48,196,348.1886835
1/21/2011 22:00,1,3,34.76019414,156.1276529,28.53187107,15,84,181.4918157
1/21/2011 23:00,4,2,21.19879896,122.9571679,34.50434923,24,157,315.6846604
1/22/2011 0:00,3,3,6.897105602,95.51191137,35.73213461,41,147,282.9471602
1/22/2011 1:00,1,4,11.98966927,160.4521158,50.13176172,6,185,304.3183495
1/22/2011 2:00,4,3,26.27466052,135.7341917,36.14083492,7,28,148.8121499
1/22/2011 3:00,3,1,24.51699421,99.38226994,21.52081201,2,151,272.9316974
1/22/2011 4:00,4,3,31.62754542,119.2898156,16.82280066,4,128,266.3016659
1/22/2011 5:00,2,1,13.85412739,108.502811,57.15250719,18,26,151.195527
1/22/2011 6:00,1,2,31.35246576,150.3564073,48.89006242,6,20,118.2649331
1/22/2011 7:00,2,3,123.438312,407.7509269,41.62745957,49,144,251.7490391
1/22/2011 8:00,3,2,17.11470209,144.4271217,49.85642738,21,91,229.6418798
1/22/2011 9:00,2,2,22.46299244,144.9116846,39.91160614,25,159,293.8806276
1/22/2011 10:00,2,3,11.19009772,143.9251738,34.98161177,49,171,313.304017
1/22/2011 11:00,3,1,23.01994247,132.9855086,10.64581398,24,113,253.5223739
1/22/2011 12:00,4,2,35.37651305,143.9991108,49.0841461,5,97,242.3528736
1/22/2011 13:00,2,2,18.62508587,104.3992538,22.04739037,4,21,173.0576243
1/22/2011 14:00,4,3,33.33437767,89.90747639,46.49139877,37,41,146.6744428
1/22/2011 15:00,2,3,,,,37,120,260.9303049
1/22/2011 16:00,4,3,10.37793296,114.8671408,48.1362937,21,189,353.614474
1/22/2011 17:00,3,3,26.47897766,96.6799723,10.64973709,30,47,239.6925174
1/22/2011 18:00,2,3,21.82252252,86.56030288,21.44564821,21,135,246.3209406
1/22/2011 19:00,3,4,21.07447915,99.31077357,20.97317718,10,129,295.216097
1/22/2011 20:00,2,3,10.04227429,135.8057419,16.93916361,31,132,237.3910745
1/22/2011 21:00,3,1,16.8745382,125.6900183,34.11950979,16,27,192.3700489
1/22/2011 22:00,3,2,6.91472632,97.29042271,23.41893946,40,131,277.496366
1/22/2011 23:00,2,1,11.05148889,147.9786825,60.39905522,21,52,234.861293
1/23/2011 0:00,2,1,21.00027081,101.6744464,37.21120969,15,99,215.0831925
1/23/2011 1:00,2,4,15.35769836,139.2478324,38.76558207,41,128,274.7349362
1/23/2011 2:00,1,3,37.05902133,117.9626481,21.72172052,14,78,203.0574032
1/23/2011 3:00,4,2,15.96430009,135.0157233,31.1534572,7,133,208.9751964
1/23/2011 4:00,1,1,30.63068341,108.0667812,14.40023269,45,87,194.2400349
1/23/2011 5:00,1,3,21.5163124,111.0631957,48.20976863,47,182,359.4463498
1/23/2011 6:00,3,3,27.85017336,147.3326229,25.65558689,2,51,197.8230983
1/23/2011 7:00,2,4,15.93414268,84.98779296,45.95732216,12,76,221.4240518
1/23/2011 8:00,4,4,,,,29,23,129.6049521
1/23/2011 9:00,3,4,,,,27,189,345.6573715
1/23/2011 10:00,1,2,35.00842418,108.000103,19.24157631,8,183,276.5730736
1/23/2011 11:00,2,1,,,,11,92,230.5362526
1/23/2011 12:00,3,4,12.74821318,72.41491408,38.34661427,24,151,324.2731191
1/23/2011 13:00,2,4,26.02290891,117.385858,56.68395149,36,107,269.3856187
1/23/2011 14:00,3,4,40.64805575,567.2809363,171.5389798,20,19,198.4450933
1/23/2011 15:00,2,1,25.22644411,100.8882889,13.97399104,38,33,181.9169102
1/23/2011 16:00,1,1,8.925508457,135.703003,37.78188378,38,14,160.9445076
1/23/2011 17:00,4,4,25.3204965,115.8212288,55.91539556,18,50,185.491974
1/23/2011 18:00,1,4,38.6339198,120.6003833,10.13511134,7,126,208.2196452
1/23/2011 19:00,4,3,21.62917227,95.42160485,17.84217509,37,3,143.4377829
1/23/2011 20:00,2,4,,,,2,52,160.0997524
1/23/2011 21:00,3,2,22.13826455,151.7171872,55.74302593,21,141,269.0611763
1/23/2011 22:00,1,2,23.17489888,94.04933017,44.66303152,0,192,315.6573315
1/23/2011 23:00,4,4,35.72584818,136.6829279,60.88406659,37,160,268.2261397
1/24/2011 0:00,1,1,37.16824908,127.3040887,14.45443229,18,123,222.2950052
1/24/2011 1:00,4,3,32.2170079,124.7056536,39.05270227,20,49,218.652919
1/24/2011 2:00,1,1,17.70885175,128.5432873,44.60283307,12,62,129.5007854
1/24/2011 3:00,4,4,23.67537166,116.0592323,43.44358381,26,49,209.23676
1/24/2011 4:00,4,2,13.89939126,78.09389405,48.80027828,16,92,212.5662281
1/24/2011 5:00,2,3,20.6149644,153.6271225,55.45464754,49,73,242.6040783
1/24/2011 6:00,4,1,23.48446107,138.7298678,26.94908677,19,163,344.5707475
1/24/2011 7:00,2,1,,,,29,85,225.9196751
1/24/2011 8:00,4,4,,,,37,96,267.6441684
1/24/2011 9:00,3,3,24.77278008,145.3137208,43.32584293,10,198,325.6669015
1/24/2011 10:00,3,2,10.45969967,162.7678181,20.64661443,26,99,237.6559662
1/24/2011 11:00,3,4,,,,37,177,322.969346
1/24/2011 12:00,4,3,15.83081849,148.6372681,22.66761372,27,168,332.0237037
1/24/2011 13:00,2,1,,,,25,97,216.0712402
1/24/2011 14:00,2,4,4.883077688,143.7243405,34.31876918,38,197,317.0859381
1/24/2011 15:00,4,1,18.18862059,144.7617133,44.4250437,32,154,304.3082153
1/24/2011 16:00,3,1,34.05867475,122.027055,27.27359725,31,29,181.8848131
1/24/2011 17:00,3,4,10.54269594,114.2847182,46.91223562,24,159,244.4038696
1/24/2011 18:00,2,4,20.9780229,126.0699983,32.43483328,23,21,159.8413078
1/24/2011 19:00,3,4,20.79952292,136.3454371,18.17748874,39,68,186.3769339
1/24/2011 20:00,1,4,36.04596413,96.88711233,13.06620529,26,148,309.0158401
1/24/2011 21:00,2,4,33.88936832,79.67385215,46.92970585,45,55,162.1273012
1/24/2011 22:00,3,1,17.04183946,94.00126579,29.45367434,21,83,278.0174164
1/24/2011 23:00,2,2,6.276215511,117.1729894,55.11300109,19,158,283.1464781
1/25/2011 0:00,1,2,27.54517199,99.46511855,36.90080709,32,100,222.3708559
1/25/2011 1:00,2,4,19.90112893,133.4182298,27.6192677,4,186,297.8578189
1/25/2011 2:00,2,1,25.47768062,104.8033653,25.74542474,28,197,358.0623913
1/25/2011 3:00,2,2,50.02263941,548.9314091,67.63056792,4,94,241.1156356
1/25/2011 4:00,2,2,12.96275179,149.8585825,38.96226437,45,170,323.1994556
1/25/2011 5:00,1,2,28.05063444,153.1403031,39.33873872,38,181,292.2953389
1/25/2011 6:00,4,1,15.93222419,137.8463384,48.98030613,16,145,241.1143883
1/25/2011 7:00,2,4,38.57349528,89.07997322,19.17483394,28,182,335.1021788
1/25/2011 8:00,2,4,10.43129007,121.4074091,25.92145306,10,28,184.1576017
1/25/2011 9:00,3,4,15.26944562,89.82627096,15.80853865,21,123,294.0892798
1/25/2011 10:00,2,3,37.35972844,153.1617985,21.19110841,30,188,339.6350285
1/25/2011 11:00,3,3,19.61420619,105.8034658,32.28247302,38,50,233.6384616
1/25/2011 12:00,4,3,31.08001014,124.4960066,57.8410989,0,75,249.0171691
1/25/2011 13:00,1,1,12.10261332,149.4738376,41.65560717,14,11,177.3843362
1/25/2011 14:00,1,2,26.7833548,159.5262623,47.84565124,18,92,254.3622487
1/25/2011 15:00,4,2,,,,9,188,289.5315974
1/25/2011 16:00,1,1,18.73906135,127.6196258,16.26095881,8,70,223.6340971
1/25/2011 17:00,4,1,33.89386393,111.2201578,21.4227942,12,143,285.6196729
1/25/2011 18:00,4,4,28.5370565,128.5915461,21.17435758,44,127,307.3292519
1/25/2011 19:00,4,4,19.01737959,89.313852,37.82760599,25,11,190.6702503
1/25/2011 20:00,1,3,24.56309717,148.955427,27.10040732,5,61,193.6209706
1/25/2011 21:00,3,3,23.72075313,121.2339938,52.62612936,39,195,347.8150129
1/25/2011 22:00,4,1,12.46512645,80.39714274,59.69091986,43,105,232.8225906
1/25/2011 23:00,2,3,92.09618514,552.9090441,110.1660387,1,59,168.0502317
1/26/2011 0:00,1,2,20.20855162,107.4099114,43.64642775,28,80,231.35844
1/26/2011 1:00,4,1,18.58567276,144.1833771,43.06656749,47,27,199.3285972
1/26/2011 2:00,4,1,32.97464313,145.6310396,18.4164552,11,63,198.3434454
1/26/2011 3:00,2,2,25.60213375,151.5300901,56.24677514,22,94,261.839586
1/26/2011 4:00,3,4,,,,49,71,263.0423592
1/26/2011 5:00,3,4,20.98529974,100.9374651,45.86071222,2,109,226.2458933
1/26/2011 6:00,3,2,19.34955305,151.4541081,26.71580886,49,177,317.717794
1/26/2011 7:00,4,2,29.55324423,158.7072434,28.72061539,10,25,163.6635063
1/26/2011 8:00,4,3,21.26053419,123.2768111,32.64121636,4,167,355.5799999
1/26/2011 9:00,4,1,27.84548321,115.2426689,52.9442274,44,109,279.8542562
1/26/2011 10:00,1,3,11.35754465,91.97901632,18.58890026,9,182,299.3663481
1/26/2011 11:00,2,2,20.30306161,154.5135273,10.58525214,46,111,290.3462393
1/26/2011 12:00,4,3,17.13958465,96.22362609,28.75285993,5,158,298.1703248
1/26/2011 13:00,2,2,36.19408461,93.49502133,11.3890498,15,125,274.8648315
1/26/2011 14:00,2,3,,,,30,70,258.5387901
1/26/2011 15:00,3,3,35.2643322,101.9592186,46.98871549,22,112,262.9622379
1/26/2011 16:00,1,4,28.99009126,158.502911,53.11500019,29,4,190.1688754
1/26/2011 17:00,4,2,87.51605618,315.3434594,190.2769843,39,140,303.3405851
1/26/2011 18:00,3,3,,,,19,145,326.8355573
1/26/2011 19:00,3,1,34.16529825,121.5059076,45.38165488,24,81,258.6897069
1/26/2011 20:00,4,3,33.42198847,125.046131,55.68667391,34,118,297.1686693
1/26/2011 21:00,2,3,14.26128011,91.83672927,18.88048898,4,49,194.2172891
1/26/2011 22:00,3,1,,,,46,127,359.6142715
1/26/2011 23:00,2,2,21.26999201,118.7950015,57.70524305,2,83,234.8942872
1/27/2011 0:00,1,4,12.97092767,156.8457431,43.30413424,46,112,250.1432619
1/27/2011 1:00,2,4,25.45752439,81.80021644,54.69494299,33,163,321.0267953
1/27/2011 2:00,1,4,32.19614626,155.3642769,10.75202209,11,112,232.7352764
1/27/2011 3:00,2,1,19.73918103,123.5996224,51.15052282,26,114,319.6380639
1/27/2011 4:00,3,3,,,,4,103,262.2738901
1/27/2011 5:00,3,2,,,,40,179,397.7162771
1/27/2011 6:00,1,3,16.44201544,122.1716096,11.82240863,21,32,147.9848877
1/27/2011 7:00,4,4,,,,3,191,344.8619351
1/27/2011 8:00,1,3,,,,27,198,301.9027905
1/27/2011 9:00,1,1,33.35936173,98.91094051,42.30664859,6,68,144.1016493
1/27/2011 10:00,2,1,117.7438771,501.3998592,226.638475,47,95,247.9838888
1/27/2011 11:00,2,2,5.81419069,110.4884084,31.27508187,44,157,364.2907743
1/27/2011 12:00,1,2,16.72563349,80.89412558,57.44376106,33,95,216.1680104
1/27/2011 13:00,3,4,,,,1,67,185.4690417
1/27/2011 14:00,2,2,23.13014352,140.0016208,20.35648995,8,21,182.6656126
1/27/2011 15:00,4,3,28.70529247,88.9976648,17.30961012,14,58,215.4196449
1/27/2011 16:00,2,1,,,,30,7,221.5397649
1/27/2011 17:00,2,1,37.10425885,129.0786003,25.40484074,35,193,346.1822388
1/27/2011 18:00,4,1,24.77241419,159.8951981,19.47272091,48,36,188.8590981
1/27/2011 19:00,1,2,26.32069087,87.98040747,8.616140669,40,98,223.3004514
1/27/2011 20:00,4,1,37.28086932,154.296186,24.35074069,14,55,176.121779
1/27/2011 21:00,1,1,10.60228577,134.4347971,54.49409417,32,188,305.0806958
1/27/2011 22:00,1,1,30.28933587,123.1781671,37.51074318,30,85,179.3221874
1/27/2011 23:00,1,4,12.31989446,114.3130774,42.66342469,26,64,267.1441984
1/28/2011 0:00,4,4,19.98198896,87.70829547,55.63689227,1,102,222.7364941
1/28/2011 1:00,1,2,,,,8,169,373.0401592
1/28/2011 2:00,3,1,39.55251419,140.2996105,53.32704235,42,111,246.1443569
1/28/2011 3:00,4,2,,,,0,96,201.4856026
1/28/2011 4:00,3,1,25.95756373,85.8356838,57.44361673,18,176,289.1156352
1/28/2011 5:00,1,1,27.70765701,91.95146758,13.20452056,8,67,174.1808622
1/28/2011 6:00,2,1,38.81279492,126.601147,44.58327958,1,136,281.6384889
1/28/2011 7:00,1,2,12.45987744,135.7477101,43.04867775,36,135,306.4469219
1/28/2011 8:00,3,2,33.02466319,122.437395,20.29025097,48,57,249.7463058
1/28/2011 9:00,3,1,23.09391723,110.2150605,28.96368553,0,105,263.7789848
1/28/2011 10:00,4,3,22.62369849,124.593052,23.66269769,45,53,249.7582962
1/28/2011 11:00,2,2,21.14416848,128.9199514,15.38423775,11,84,183.3097542
1/28/2011 12:00,4,4,,,,25,47,174.8766851
1/28/2011 13:00,3,2,35.97988837,96.35092345,57.77448584,9,181,312.2625155
1/28/2011 14:00,1,1,25.11345632,92.69652175,37.44102676,46,104,380.4798147
1/28/2011 15:00,2,3,36.24746869,148.475301,37.15007338,0,155,296.8435954
1/28/2011 16:00,1,1,12.72398079,145.5043081,12.07945708,0,100,221.8990261
1/28/2011 17:00,1,4,30.6778857,160.4738613,16.52998992,42,193,373.9233679
1/28/2011 18:00,2,2,32.61042244,111.3011855,37.05509159,30,109,239.6584627
1/28/2011 19:00,4,2,32.13371323,157.2210248,58.95913297,10,80,216.6514016
1/28/2011 20:00,1,1,,,,4,127,278.4452475
1/28/2011 21:00,3,1,27.88943797,120.0919494,27.42874818,34,158,309.9622508
1/28/2011 22:00,1,4,37.09394128,101.2384558,35.48783205,10,140,246.1622568
1/28/2011 23:00,2,3,29.2803358,130.332225,37.09988593,3,58,177.5493597
1/29/2011 0:00,2,4,11.76708518,154.2690322,46.02184602,37,81,227.3250036
1/29/2011 1:00,2,3,33.50492148,94.60308877,43.5130822,49,158,285.2251935
1/29/2011 2:00,4,2,18.39812141,96.26537013,48.44171854,38,32,171.8191592
1/29/2011 3:00,1,3,14.85285175,131.3807426,11.04581911,20,117,214.208042
1/29/2011 4:00,4,3,141.7765084,552.9315358,231.5970798,35,52,168.9152742
1/29/2011 5:00,4,2,25.27370286,149.4521584,12.32934325,45,94,223.8174752
1/29/2011 6:00,2,2,34.93585528,109.5607324,32.94866428,27,121,295.6760314
1/29/2011 7:00,2,2,19.26294393,115.0387883,57.03285565,7,90,260.7741206
1/29/2011 8:00,4,4,10.38851185,113.1493464,33.86312405,19,120,212.0434483
1/29/2011 9:00,1,2,21.43239688,148.4219211,11.47056293,42,35,243.5580121
1/29/2011 10:00,3,1,46.85051016,525.6538286,80.43540073,45,196,326.381334
1/29/2011 11:00,4,2,32.44991111,125.2632141,40.75322873,20,122,283.6122128
1/29/2011 12:00,1,2,14.68223524,108.5081739,13.78198003,34,33,193.9892114
1/29/2011 13:00,2,2,23.58781531,155.3300211,31.22878197,42,120,300.3346386
1/29/2011 14:00,2,3,,,,31,60,175.3134322
1/29/2011 15:00,1,4,16.71282815,159.3359744,50.69296297,35,187,286.9416303
1/29/2011 16:00,3,2,33.72971343,125.0576463,16.58019111,40,2,137.2517152
1/29/2011 17:00,2,4,14.31164256,148.9627596,43.09748119,4,5,141.1716392
1/29/2011 18:00,2,1,27.56650476,143.9984983,30.39721254,44,147,369.0993107
1/29/2011 19:00,2,1,38.72241655,110.9838889,37.59175934,3,3,94.52707681
1/29/2011 20:00,1,2,27.12694886,164.8672592,21.90925005,6,100,222.480253
1/29/2011 21:00,4,1,34.45626399,79.84656991,40.36379664,33,52,181.9995879
1/29/2011 22:00,2,4,13.35591127,142.546249,42.89134211,19,102,239.9817583
1/29/2011 23:00,4,3,15.80593055,161.2617238,12.81513555,6,70,137.6015563
1/30/2011 0:00,3,2,36.40260284,106.6617236,50.31184367,23,189,376.492984
1/30/2011 1:00,2,1,27.86342171,135.9185494,52.20184733,20,165,305.2993267
1/30/2011 2:00,2,4,29.95901366,129.5198732,10.33212646,8,163,318.119768
1/30/2011 3:00,3,4,28.46646481,148.1151161,39.66052345,18,33,163.6652847
1/30/2011 4:00,2,1,20.31613119,148.0547815,39.15747655,19,5,149.3767284
1/30/2011 5:00,4,4,12.37490252,125.336776,10.70488128,27,127,307.5505951
1/30/2011 6:00,1,4,31.06350222,145.5586818,26.19193898,31,193,347.6624527
1/30/2011 7:00,4,2,26.49057122,101.9837197,57.27290787,33,145,302.7686588
1/30/2011 8:00,1,4,20.01953836,102.9708811,37.35502916,15,26,136.9457523
1/30/2011 9:00,1,1,37.16011819,110.5155384,54.63929438,37,38,178.7577846
1/30/2011 10:00,4,2,16.48253984,147.7752777,43.51394255,49,50,188.4325236
1/30/2011 11:00,4,1,,,,16,18,131.7029598
1/30/2011 12:00,4,3,30.99013629,136.4148642,14.59904714,10,95,262.4068489
1/30/2011 13:00,4,1,36.28220414,117.8048467,46.38135072,3,87,264.1547363
1/30/2011 14:00,3,1,24.85662131,137.4197498,36.38974564,39,161,282.5046853
1/30/2011 15:00,2,2,12.71645379,97.5365067,16.60591875,49,88,268.8045536
1/30/2011 16:00,1,4,,,,44,23,177.4451199
1/30/2011 17:00,4,1,29.48873554,133.3889029,49.08346435,39,152,352.9113735
1/30/2011 18:00,4,2,20.48048355,148.0075924,45.20844306,41,75,240.0745713
1/30/2011 19:00,4,3,36.30764503,141.5345603,22.20659802,17,93,229.8309352
1/30/2011 20:00,3,2,37.74478354,140.217264,21.69472207,49,197,343.7385619
1/30/2011 21:00,4,2,33.49221741,154.9431205,59.06281354,48,29,151.1546682
1/30/2011 22:00,4,4,19.62967376,133.3593224,53.96071624,47,53,242.9626454
1/30/2011 23:00,4,1,32.57828989,99.91782374,24.79593682,5,114,249.7502629
1/31/2011 0:00,2,3,20.19306629,147.6705807,52.57219373,45,77,253.510638
1/31/2011 1:00,3,2,,,,31,119,252.233902
1/31/2011 2:00,4,1,7.351651097,109.696611,15.75693487,4,24,143.8670563
1/31/2011 3:00,1,1,22.1098277,135.2558402,18.14446053,14,124,281.9986271
1/31/2011 4:00,1,2,36.51030661,154.9120941,12.5755927,44,4,197.7562576
1/31/2011 5:00,1,1,15.86588393,173.2539512,51.49871162,15,1,100.9651045
1/31/2011 6:00,3,2,15.30599198,160.7853165,38.3626035,47,110,258.3451785
1/31/2011 7:00,3,2,38.85955969,103.6668806,22.87020923,16,79,173.6754787
1/31/2011 8:00,1,2,8.750147719,114.1434304,52.25634977,36,102,264.4362678
1/31/2011 9:00,4,3,31.09832707,91.1727546,50.77167888,42,190,378.954832
1/31/2011 10:00,3,2,19.12189511,100.3234891,15.24922444,14,123,249.0895575
1/31/2011 11:00,1,4,8.258725766,157.3917048,42.34619173,34,181,315.5916577
1/31/2011 12:00,1,1,37.44724219,112.2595774,45.85175434,7,165,282.4446278
1/31/2011 13:00,4,3,9.890833454,136.4972639,46.63587657,34,123,346.7194028
1/31/2011 14:00,2,1,27.71957456,134.0415709,45.40161536,35,16,207.3141594
1/31/2011 15:00,3,3,18.2817195,151.5270747,17.73640129,26,30,198.5125378
1/31/2011 16:00,4,4,50.30915989,346.0274787,96.19771093,13,128,271.2109589
1/31/2011 17:00,1,3,54.64230185,366.7642192,217.1462686,22,133,275.2529706
1/31/2011 18:00,1,3,15.93324893,129.153502,54.39620768,19,69,181.4625353
1/31/2011 19:00,4,3,13.30629593,102.4777787,26.44554573,5,35,128.8370662
1/31/2011 20:00,3,1,28.28106171,157.3647369,10.29521241,23,135,261.6767306
1/31/2011 21:00,2,2,21.15890923,146.1090502,52.62812679,22,92,206.1269194
1/31/2011 22:00,2,1,,,,35,72,209.532185
1/31/2011 23:00,1,2,21.7607471,161.8499894,24.91525125,11,137,265.7359562
2/1/2011 0:00,3,1,38.06913188,117.7710822,27.25449795,1,23,144.0600216
2/1/2011 1:00,2,4,35.03757367,143.7238906,30.35940917,26,190,318.2338682
2/1/2011 2:00,3,4,31.01784089,112.5438121,28.14985553,31,167,333.7278235
2/1/2011 3:00,3,3,,,,28,1,144.227569
2/1/2011 4:00,1,4,17.55175971,123.9607028,12.58738242,49,19,195.3649355
2/1/2011 5:00,2,3,17.80671501,92.06858853,58.3948247,45,32,175.6124745
2/1/2011 6:00,4,2,,,,39,13,193.7625651
2/1/2011 7:00,1,4,25.20714758,113.522657,55.55087917,39,181,324.9572009
2/1/2011 8:00,2,2,21.70400798,141.5090635,53.19940185,43,54,266.2853995
2/1/2011 9:00,2,1,23.33827437,91.51543058,44.90037779,32,36,182.3052133
2/1/2011 10:00,2,2,160.15238,493.9051938,86.61206157,28,104,250.2406065
2/1/2011 11:00,2,1,39.11622328,139.7870206,11.496442,32,83,253.9149503
2/1/2011 12:00,2,2,23.26332703,142.5376937,15.3040451,35,112,292.488962
2/1/2011 13:00,3,2,,,,16,133,297.7474199
2/1/2011 14:00,1,4,,,,9,160,343.4533968
2/1/2011 15:00,3,2,13.65299877,133.2858306,60.56011781,0,127,268.0684607
2/1/2011 16:00,4,4,18.66632979,163.7676307,30.19346943,42,49,210.2284325
2/1/2011 17:00,2,4,93.67180585,472.4908585,157.0699318,16,83,204.3747748
2/1/2011 18:00,1,3,14.87822314,132.7237625,43.79474144,41,197,355.2754218
2/1/2011 19:00,2,3,33.51115645,146.6395707,20.6961088,27,199,391.8368759
2/1/2011 20:00,1,1,,,,37,78,194.7334959
2/1/2011 21:00,3,2,25.2773635,137.3584691,36.99587379,35,85,216.7983382
2/1/2011 22:00,1,1,11.42895728,157.4716817,23.82887225,44,178,336.825069
2/1/2011 23:00,4,2,,,,26,193,315.4512897
2/2/2011 0:00,4,3,34.7254317,141.8579621,41.75469573,42,188,339.1836695
2/2/2011 1:00,1,3,31.17947657,96.92367536,33.19768915,36,155,366.6599334
2/2/2011 2:00,1,2,39.22529553,126.6985549,37.21535021,45,99,256.5561671
2/2/2011 3:00,1,2,38.14006887,156.5676964,46.88203458,24,171,328.8744691
2/2/2011 4:00,1,3,21.73502724,151.4528613,17.46473932,33,139,243.8051533
2/2/2011 5:00,4,3,20.22052856,152.0532746,52.27861969,2,56,146.5039802
2/2/2011 6:00,2,1,36.31424605,153.7827859,57.76677203,28,153,330.5836389
2/2/2011 7:00,1,3,36.14538171,115.7914153,38.18759583,34,24,229.6700089
2/2/2011 8:00,1,2,26.76676037,143.2431453,42.7066946,42,14,184.2974915
2/2/2011 9:00,4,1,32.69119959,111.1064971,52.89044156,40,102,254.5006965
2/2/2011 10:00,4,2,32.6425707,111.5914275,27.977006,9,97,242.5920367
2/2/2011 11:00,3,4,21.247981,113.8013722,58.44298336,37,76,156.8101485
2/2/2011 12:00,1,1,26.9372366,146.719374,44.31908414,37,180,345.6328133
2/2/2011 13:00,3,2,31.67634223,120.4974614,29.92346102,0,103,193.4018367
2/2/2011 14:00,4,3,30.76262155,147.7187081,42.91252638,0,64,209.6339187
2/2/2011 15:00,4,4,11.21859078,134.3053472,35.64998506,31,112,199.0681292
2/2/2011 16:00,2,2,20.59219217,76.69099265,16.45098457,21,122,246.0117771
2/2/2011 17:00,1,1,,,,18,110,248.6597339
2/2/2011 18:00,3,2,18.04083519,111.4531869,38.24243427,34,122,255.0612189
2/2/2011 19:00,4,4,37.46653865,130.2199687,48.98523765,5,53,168.6763604
2/2/2011 20:00,4,1,44.96830392,497.8558774,70.55800183,33,166,348.0998537
2/2/2011 21:00,3,4,54.96428905,442.6597612,149.4828421,14,178,313.2578662
2/2/2011 22:00,2,2,19.55296898,154.144702,48.11238018,43,19,156.1012386
2/2/2011 23:00,4,3,28.33428967,138.4210782,58.61183464,41,191,382.2565735
2/3/2011 0:00,1,3,25.97725226,121.9515565,55.04652886,44,88,261.599899
2/3/2011 1:00,4,2,13.41577624,138.828181,52.33208801,2,10,142.8709914
2/3/2011 2:00,1,2,12.19233765,81.39008182,20.14673689,49,126,270.3469229
2/3/2011 3:00,3,2,18.63593231,84.02527133,54.12549691,36,51,132.7199328
2/3/2011 4:00,1,1,24.43569068,99.73404842,17.61405241,21,53,168.990068
2/3/2011 5:00,3,4,18.9429753,118.7196082,20.70331018,44,68,203.9638122
2/3/2011 6:00,1,4,,,,28,6,137.826818
2/3/2011 7:00,3,4,,,,13,139,248.9959065
2/3/2011 8:00,1,2,13.09205137,132.3157633,14.68826211,29,129,283.6583741
2/3/2011 9:00,2,4,30.30856129,122.3721307,16.67168747,14,102,264.7295778
2/3/2011 10:00,1,2,19.5280578,104.1851586,20.48920428,49,148,351.613924
2/3/2011 11:00,1,1,28.14642967,115.6886179,40.09257261,28,68,243.471257
2/3/2011 12:00,2,3,,,,13,90,198.4519646
2/3/2011 13:00,4,2,112.7478411,533.172994,123.8484451,2,94,220.1735428
2/3/2011 14:00,4,2,33.09073088,128.7788408,36.87753342,21,117,307.3872921
2/3/2011 15:00,1,3,36.37412414,122.5392106,17.67981156,32,120,226.9160769
2/3/2011 16:00,2,3,19.83829017,128.3345162,22.10908094,22,35,219.9307909
2/3/2011 17:00,1,1,17.76271837,139.9377697,17.55899468,6,20,118.6265648
2/3/2011 18:00,3,4,23.06334323,87.60328839,30.91363484,19,52,202.3483912
2/3/2011 19:00,3,2,36.45277644,139.5237704,39.30410119,6,146,286.9447463
2/3/2011 20:00,1,4,39.45134487,130.7562232,23.26119788,16,2,146.2843366
2/3/2011 21:00,4,2,12.61564769,129.8173819,52.82372227,31,187,407.4668775
2/3/2011 22:00,4,1,67.48207125,405.9418407,238.6600039,14,80,207.6134713
2/3/2011 23:00,1,3,21.43171094,119.4888885,17.03722471,12,93,178.4795222
2/4/2011 0:00,1,1,13.27207673,93.79790656,10.45674479,46,99,278.383293
2/4/2011 1:00,3,3,,,,2,161,280.6143964
2/4/2011 2:00,4,4,14.16282866,125.9728285,18.86908111,24,156,319.3853396
2/4/2011 3:00,1,4,30.7643614,167.098692,27.18312117,48,115,312.2298605
2/4/2011 4:00,3,1,37.0039622,119.0622913,30.38569412,31,184,336.7820053
2/4/2011 5:00,4,3,42.28237091,104.3829237,57.4728818,15,72,222.9076931
2/4/2011 6:00,2,1,25.42660769,129.9384016,43.94800557,0,39,166.1711952
2/4/2011 7:00,3,3,26.81826821,86.398794,12.353454,45,49,270.62635
2/4/2011 8:00,4,3,34.37807265,166.1268454,10.77428195,2,146,259.7785359
2/4/2011 9:00,4,4,16.01097749,149.4529488,18.91672749,19,149,270.3089367
2/4/2011 10:00,3,4,33.43848214,147.5419426,25.6475821,27,178,354.3686163
2/4/2011 11:00,2,3,20.81874558,134.0384409,32.75797788,21,48,164.0969337
2/4/2011 12:00,3,3,14.93921825,133.1163833,51.70548242,35,179,348.7626936
2/4/2011 13:00,4,3,21.12114739,155.1974885,25.61842269,40,122,279.9359084
2/4/2011 14:00,1,4,,,,0,149,269.0095784
2/4/2011 15:00,1,4,28.63765755,142.5400088,25.94444968,13,112,321.1939459
2/4/2011 16:00,3,2,15.19180002,126.1382531,10.29925328,44,189,393.1230101
2/4/2011 17:00,4,3,17.42960499,170.6661163,57.10933435,14,59,226.7733866
2/4/2011 18:00,1,2,13.19094738,149.0421002,16.7397574,31,6,176.068705
2/4/2011 19:00,4,3,,,,17,118,237.4317396
2/4/2011 20:00,3,4,27.54154757,129.1959816,15.12316853,47,180,358.0471835
2/4/2011 21:00,1,2,24.8089509,93.79472581,34.99263092,37,30,207.728024
2/4/2011 22:00,4,2,28.69941463,131.4117318,56.03692287,21,131,281.2234121
2/4/2011 23:00,1,1,21.53790145,137.3792337,14.80488716,15,92,233.1219055
2/5/2011 0:00,3,3,,,,10,6,127.3814555
2/5/2011 1:00,4,4,33.36573207,90.81881281,10.56181172,6,130,267.5342249
2/5/2011 2:00,1,1,,,,8,24,139.5888481
2/5/2011 3:00,3,1,13.5611203,105.5090146,42.32563327,0,161,305.4841994
2/5/2011 4:00,1,3,31.31430675,148.8837767,46.20620377,41,32,135.9338756
2/5/2011 5:00,1,1,16.94140483,108.5183547,31.97190152,7,94,265.1948185
2/5/2011 6:00,2,3,19.46993799,142.0767028,53.85523354,10,87,181.1080265
2/5/2011 7:00,2,1,,,,4,125,220.465837
2/5/2011 8:00,3,3,21.90631286,108.7612098,36.58673393,28,37,200.7745897
2/5/2011 9:00,2,4,29.90489262,158.7906768,44.16939957,5,109,253.7326876
2/5/2011 10:00,3,3,27.16569762,101.6760174,34.21081965,11,124,320.9082327
2/5/2011 11:00,2,3,27.93611501,101.5159305,18.67015974,42,125,299.4738821
2/5/2011 12:00,1,2,29.86738399,83.57880114,24.22748274,38,3,163.3971483
2/5/2011 13:00,3,4,20.88527874,125.2257441,13.3472049,6,175,310.3752097
2/5/2011 14:00,3,4,22.24334002,135.4453042,30.73064499,43,100,314.3762905
2/5/2011 15:00,1,4,21.73592322,109.8051959,38.94399494,11,60,267.4190787
2/5/2011 16:00,3,1,,,,32,192,342.1684835
2/5/2011 17:00,3,2,40.24041073,88.5423848,41.005116,18,80,238.0210706
2/5/2011 18:00,2,4,33.06821306,157.2133078,54.25424685,35,109,265.5316202
2/5/2011 19:00,3,1,15.96360074,152.6481335,24.86385827,18,198,336.9606953
2/5/2011 20:00,4,1,10.33865951,165.2229985,20.89284644,20,77,277.185586
2/5/2011 21:00,1,1,8.016400015,144.0537179,53.66315549,18,60,174.0674895
2/5/2011 22:00,2,2,20.18797184,114.3178587,44.71397405,42,128,223.8363709
2/5/2011 23:00,2,1,16.79978838,107.9959023,15.44283176,8,5,146.4134959
2/6/2011 0:00,4,2,24.55752566,147.2609099,29.25641331,44,20,223.9457111
2/6/2011 1:00,1,3,34.75276834,102.4670012,43.70372097,21,194,345.5377561
2/6/2011 2:00,1,1,,,,18,82,239.0322979
2/6/2011 3:00,2,4,16.93721708,92.56600687,41.64056852,36,27,209.5633189
2/6/2011 4:00,3,1,23.10045566,117.8033228,36.94628465,10,193,330.3441678
2/6/2011 5:00,2,3,29.06883822,134.7624463,49.6367834,24,154,318.7313744
2/6/2011 6:00,1,3,33.7695951,101.8056081,25.21503613,34,159,333.2558048
2/6/2011 7:00,4,1,33.39195389,95.22729203,43.78436077,4,139,208.334604
2/6/2011 8:00,2,3,34.35496713,144.0895878,59.83077961,44,64,235.5340347
2/6/2011 9:00,1,2,23.64680111,87.29823447,28.26433913,30,173,279.959821
2/6/2011 10:00,2,2,30.59746124,162.7121795,47.22700441,13,167,303.0234308
2/6/2011 11:00,3,1,16.77788329,106.3362632,18.8036674,12,92,213.3354094
2/6/2011 12:00,2,2,25.76859574,128.953024,22.58923879,33,136,324.2394293
2/6/2011 13:00,2,2,17.7564434,119.7533223,57.48879316,33,81,245.5767203
2/6/2011 14:00,1,4,98.81048734,320.2195717,49.04131517,17,61,216.4653606
2/6/2011 15:00,1,1,31.25574751,125.973977,19.5214845,5,108,231.5512833
2/6/2011 16:00,1,3,,,,41,143,339.8854642
2/6/2011 17:00,2,1,10.37731041,147.7834717,28.99236216,20,98,194.4254796
2/6/2011 18:00,3,2,9.205210132,143.2490204,39.49243708,39,99,235.5053715
2/6/2011 19:00,4,4,12.62745021,85.56318272,18.05562988,4,195,361.9848559
2/6/2011 20:00,4,1,11.49794925,91.75618774,13.87420235,1,167,279.3513764
2/6/2011 21:00,1,1,16.89261711,113.2532198,28.33553032,5,34,99.07105211
2/6/2011 22:00,1,2,18.24209338,96.88801889,35.85331947,49,126,343.0504233
2/6/2011 23:00,2,2,15.82068575,123.5832645,36.12367072,7,82,245.8044318
2/7/2011 0:00,4,1,40.68561089,169.9675458,39.52810581,1,187,333.8505883
2/7/2011 1:00,1,2,21.30673805,122.5728332,34.48214144,22,197,346.3788346
2/7/2011 2:00,3,2,,,,19,90,283.3942051
2/7/2011 3:00,3,2,27.30393336,139.048007,47.84172457,3,2,167.3554794
2/7/2011 4:00,1,2,,,,14,127,312.0577323
2/7/2011 5:00,1,2,32.60802433,97.83682087,20.8867327,29,52,226.5121802
2/7/2011 6:00,4,4,21.5787726,144.7141181,44.52271904,19,99,246.3561486
2/7/2011 7:00,4,2,28.08689421,152.2703976,23.86776499,23,186,321.722426
2/7/2011 8:00,2,3,31.06025645,89.3734514,34.57120424,8,163,257.6547478
2/7/2011 9:00,4,1,32.0829365,110.3826439,24.46493424,20,193,352.8089141
2/7/2011 10:00,3,4,32.36754194,156.7916962,34.65532476,37,36,215.3333401
2/7/2011 11:00,3,4,34.44566589,148.4968521,25.03491692,40,100,254.3042462
2/7/2011 12:00,1,2,36.80189543,104.2234726,56.20393832,12,43,198.2331749
2/7/2011 13:00,4,1,26.5528811,135.5868336,26.14100283,4,63,181.8824587
2/7/2011 14:00,2,3,22.93205664,125.2930313,40.0708191,45,178,373.8956657
2/7/2011 15:00,3,2,31.78647732,127.5356277,54.40026376,13,123,234.4346492
2/7/2011 16:00,3,1,34.91677668,105.6086047,41.30197775,49,5,147.2695467
2/7/2011 17:00,2,2,10.25245493,114.8447255,37.71667577,6,68,191.7305473
2/7/2011 18:00,2,2,37.03487117,146.8423526,36.77726789,5,148,302.8364791
2/7/2011 19:00,3,2,16.98209054,147.3727028,33.62023597,11,56,157.2343531
2/7/2011 20:00,3,2,25.40555007,161.5483759,48.77887698,45,155,356.5135191
2/7/2011 21:00,2,2,40.49608778,94.7003593,10.62238445,15,84,174.7702476
2/7/2011 22:00,3,2,16.14901682,141.5424902,52.99221246,31,23,171.6704902
2/7/2011 23:00,1,2,24.75786723,101.6372775,38.70897627,41,114,237.7055491
2/8/2011 0:00,1,3,14.50332555,127.9101789,51.19037591,10,91,147.82581
2/8/2011 1:00,2,4,25.03445469,149.7532448,9.518060869,3,74,213.1412948
2/8/2011 2:00,4,3,15.15394532,121.4612156,53.47502602,28,190,337.8383487
2/8/2011 3:00,2,2,21.50756603,101.0592884,14.82790302,33,21,137.2846469
2/8/2011 4:00,2,2,22.4603009,95.35865242,44.04323559,8,109,226.7241237
2/8/2011 5:00,4,3,40.22270935,120.7708653,30.7091991,9,33,180.5022123
2/8/2011 6:00,4,3,39.00160542,146.5346636,43.63013714,7,117,238.2278732
2/8/2011 7:00,4,4,,,,35,36,190.3368291
2/8/2011 8:00,1,3,33.99169418,141.0729996,18.10720566,31,40,184.3684563
2/8/2011 9:00,3,4,9.56637657,156.4433812,35.49654614,44,78,229.8779719
2/8/2011 10:00,1,2,11.25032131,150.4199788,23.19716947,5,104,216.5117916
2/8/2011 11:00,3,1,11.83911344,161.2159278,39.71842817,5,42,153.6558544
2/8/2011 12:00,1,1,41.43441974,87.30430212,44.92054006,26,21,149.8273461
2/8/2011 13:00,3,1,35.27292239,153.401749,12.77762339,1,90,185.9276431
2/8/2011 14:00,1,1,64.20609888,415.9107679,148.2431157,8,142,264.0799516
2/8/2011 15:00,4,2,15.7036543,166.8666492,40.32368638,37,20,163.2983172
2/8/2011 16:00,2,1,20.45524324,94.60057594,24.82755068,4,51,148.370017
2/8/2011 17:00,1,3,25.44765759,146.0672977,57.1179102,33,3,184.5262302
2/8/2011 18:00,3,3,26.09372028,148.6516428,36.69073502,13,174,349.5496758
2/8/2011 19:00,4,1,20.53139299,167.2110694,17.41769088,9,145,279.592311
2/8/2011 20:00,1,3,,,,46,70,243.614373
2/8/2011 21:00,1,4,15.02138086,119.3085128,37.54324046,48,117,269.8680449
2/8/2011 22:00,4,2,38.67397607,127.251011,26.84047383,6,162,325.6806766
2/8/2011 23:00,1,1,28.83479141,107.6643845,19.54994589,19,6,202.8399328
2/9/2011 0:00,2,1,21.1913852,104.7265372,10.77475666,10,168,298.8054393
2/9/2011 1:00,1,2,35.26551299,111.5150908,37.00972926,12,137,259.1006046
2/9/2011 2:00,2,3,35.18134907,97.63008323,37.32620535,16,189,341.0129962
2/9/2011 3:00,2,2,17.74053621,133.4956878,15.36252269,36,192,357.6613987
2/9/2011 4:00,4,2,17.79302878,166.3847413,40.07995891,43,139,292.8135236
2/9/2011 5:00,1,3,39.99349463,158.5145089,57.69419701,35,90,264.9787748
2/9/2011 6:00,4,2,16.41392299,85.81055099,57.97815281,32,155,341.0123314
2/9/2011 7:00,1,3,,,,9,57,168.3177459
2/9/2011 8:00,1,3,27.49667079,102.4075206,50.57113419,33,183,418.1780034
2/9/2011 9:00,3,2,32.08816276,102.8813463,19.89901734,44,145,268.9533967
2/9/2011 10:00,1,4,30.29221571,95.33571849,16.37054561,12,192,304.4156085
2/9/2011 11:00,4,3,36.40438194,108.6559469,31.96243377,24,184,341.0100313
2/9/2011 12:00,2,2,26.11195635,125.4097405,40.73686337,43,177,413.4218355
2/9/2011 13:00,1,3,13.69473585,131.9706252,52.47232063,32,126,267.162564
2/9/2011 14:00,3,4,27.39051166,128.9974086,21.73227566,9,44,147.0925295
2/9/2011 15:00,4,4,34.27201966,114.4614995,31.88320256,23,189,354.5667887
2/9/2011 16:00,1,1,45.64835962,545.4386792,169.0614441,4,105,227.6563289
2/9/2011 17:00,4,3,18.29528305,152.3258317,29.64373099,9,109,264.0964401
2/9/2011 18:00,3,3,10.43837136,116.3888819,32.71783885,38,192,354.0399521
2/9/2011 19:00,3,2,30.28218351,87.67511085,20.30702042,46,54,200.472963
2/9/2011 20:00,4,3,37.52795892,113.277213,59.01863357,26,37,259.6788203
2/9/2011 21:00,1,1,,,,49,3,89.60539635
2/9/2011 22:00,2,4,40.85187031,123.5041114,37.29577136,35,14,229.8688413
2/9/2011 23:00,3,4,13.04266401,97.69749755,18.98893472,32,148,334.2840916
2/10/2011 0:00,1,1,38.6376018,127.98134,35.73631916,27,148,278.9431027
2/10/2011 1:00,1,3,37.34536897,96.93130897,22.13818657,39,178,399.5079227
2/10/2011 2:00,2,3,20.09501213,133.4997162,19.17927275,42,107,234.217273
2/10/2011 3:00,3,1,40.90488143,86.97345826,22.76703313,2,34,192.6276984
2/10/2011 4:00,3,2,81.32847254,477.0750917,35.96161527,30,124,217.929528
2/10/2011 5:00,1,4,,,,28,3,123.0570386
2/10/2011 6:00,1,1,,,,43,159,294.0070239
2/10/2011 7:00,2,1,36.62835367,157.6162818,52.90186842,44,139,286.9626642
2/10/2011 8:00,2,3,27.12105222,136.8048627,10.89560039,49,53,228.8542741
2/10/2011 9:00,3,4,11.04471146,82.21168423,11.52636885,43,29,173.7520174
2/10/2011 10:00,4,3,,,,41,8,114.4634387
2/10/2011 11:00,3,1,19.65394014,140.0179254,14.96034433,20,18,178.4837404
2/10/2011 12:00,1,2,35.7722188,121.8725562,8.805652488,31,79,238.0731862
2/10/2011 13:00,3,4,31.76057021,119.6590558,18.20532476,27,157,322.896911
2/10/2011 14:00,4,1,36.75833599,159.0689098,51.29377962,20,192,343.8110516
2/10/2011 15:00,2,1,6.99650431,100.5402954,48.00006103,46,109,310.3049873
2/10/2011 16:00,4,2,33.70585427,120.9975802,26.74262956,34,44,202.437864
2/10/2011 17:00,4,1,33.64758761,120.5516478,42.16167034,29,22,208.1023504
2/10/2011 18:00,4,1,30.8624182,146.8866048,34.25975683,46,75,224.4802198
2/10/2011 19:00,2,4,15.78592895,153.7399768,56.46422029,16,4,125.2153868
2/10/2011 20:00,4,4,14.37157397,153.7269158,11.84462905,28,194,390.0810501
2/10/2011 21:00,4,4,11.845761,138.7926171,50.63424434,47,118,332.4942891
2/10/2011 22:00,4,3,27.29576403,166.7336653,18.46691534,1,193,338.0608458
2/10/2011 23:00,1,2,29.16916225,144.1551268,27.6164271,32,42,174.1996874
2/11/2011 0:00,4,4,39.98224674,154.5965369,16.96950479,3,1,101.808286
2/11/2011 1:00,2,3,86.81891263,589.4810881,185.6716096,48,175,389.7635033
2/11/2011 2:00,4,3,23.35597675,88.76996714,42.04824491,38,185,388.1258486
2/11/2011 3:00,4,2,30.87876621,132.5956844,34.93605204,24,39,188.0628274
2/11/2011 4:00,2,2,150.6907332,516.5407566,185.5914931,4,98,299.2510543
2/11/2011 5:00,4,1,38.55753086,152.0153504,40.16769184,3,180,323.7857981
2/11/2011 6:00,2,3,34.91538088,155.9618977,47.25304078,28,186,307.8270951
2/11/2011 7:00,4,4,19.1299998,152.0738628,23.14836969,36,195,349.7984147
2/11/2011 8:00,2,2,28.97396724,163.4109649,28.99269806,7,190,324.2557274
2/11/2011 9:00,4,3,34.74920418,126.1415336,15.52458286,19,116,264.7078225
2/11/2011 10:00,4,4,23.14478151,87.25079136,30.21960484,40,163,367.6402042
2/11/2011 11:00,1,3,16.370668,85.51170548,44.03747883,5,39,142.4756755
2/11/2011 12:00,1,2,19.12308688,128.2256445,42.87242167,35,133,255.2432002
2/11/2011 13:00,4,1,11.72424298,121.5494834,43.50594174,31,141,317.2824968
2/11/2011 14:00,4,3,,,,4,124,240.0274591
2/11/2011 15:00,3,4,64.77447638,439.7369336,174.9834035,39,100,338.9663771
2/11/2011 16:00,2,2,20.57578753,159.1880148,28.14504686,19,32,206.5819947
2/11/2011 17:00,3,1,21.25118019,113.3663117,56.27107723,44,107,262.5476705
2/11/2011 18:00,1,4,,,,3,146,312.719348
2/11/2011 19:00,1,4,,,,38,170,357.2702223
2/11/2011 20:00,1,4,32.11285702,124.5896757,45.69726792,21,53,220.3929664
2/11/2011 21:00,1,3,12.93821004,132.3595114,54.76682165,32,95,250.7388784
2/11/2011 22:00,4,2,,,,30,91,261.0438571
2/11/2011 23:00,1,4,26.74123514,141.7193929,28.74361626,40,91,195.3657207
2/12/2011 0:00,4,3,,,,28,123,317.9912568
2/12/2011 1:00,4,2,18.30006607,93.46575142,25.4255064,4,94,122.4208108
2/12/2011 2:00,1,2,,,,9,60,183.2630883
2/12/2011 3:00,1,3,37.77537333,98.40672285,53.1423008,10,140,229.679554
2/12/2011 4:00,2,3,,,,49,169,330.5494166
2/12/2011 5:00,3,4,12.79142876,112.6952705,36.49340163,36,17,178.3755038
2/12/2011 6:00,1,2,15.94654438,140.7567643,53.80659404,21,108,220.7192779
2/12/2011 7:00,2,1,40.17524888,156.733924,14.61720079,23,71,138.4128193
2/12/2011 8:00,2,3,29.67140001,130.1173217,33.70105735,20,112,265.8831518
2/12/2011 9:00,3,2,22.0912712,155.8617679,52.61935513,35,192,417.2884078
2/12/2011 10:00,4,2,30.95315326,148.1482113,55.76899537,15,47,179.1808344
2/12/2011 11:00,1,4,34.08698293,157.7774126,34.49548162,1,94,251.5231839
2/12/2011 12:00,3,1,34.99912333,122.4966419,9.321175719,14,83,269.8988069
2/12/2011 13:00,1,4,23.75085181,103.6168072,16.24995988,40,163,273.7901213
2/12/2011 14:00,2,1,101.6018328,543.1939671,160.4189388,48,86,248.0969926
2/12/2011 15:00,2,1,15.1823859,158.8674734,17.26552382,25,172,286.5476576
2/12/2011 16:00,4,3,41.82772542,124.136335,17.48530709,29,137,269.6748843
2/12/2011 17:00,2,2,29.55007847,80.88854908,46.43647374,1,136,315.9475067
2/12/2011 18:00,2,2,16.74822827,149.4717128,47.32384237,28,173,335.6214912
2/12/2011 19:00,3,2,38.41707229,105.9828332,50.30289782,5,144,300.5997562
2/12/2011 20:00,1,1,39.26883205,82.0465955,14.4426645,0,194,320.6420073
2/12/2011 21:00,1,2,38.23099558,152.4877203,18.97790371,39,32,162.6663242
2/12/2011 22:00,3,3,36.30661037,132.0634762,49.17433836,10,64,222.3502881
2/12/2011 23:00,4,1,37.19897616,145.8436393,44.37757433,22,147,334.6079827
2/13/2011 0:00,1,1,18.74936956,162.8847017,51.64395341,25,193,355.5758431
2/13/2011 1:00,2,1,37.18009233,127.6502537,58.86552342,30,125,297.7522331
2/13/2011 2:00,1,1,34.34410278,130.6941759,52.1799284,14,143,248.058337
2/13/2011 3:00,2,3,20.70322262,111.6710195,36.96679191,8,141,298.3321545
2/13/2011 4:00,4,2,,,,33,128,329.5305178
2/13/2011 5:00,3,3,37.08604049,147.5659051,37.51923149,38,162,340.3115155
2/13/2011 6:00,1,2,19.96846165,120.3542934,42.04982772,16,128,218.2942927
2/13/2011 7:00,3,3,38.8685205,100.3824064,25.49666071,34,170,381.2905045
2/13/2011 8:00,1,4,,,,35,68,202.9007227
2/13/2011 9:00,2,4,10.36608149,126.2977624,11.51037925,2,74,215.9028549
2/13/2011 10:00,3,4,,,,39,95,290.8823393
2/13/2011 11:00,1,4,77.00673329,486.2164653,40.18460263,10,182,352.7053927
2/13/2011 12:00,2,1,31.02287046,122.2355421,34.17780079,27,143,244.338921
2/13/2011 13:00,3,1,29.41019951,109.3851062,51.57713923,47,120,298.8809159
2/13/2011 14:00,3,3,14.30227808,125.6566137,15.59397853,27,194,350.9188099
2/13/2011 15:00,1,3,53.84896475,590.6273717,139.5556426,45,110,326.5827612
2/13/2011 16:00,1,4,25.28021271,97.94175481,18.48332615,18,190,350.1973663
2/13/2011 17:00,1,2,19.02206173,143.5615598,54.07079033,1,71,243.9029249
2/13/2011 18:00,2,4,33.21549872,138.5585987,51.53616796,31,149,324.6806486
2/13/2011 19:00,1,3,23.9729744,144.1345878,56.55376869,43,183,352.2818505
2/13/2011 20:00,3,4,14.49416902,95.96276766,50.63786737,10,51,195.3463259
2/13/2011 21:00,3,3,25.76219558,170.7568926,45.92290266,15,154,343.2621478
2/13/2011 22:00,1,4,12.34497525,141.7497211,18.08057827,10,63,162.6699727
2/13/2011 23:00,1,2,13.24707442,158.8843251,23.09817802,2,44,201.7802411
2/14/2011 0:00,4,4,17.86394671,110.841546,34.39913049,41,194,344.7967945
2/14/2011 1:00,3,2,38.86524468,148.6372374,40.25439174,28,25,156.3745607
2/14/2011 2:00,2,2,39.56171683,159.7724286,45.53319338,4,140,303.3753736
2/14/2011 3:00,4,3,34.78801582,119.227275,19.91007159,27,157,286.2036048
2/14/2011 4:00,1,2,22.30736796,120.8382235,14.25711798,30,77,247.0320942
2/14/2011 5:00,1,1,13.22160944,132.6115194,33.29300348,12,29,155.0752308
2/14/2011 6:00,3,1,29.52094831,90.6054473,16.65394452,24,171,253.0589837
2/14/2011 7:00,1,1,28.93870966,140.1203167,43.17222738,5,175,323.1221655
2/14/2011 8:00,2,3,,,,2,101,235.6039162
2/14/2011 9:00,3,1,12.47823229,89.79001548,47.78075938,21,8,100.535445
2/14/2011 10:00,1,3,9.662923677,138.4353098,14.91423143,40,175,322.9037469
2/14/2011 11:00,3,3,33.92865283,80.23246475,56.57161707,38,95,207.6752328
2/14/2011 12:00,1,1,34.81630755,160.9386904,7.258702552,31,183,364.8592464
2/14/2011 13:00,1,2,36.86942649,154.3745114,25.90710516,29,67,266.5718897
2/14/2011 14:00,1,4,,,,6,133,293.440346
2/14/2011 15:00,2,3,40.36991214,154.8906312,12.14825586,24,192,374.6530572
2/14/2011 16:00,2,1,26.28417726,154.2458928,14.84923948,1,88,202.4677552
2/14/2011 17:00,3,3,35.64925008,113.5055222,12.67573096,7,194,346.434013
2/14/2011 18:00,1,2,41.83246728,155.4689622,37.53996703,49,20,197.7776093
2/14/2011 19:00,1,2,35.23711766,103.2117268,53.98329985,32,77,243.6325896
2/14/2011 20:00,2,1,16.99616227,114.5146207,36.50563188,27,29,213.8195742
2/14/2011 21:00,1,3,,,,9,56,229.3847195
2/14/2011 22:00,2,4,,,,37,54,208.450862
2/14/2011 23:00,1,4,26.12384365,90.14250686,11.04922398,17,1,104.9376565
2/15/2011 0:00,3,3,158.2576488,399.9750528,43.78259954,12,47,182.5683022
2/15/2011 1:00,1,3,13.14425777,143.9287829,53.7235927,20,21,163.6356673
2/15/2011 2:00,1,3,77.8218056,424.856441,61.58522765,32,140,309.7752202
2/15/2011 3:00,4,1,,,,22,88,264.2505696
2/15/2011 4:00,2,2,14.470689,141.0136642,17.48327608,0,111,182.8466315
2/15/2011 5:00,1,4,21.34157913,99.08440571,42.83349233,43,42,194.1800726
2/15/2011 6:00,1,1,,,,39,74,213.4142124
2/15/2011 7:00,4,3,30.02842376,133.871689,27.07000458,20,73,259.8810409
2/15/2011 8:00,4,3,15.09743303,120.3498603,46.19778852,4,48,175.1264598
2/15/2011 9:00,2,2,,,,34,164,312.0144291
2/15/2011 10:00,4,3,24.17165267,114.7819756,25.42206222,17,107,269.5733267
2/15/2011 11:00,3,1,38.32507672,104.8545521,19.60448942,37,34,182.6574154
2/15/2011 12:00,4,1,,,,35,18,182.0150828
2/15/2011 13:00,3,2,19.25273906,142.6313973,21.20992075,46,27,256.9163725
2/15/2011 14:00,2,1,16.61878755,142.1537269,24.01105103,28,105,316.1062467
2/15/2011 15:00,2,4,,,,25,111,253.319298
2/15/2011 16:00,2,1,,,,35,184,343.0932544
2/15/2011 17:00,2,1,,,,37,114,262.0165245
2/15/2011 18:00,2,1,24.50478348,125.8299701,59.15799061,49,188,308.8346824
2/15/2011 19:00,3,4,29.29975533,140.1335313,28.04877164,17,170,347.7195723
2/15/2011 20:00,3,3,21.19744688,142.2610986,27.82249583,28,120,350.2973968
2/15/2011 21:00,2,1,10.40356221,147.914536,50.50630567,30,187,333.3768817
2/15/2011 22:00,4,2,38.3574667,158.8724245,25.64787989,41,137,283.1997746
2/15/2011 23:00,1,4,39.06618037,148.5076023,21.9481416,12,78,211.5413943
2/16/2011 0:00,2,2,16.17636563,92.77739534,30.91595111,49,95,276.3013814
2/16/2011 1:00,4,1,13.54482652,136.2283952,43.45945929,29,194,318.7072886
2/16/2011 2:00,1,2,40.98482258,143.8270672,10.11712957,6,23,145.04202
2/16/2011 3:00,2,1,9.987078059,162.6368137,27.1695309,39,127,326.2664635
2/16/2011 4:00,2,4,39.05100369,145.6323626,28.27540546,5,171,309.6641271
2/16/2011 5:00,3,2,14.94123475,136.9635484,21.53172134,1,157,325.9774411
2/16/2011 6:00,1,2,36.80643569,128.7592893,43.84474263,7,114,261.832038
2/16/2011 7:00,1,1,20.63729269,161.5673511,23.3863765,9,44,150.2446167
2/16/2011 8:00,4,1,40.88718687,167.2076749,39.08603388,48,117,277.6548377
2/16/2011 9:00,3,3,21.49303765,145.5634525,34.14906238,43,59,239.4107313
2/16/2011 10:00,3,1,30.92713215,142.8629533,19.76921487,42,115,253.3037934
2/16/2011 11:00,3,1,61.31792318,305.6315144,88.61724847,48,52,192.4349721
2/16/2011 12:00,3,3,23.08236045,144.5176126,16.37907676,47,102,243.2616298
2/16/2011 13:00,1,1,34.10490616,144.5021311,12.32752769,21,24,190.5248504
2/16/2011 14:00,1,1,27.27695432,150.173812,41.00935649,9,101,229.0865807
2/16/2011 15:00,2,3,40.96067548,98.92058034,45.07770045,34,131,330.5700824
2/16/2011 16:00,2,4,26.09502701,143.4241245,16.85726828,18,91,212.2272642
2/16/2011 17:00,3,4,39.49264221,111.5687076,39.40658642,3,30,89.42089994
2/16/2011 18:00,3,1,,,,18,146,290.2447766
2/16/2011 19:00,3,1,38.13177865,105.3054187,13.83148678,40,1,220.6155933
2/16/2011 20:00,2,3,43.10925196,139.7895877,34.31900353,19,3,153.249027
2/16/2011 21:00,4,3,18.62429651,115.6786785,44.7553369,48,78,215.0721392
2/16/2011 22:00,4,4,38.23685462,85.64210868,10.37832747,3,37,121.5296206
2/16/2011 23:00,2,2,34.97762637,143.0723897,48.84129306,48,32,246.2179478
2/17/2011 0:00,2,1,,,,25,17,148.080749
2/17/2011 1:00,2,2,30.45288558,138.3298083,14.15366854,2,103,281.5806637
2/17/2011 2:00,2,2,13.89266351,165.3518833,49.20076012,29,159,337.9725489
2/17/2011 3:00,2,3,160.633821,583.4473292,106.9854838,35,114,256.2856155
2/17/2011 4:00,2,1,19.54654219,110.2982791,15.30505716,40,160,365.4097036
2/17/2011 5:00,3,1,14.1107705,154.0547363,34.31603371,5,33,140.7015949
2/17/2011 6:00,3,3,22.60996884,113.5632229,14.65756844,38,50,175.0212972
2/17/2011 7:00,3,2,30.33103464,162.961755,34.64528863,26,62,192.4619397
2/17/2011 8:00,3,3,,,,15,46,214.5492819
2/17/2011 9:00,2,4,,,,46,193,403.6490626
2/17/2011 10:00,4,1,25.48138282,125.7204831,31.96643887,15,140,273.6520955
2/17/2011 11:00,1,4,14.32349823,117.7798283,32.12174189,45,51,170.5064244
2/17/2011 12:00,2,3,,,,35,92,210.87561
2/17/2011 13:00,1,1,30.83170038,133.4237952,24.58869496,33,51,182.5720666
2/17/2011 14:00,4,4,24.26473953,136.1264711,18.68686194,38,170,299.8043471
2/17/2011 15:00,3,4,20.66056552,141.3245537,46.89336357,23,105,266.6099743
2/17/2011 16:00,4,2,25.85782882,168.6083365,19.2977408,38,97,323.8133377
2/17/2011 17:00,2,1,21.32968839,157.564879,39.72538044,5,188,347.5659487
2/17/2011 18:00,3,4,31.66053589,122.0277535,22.75240273,19,130,245.868505
2/17/2011 19:00,2,4,24.58753803,145.939155,41.56223333,8,195,312.906926
2/17/2011 20:00,3,2,40.6512016,161.344488,34.78580089,48,58,221.782237
2/17/2011 21:00,1,4,25.77281841,156.8136688,29.42248058,20,126,288.4601305
2/17/2011 22:00,1,4,16.32850398,92.62414101,42.17163277,10,181,368.9440855
2/17/2011 23:00,1,4,32.38905398,100.9871546,29.83994225,47,68,231.8071597
2/18/2011 0:00,4,2,26.61245418,122.804947,49.44785293,29,125,331.0152071
2/18/2011 1:00,2,4,,,,0,129,322.9919242
2/18/2011 2:00,4,4,33.17348877,103.7129297,36.72087418,26,195,341.4000863
2/18/2011 3:00,1,1,23.93362993,127.7449481,53.14993314,47,43,209.6506401
2/18/2011 4:00,2,1,152.4926592,507.907498,204.8453252,48,127,295.1240739
2/18/2011 5:00,1,2,29.29793577,132.4185024,36.02202542,5,37,174.8400204
2/18/2011 6:00,4,3,34.95112625,150.2090981,11.89080097,42,187,349.2426035
2/18/2011 7:00,4,1,13.42246156,95.18384132,37.28523452,6,154,317.5359455
2/18/2011 8:00,4,2,18.08783987,161.975344,27.65542285,47,90,221.5683181
2/18/2011 9:00,1,4,45.29306136,165.4079863,35.32484571,21,125,261.0172182
2/18/2011 10:00,2,4,32.68655413,143.1647543,40.10438189,33,14,187.9537355
2/18/2011 11:00,2,2,12.72942234,156.8560776,41.00986431,19,166,342.2036344
2/18/2011 12:00,1,4,21.59987939,104.5711684,41.22973796,44,165,405.9822446
2/18/2011 13:00,2,4,,,,44,181,317.4755189
2/18/2011 14:00,1,3,33.51231534,103.6439942,14.08896977,14,62,187.6075761
2/18/2011 15:00,2,4,,,,46,185,294.1992137
2/18/2011 16:00,3,1,,,,8,61,166.9178926
2/18/2011 17:00,3,4,28.254132,136.7892376,29.13151411,17,77,172.1687455
2/18/2011 18:00,4,2,37.0896643,106.0212111,48.2242966,45,17,177.6201137
2/18/2011 19:00,3,3,24.92869412,147.7335348,15.3661271,45,156,325.4305886
2/18/2011 20:00,3,4,15.18921554,118.1110573,19.21439737,35,70,250.3876939
2/18/2011 21:00,3,2,28.07012706,159.0755794,38.00701993,45,184,351.3685807
2/18/2011 22:00,1,1,38.33188203,136.6344114,33.80345517,41,23,209.4471684
2/18/2011 23:00,3,4,34.50295685,99.40853322,22.21253884,29,37,200.79376
2/19/2011 0:00,3,3,,,,10,133,243.3943074
2/19/2011 1:00,4,4,30.48661308,157.7358979,11.87927544,32,147,259.8282505
2/19/2011 2:00,3,2,,,,45,169,362.9493693
2/19/2011 3:00,3,3,21.93509066,132.5457656,12.63037763,39,21,240.856436
2/19/2011 4:00,2,4,21.59654293,142.543884,38.46401397,5,160,372.5453235
2/19/2011 5:00,4,1,43.40524244,115.0385817,49.89269229,42,45,246.5698304
2/19/2011 6:00,4,3,39.04235221,114.9183998,21.46137997,45,181,401.2540514
2/19/2011 7:00,4,1,,,,38,104,287.3947813
2/19/2011 8:00,4,2,23.24541869,109.6579721,43.86928989,21,169,330.6336564
2/19/2011 9:00,4,4,25.65069217,115.7451588,50.92726662,38,178,350.9257797
2/19/2011 10:00,4,1,13.82864773,95.41094956,15.36720932,18,195,341.4438233
2/19/2011 11:00,1,2,39.60882684,105.7885041,26.1516091,21,84,254.8527623
2/19/2011 12:00,3,4,24.56266584,109.4343523,17.52518976,30,55,201.0448958
2/19/2011 13:00,4,2,35.66033913,168.2354631,14.06499696,41,76,244.2618667
2/19/2011 14:00,3,1,17.23224334,136.1497817,41.00372877,24,41,161.3684732
2/19/2011 15:00,3,2,25.11790351,154.2270779,56.97555386,40,12,197.9775726
2/19/2011 16:00,1,3,10.86767927,101.0633608,42.78647009,49,53,204.9791466
2/19/2011 17:00,4,4,,,,48,139,319.7867122
2/19/2011 18:00,2,2,25.60334086,160.532416,30.5266585,29,34,209.8113745
2/19/2011 19:00,1,1,,,,44,82,275.3956531
2/19/2011 20:00,2,4,,,,3,8,165.9864242
2/19/2011 21:00,3,3,18.807663,121.2087185,15.25177973,25,12,162.4646697
2/19/2011 22:00,3,4,14.0549587,128.1976322,44.18689713,6,21,173.4675655
2/19/2011 23:00,1,3,22.7798565,164.4262017,28.49477025,39,39,195.3091203
2/20/2011 0:00,1,4,30.45646774,97.94001158,24.75806515,47,163,282.8038823
2/20/2011 1:00,2,2,27.52164861,139.5139416,43.51721881,11,116,274.8615767
2/20/2011 2:00,4,2,29.99949353,152.7244116,26.92120871,0,126,266.9291358
2/20/2011 3:00,2,1,28.96593129,157.3277236,38.05446426,5,168,335.3963812
2/20/2011 4:00,1,3,19.69148994,156.7219992,23.06237015,0,6,137.2601876
2/20/2011 5:00,2,1,18.82938562,104.7713778,47.89766918,7,54,144.9461102
2/20/2011 6:00,1,2,14.11864916,145.9716191,25.69546078,43,120,292.3142391
2/20/2011 7:00,2,3,35.56125887,148.7526441,34.08712545,47,78,283.6827204
2/20/2011 8:00,1,1,27.10627618,150.9531432,9.600946938,32,140,318.3884779
2/20/2011 9:00,1,1,,,,3,98,228.7272159
2/20/2011 10:00,1,1,14.26260589,168.3165829,38.98398076,49,147,278.244885
2/20/2011 11:00,4,1,36.23894156,94.16477008,19.31021377,39,185,325.3932512
2/20/2011 12:00,2,1,32.28235489,101.2430802,19.97229207,5,22,173.5130129
2/20/2011 13:00,2,3,33.01343349,153.8518703,21.23255956,44,180,306.2632091
2/20/2011 14:00,2,1,23.06809854,101.3575423,38.25727047,2,36,160.692642
2/20/2011 15:00,1,3,21.80789306,89.44414445,36.08147968,14,19,166.4147099
2/20/2011 16:00,2,1,,,,5,119,290.7822036
2/20/2011 17:00,2,2,35.93921282,160.5351357,42.80325041,5,146,301.740839
2/20/2011 18:00,1,2,18.84493496,101.8455025,53.70035445,36,145,342.2124823
2/20/2011 19:00,3,1,178.7371735,494.1855855,49.05045605,26,67,234.4057571
2/20/2011 20:00,1,4,31.86923489,89.01171403,29.18380042,41,188,336.0098292
2/20/2011 21:00,2,2,21.00847124,108.3055217,39.03314072,40,199,352.9843351
2/20/2011 22:00,1,3,25.55077952,118.0757939,39.70858301,45,45,194.4363396
2/20/2011 23:00,3,1,17.89521773,94.51623073,8.526086499,4,175,329.1615229
2/21/2011 0:00,1,3,14.45143583,159.6047317,19.68875386,38,19,168.6423892
2/21/2011 1:00,2,4,32.9167592,162.4361672,12.72186534,16,71,207.6619936
2/21/2011 2:00,3,1,19.61841083,147.6715219,37.15418423,22,196,351.1786766
2/21/2011 3:00,4,2,35.81116901,111.4283929,42.30574039,16,104,301.7652385
2/21/2011 4:00,2,3,,,,40,161,353.2617971
2/21/2011 5:00,3,2,18.23498275,107.8784483,25.78705499,22,103,234.384081
2/21/2011 6:00,3,2,24.5933318,112.9034119,25.04822925,38,6,181.1470065
2/21/2011 7:00,4,1,,,,32,49,263.1528119
2/21/2011 8:00,1,3,,,,1,52,204.0907102
2/21/2011 9:00,1,4,,,,9,72,165.7096201
2/21/2011 10:00,2,2,20.39845895,118.0749108,47.93154815,18,10,133.2218576
2/21/2011 11:00,4,1,28.43840944,163.3535456,49.86779726,39,135,276.9428141
2/21/2011 12:00,1,1,32.74994302,125.3887979,42.50721419,8,31,214.9446017
2/21/2011 13:00,4,4,39.66172829,163.2247372,23.56496072,14,190,374.4329609
2/21/2011 14:00,1,1,22.52123213,173.4634318,49.84155216,42,182,338.0152205
2/21/2011 15:00,3,2,,,,23,186,322.3907183
2/21/2011 16:00,1,1,18.88372634,112.0479393,44.72747219,11,62,207.1506626
2/21/2011 17:00,4,3,40.82917574,156.8889734,13.79609067,21,144,300.0717537
2/21/2011 18:00,3,3,30.51732709,108.3169052,10.08148071,17,153,273.9836667
2/21/2011 19:00,3,2,23.45552572,107.2663211,42.1402006,1,50,176.4012757
2/21/2011 20:00,3,3,28.68083217,162.3265817,56.02536055,14,32,135.2888382
2/21/2011 21:00,4,4,17.31585261,126.0074079,47.42480212,41,25,237.0882869
2/21/2011 22:00,2,1,,,,38,21,139.1304688
2/21/2011 23:00,2,2,13.46247187,143.7125152,34.78045997,8,194,281.818909
2/22/2011 0:00,2,4,15.48432945,146.4952768,23.44979644,21,94,261.0349718
2/22/2011 1:00,4,1,18.91930343,101.9836266,40.49814382,16,77,188.8991865
2/22/2011 2:00,3,4,,,,13,103,233.9981994
2/22/2011 3:00,2,2,136.7609195,388.3042729,175.839073,30,190,354.9439975
2/22/2011 4:00,4,2,,,,40,144,337.329489
2/22/2011 5:00,2,4,,,,6,40,172.459642
2/22/2011 6:00,1,1,32.11808519,141.1876048,9.495829437,46,75,307.4888899
2/22/2011 7:00,2,3,38.03778905,137.3373888,54.57866034,34,38,205.1221858
2/22/2011 8:00,2,3,35.08653753,92.23098003,15.65505508,33,160,361.880805
2/22/2011 9:00,3,4,76.95205195,393.3090221,179.711625,2,31,174.5352345
2/22/2011 10:00,4,2,24.44000576,106.0171229,54.44159464,1,148,346.1364401
2/22/2011 11:00,3,1,,,,44,180,388.9726277
2/22/2011 12:00,3,1,13.61531117,107.0226729,49.29336999,26,191,351.54738
2/22/2011 13:00,3,2,12.25497874,126.8623261,25.71490211,44,77,273.1297613
2/22/2011 14:00,3,3,16.61478833,94.4257876,47.21518238,1,65,191.4619061
2/22/2011 15:00,3,1,,,,40,176,341.1809175
2/22/2011 16:00,2,4,24.89460813,141.9799216,42.8907485,4,70,168.2271076
2/22/2011 17:00,3,3,23.46275922,134.6363622,42.42103271,20,30,159.103093
2/22/2011 18:00,3,4,15.59203561,103.0939,32.3959854,6,91,292.2015802
2/22/2011 19:00,4,3,30.07096974,155.6255251,42.64558172,24,168,289.272984
2/22/2011 20:00,1,2,28.0920202,170.8002895,54.58375775,44,199,356.750619
2/22/2011 21:00,2,4,,,,0,198,328.6253043
2/22/2011 22:00,2,4,14.28428377,146.9753535,57.81519552,8,163,302.6460388
2/22/2011 23:00,2,2,15.24422815,160.9868138,30.10711861,1,73,218.9915341
2/23/2011 0:00,3,4,21.26561253,129.993237,36.13260763,2,166,287.427569
2/23/2011 1:00,3,3,15.69170507,116.8359893,22.51744926,43,110,299.8839009
2/23/2011 2:00,3,1,25.43499905,126.3309543,57.4800385,36,125,328.8155815
2/23/2011 3:00,4,1,,,,43,93,307.5643858
2/23/2011 4:00,1,2,32.77601939,123.3786668,26.75018569,3,108,236.5614475
2/23/2011 5:00,3,3,19.44827096,164.8374442,22.52242513,20,103,274.9484793
2/23/2011 6:00,1,4,22.42000624,157.4794738,29.05375387,25,168,292.2455314
2/23/2011 7:00,4,4,29.53194557,112.8020662,53.46424842,43,40,194.9994112
2/23/2011 8:00,2,1,,,,36,4,138.4602318
2/23/2011 9:00,3,4,34.03377308,144.8868188,54.46362748,13,5,150.3212231
2/23/2011 10:00,1,1,29.75919387,101.0594356,29.30167344,45,61,213.9383043
2/23/2011 11:00,1,2,24.53064266,119.3133119,51.32752007,9,15,112.1153834
2/23/2011 12:00,3,4,21.12951837,175.3170383,35.85838677,25,87,234.1773298
2/23/2011 13:00,2,3,35.4732884,137.4915224,23.06419698,9,109,199.9212582
2/23/2011 14:00,2,4,9.267598321,97.46051435,30.74234739,36,146,355.6158384
2/23/2011 15:00,2,1,42.42024423,97.39878987,29.15080872,17,82,216.0956161
2/23/2011 16:00,4,2,29.49177862,122.1036751,21.64198226,26,122,311.4020414
2/23/2011 17:00,1,1,27.89697865,132.4792882,22.47396438,16,164,299.1017745
2/23/2011 18:00,1,4,13.69416279,107.1444656,16.22860869,9,63,170.0368931
2/23/2011 19:00,1,1,34.9372481,136.4157949,24.41959581,10,186,365.1719645
2/23/2011 20:00,4,1,26.31334847,88.24286324,41.53053058,46,96,278.588559
2/23/2011 21:00,1,2,16.63671081,103.8999887,28.24754476,23,68,281.5559249
2/23/2011 22:00,4,3,20.29762468,134.0845947,44.50121836,18,134,271.974142
2/23/2011 23:00,2,4,38.3104211,96.85941276,57.73428246,43,41,204.6430931
2/24/2011 0:00,3,2,,,,15,152,331.1558882
2/24/2011 1:00,1,3,23.6261134,94.81849872,31.36315633,22,55,241.385892
2/24/2011 2:00,1,1,14.52567476,146.9102772,17.39793166,11,174,323.6573623
2/24/2011 3:00,2,3,33.87851112,131.3564693,28.36984564,18,84,336.1336232
2/24/2011 4:00,3,1,31.5731577,124.4840787,43.82580101,24,107,256.6798693
2/24/2011 5:00,4,1,,,,2,177,275.0339001
2/24/2011 6:00,3,2,,,,12,84,200.0622387
2/24/2011 7:00,2,1,,,,20,90,235.9177867
2/24/2011 8:00,2,2,30.70922796,133.1938231,48.16982992,21,32,232.7442915
2/24/2011 9:00,3,3,17.04348403,143.3168501,39.73115804,46,25,199.6117841
2/24/2011 10:00,4,3,,,,28,16,225.2047102
2/24/2011 11:00,4,1,29.49059862,143.1259463,53.87608537,48,20,215.2769365
2/24/2011 12:00,1,2,23.36483262,143.3475157,16.7795634,42,1,209.7662864
2/24/2011 13:00,4,1,26.29664056,156.2444042,12.27213346,24,78,247.9012793
2/24/2011 14:00,3,2,35.98139049,163.2219653,27.04596899,22,43,210.6846622
2/24/2011 15:00,2,2,18.35117504,121.6065449,35.71081867,11,193,360.9095302
2/24/2011 16:00,1,2,101.7142772,476.965836,142.0133153,48,70,235.3479364
2/24/2011 17:00,1,3,33.37965225,97.60923966,14.89071306,22,35,174.6987518
2/24/2011 18:00,2,2,,,,4,45,193.8775236
2/24/2011 19:00,4,3,33.0387392,132.001154,10.73148503,28,177,397.6454026
2/24/2011 20:00,2,2,13.66637092,150.9311349,51.88295341,4,66,158.2103945
2/24/2011 21:00,4,3,34.16033312,134.1498857,55.02116499,38,2,113.578344
2/24/2011 22:00,2,4,12.72594011,156.5810765,13.76844827,34,118,278.5625075
2/24/2011 23:00,3,3,11.9052016,96.01167143,20.22305475,34,160,359.4211334
2/25/2011 0:00,4,3,38.96662144,132.034692,14.59286341,16,44,196.0578905
2/25/2011 1:00,3,1,30.40688219,165.7709646,52.46043797,29,24,152.457588
2/25/2011 2:00,1,2,22.32067192,115.1766809,53.76618673,1,164,301.9311523
2/25/2011 3:00,2,4,19.86884324,87.83012903,21.50243094,14,163,259.5900034
2/25/2011 4:00,1,1,30.55895697,118.5003911,23.82190972,22,34,209.4675525
2/25/2011 5:00,1,2,,,,41,18,184.3476296
2/25/2011 6:00,1,4,,,,25,44,201.1807129
2/25/2011 7:00,1,4,41.14432373,133.7507255,42.24657657,10,111,268.4780583
2/25/2011 8:00,2,4,28.56726831,150.4935494,34.66035592,23,145,308.8539565
2/25/2011 9:00,1,2,26.43067189,109.0056905,54.98276916,8,154,280.4662849
2/25/2011 10:00,2,4,29.73647042,149.1310533,14.8243273,13,93,271.7332289
2/25/2011 11:00,2,4,34.85664447,102.7356249,50.07555239,23,30,211.6535808
2/25/2011 12:00,3,1,63.25129763,441.8505643,100.310647,6,166,253.5378266
2/25/2011 13:00,4,3,24.78887012,143.9881231,26.55786008,9,66,202.8798091
2/25/2011 14:00,4,2,63.00184475,575.6003656,182.6944832,32,149,283.3992107
2/25/2011 15:00,2,3,13.49153371,153.3539852,53.87022105,32,179,307.7867853
2/25/2011 16:00,3,1,16.62304074,153.3555047,43.90282757,45,9,204.9032391
2/25/2011 17:00,2,3,,,,26,116,264.2920824
2/25/2011 18:00,2,4,34.74176631,97.67954261,46.85901159,7,7,144.6074503
2/25/2011 19:00,2,4,26.88308584,114.9723235,26.60958657,13,33,160.820719
2/25/2011 20:00,3,2,22.36753248,153.3578686,46.59815858,6,180,332.0371862
2/25/2011 21:00,4,2,14.46660536,159.1007109,47.19451945,17,145,317.3029731
2/25/2011 22:00,3,2,29.37851612,171.9385064,35.29458279,25,11,236.0808448
2/25/2011 23:00,1,1,,,,40,191,360.5645917
2/26/2011 0:00,3,2,32.35199399,135.4964354,46.42274225,14,184,289.5619044
2/26/2011 1:00,3,1,38.35720926,145.6277136,49.3934739,32,95,246.9182152
2/26/2011 2:00,3,4,10.24328006,143.5807476,24.49348797,10,129,299.4674093
2/26/2011 3:00,3,3,20.24387695,142.1933228,48.92544831,18,16,145.8968299
2/26/2011 4:00,4,4,,,,41,179,310.63292
2/26/2011 5:00,1,4,40.63392891,117.0716899,19.55235215,17,75,204.562768
2/26/2011 6:00,4,4,32.83734144,116.9410767,44.28827231,21,70,210.1368599
2/26/2011 7:00,4,2,35.37771206,103.649487,15.6255689,35,78,215.6782783
2/26/2011 8:00,3,2,23.12870149,97.09197958,13.9720837,17,1,159.7031756
2/26/2011 9:00,2,2,43.31818711,117.1856253,35.22790641,17,26,175.8287155
2/26/2011 10:00,2,3,,,,21,153,332.9110332
2/26/2011 11:00,4,2,8.455986677,117.378285,9.024185617,24,152,297.8645613
2/26/2011 12:00,4,1,36.62967608,144.6619618,49.47004143,43,139,334.0027679
2/26/2011 13:00,3,4,40.65986435,167.3313169,34.38205481,30,144,294.5131579
2/26/2011 14:00,4,3,11.82252221,166.1623616,53.77902654,8,192,301.4133559
2/26/2011 15:00,3,3,15.83115185,126.1295275,50.82530067,49,94,262.031586
2/26/2011 16:00,2,3,13.03789662,103.18812,50.31418287,37,167,290.7945659
2/26/2011 17:00,2,3,16.37118127,103.3523339,47.92846365,18,4,211.0094605
2/26/2011 18:00,1,3,18.5958386,171.1744052,50.45080825,24,27,190.6583817
2/26/2011 19:00,2,1,,,,14,71,196.5415688
2/26/2011 20:00,4,4,34.51797298,110.4843206,24.27650244,4,51,179.094825
2/26/2011 21:00,2,3,35.13184335,152.040886,18.42121606,10,141,212.930593
2/26/2011 22:00,3,4,35.31836357,134.7405906,45.6510843,12,133,323.49546
2/26/2011 23:00,2,2,,,,33,17,225.5816435
2/27/2011 0:00,1,3,35.13454136,103.7332975,18.85228571,7,36,181.7317864
2/27/2011 1:00,2,3,28.20556349,119.2303623,53.19551449,24,191,360.1097135
2/27/2011 2:00,3,4,21.2033375,135.8080941,42.17934754,26,98,221.5158448
2/27/2011 3:00,3,3,32.3667049,168.6315841,53.54692289,10,34,143.7173428
2/27/2011 4:00,4,3,25.38354161,154.4908435,15.93176853,17,125,226.667835
2/27/2011 5:00,2,3,33.59427468,140.8793217,26.91294707,9,16,155.7749448
2/27/2011 6:00,3,1,,,,32,109,308.4583056
2/27/2011 7:00,1,1,,,,35,87,246.1510487
2/27/2011 8:00,4,3,33.6953985,175.0108662,21.51997347,16,9,171.0985948
2/27/2011 9:00,1,1,,,,48,50,263.0529572
2/27/2011 10:00,2,2,148.5359488,526.781669,47.67664244,4,111,201.9851285
2/27/2011 11:00,2,3,26.93768852,128.1580813,36.02660834,22,80,293.0953082
2/27/2011 12:00,2,2,14.68555778,130.9855238,26.71290174,2,51,223.4681418
2/27/2011 13:00,4,4,22.07791778,128.9290136,12.1906422,38,63,252.1854845
2/27/2011 14:00,3,2,,,,36,32,231.5116998
2/27/2011 15:00,4,4,14.53037272,155.7422233,43.78675976,9,96,269.9413019
2/27/2011 16:00,1,3,41.37002072,121.9824783,50.65272005,26,16,186.6083465
2/27/2011 17:00,4,4,15.09844016,130.8292885,33.4266214,6,123,307.6976136
2/27/2011 18:00,1,4,42.67736021,117.9371082,57.58090658,48,176,346.2895777
2/27/2011 19:00,4,2,36.51092026,99.76177025,53.90996024,28,107,284.7438255
2/27/2011 20:00,3,2,22.13592401,167.6547407,36.30376147,48,126,349.5588626
2/27/2011 21:00,1,2,22.39909543,121.983145,30.07692068,38,6,99.19366317
2/27/2011 22:00,2,3,35.32988852,154.551993,10.29988088,5,111,265.0886215
2/27/2011 23:00,2,3,,,,8,192,357.7079238
2/28/2011 0:00,4,2,36.37473766,156.2304457,37.80388344,7,126,217.7365748
2/28/2011 1:00,2,3,24.1450397,160.524258,56.14296452,13,189,346.4644478
2/28/2011 2:00,1,3,,,,37,9,158.2186831
2/28/2011 3:00,2,4,42.27933419,161.1156716,56.86032657,8,30,185.9540563
2/28/2011 4:00,3,4,15.93971966,108.3424977,51.7859088,10,24,167.2198823
2/28/2011 5:00,3,2,,,,10,184,301.6999974
2/28/2011 6:00,4,3,23.37279018,152.7479115,26.10180519,39,64,272.3997217
2/28/2011 7:00,1,4,33.86216526,116.4418366,16.73377534,34,170,327.5788184
2/28/2011 8:00,3,1,143.4404059,547.6493769,200.801502,10,130,284.2486281
2/28/2011 9:00,3,3,95.7997328,528.6289348,189.4275643,35,54,264.5910762
2/28/2011 10:00,1,1,17.04932203,156.5523777,18.93109385,2,47,157.6887338
2/28/2011 11:00,2,2,14.01980215,113.6929321,46.13011257,44,64,244.4509551
2/28/2011 12:00,2,3,27.0579703,143.9588996,37.79828004,18,198,337.3695603
2/28/2011 13:00,4,2,23.04626174,109.5695399,13.50827399,7,112,247.0838703
2/28/2011 14:00,2,2,39.06020516,156.5136481,33.25578349,27,114,341.9516887
2/28/2011 15:00,1,2,29.35046595,136.8233592,55.45866902,0,59,208.9922697
2/28/2011 16:00,3,2,19.3064087,144.47532,33.32540171,39,13,197.7166222
2/28/2011 17:00,2,2,38.50406966,131.4198532,47.98703492,29,86,267.0512985
2/28/2011 18:00,4,3,29.65608887,103.0459276,8.363933903,40,80,269.2562918
2/28/2011 19:00,2,1,31.36612308,102.879705,43.99884559,37,13,131.5939091
2/28/2011 20:00,1,3,16.05939865,94.14993409,56.42519076,10,136,351.2909402
2/28/2011 21:00,4,3,28.10158542,144.5150668,32.17685406,28,84,204.4768179
2/28/2011 22:00,2,3,39.32849947,160.8819231,26.5606691,30,172,390.4055076
2/28/2011 23:00,4,4,,,,9,1,164.9879044
3/1/2011 0:00,1,4,22.74746529,103.6560598,53.96250635,34,159,334.8905657
3/1/2011 1:00,3,3,31.60457151,130.5168676,20.25736481,39,7,173.3223855
3/1/2011 2:00,1,1,42.66826928,146.7307091,29.83962757,28,35,277.6614787
3/1/2011 3:00,1,3,21.54094699,101.1312823,15.27513663,36,164,354.6610642
3/1/2011 4:00,1,2,,,,1,14,152.0767224
3/1/2011 5:00,1,4,,,,47,33,200.5078902
3/1/2011 6:00,3,4,16.75718455,126.6296712,54.84137366,0,148,264.931002
3/1/2011 7:00,3,3,32.23260398,119.4475137,27.9660642,31,8,177.123442
3/1/2011 8:00,4,3,,,,23,39,170.7066799
3/1/2011 9:00,2,1,28.78616942,152.471827,52.06379967,1,25,183.0339444
3/1/2011 10:00,3,1,26.98522284,136.6855224,24.36775298,2,149,268.2947719
3/1/2011 11:00,3,2,,,,8,140,314.832326
3/1/2011 12:00,2,3,32.42814596,141.1050509,45.50723639,48,24,238.1808875
3/1/2011 13:00,3,3,18.26094525,133.9697828,24.79634592,23,198,356.0597889
3/1/2011 14:00,1,3,25.55330145,175.9486996,16.99933709,11,114,279.1515072
3/1/2011 15:00,1,4,19.63387623,117.2844406,30.95067417,33,90,278.6729263
3/1/2011 16:00,2,2,14.32726008,156.0025533,26.24383054,33,142,267.9116173
3/1/2011 17:00,4,1,40.29406708,149.3241284,20.95866601,22,44,254.7518994
3/1/2011 18:00,4,4,108.3951999,406.3899124,240.3099758,18,20,167.1483303
3/1/2011 19:00,2,4,42.0131922,168.480881,36.43328885,31,88,276.7073669
3/1/2011 20:00,2,4,16.08455153,121.50783,50.83913007,48,39,245.5683743
3/1/2011 21:00,1,4,33.21052397,144.3703044,16.42405232,27,174,263.1930513
3/1/2011 22:00,4,2,19.3916793,108.5576901,55.4610285,25,85,227.1907711
3/1/2011 23:00,3,3,37.55337908,114.1432122,47.88659172,48,60,270.1291822
3/2/2011 0:00,1,1,37.2232777,133.0699703,50.7712401,44,13,195.8051496
3/2/2011 1:00,2,1,18.11835207,105.5436012,29.52434607,11,199,367.6261019
3/2/2011 2:00,4,4,40.11733421,130.3369695,33.51099786,42,87,268.7474523
3/2/2011 3:00,3,4,15.64551146,121.7595976,37.44679384,30,66,269.8773306
3/2/2011 4:00,3,2,,,,10,75,225.4363025
3/2/2011 5:00,1,4,40.67422271,131.9062342,51.07422099,39,174,392.7573554
3/2/2011 6:00,4,1,,,,49,143,299.6532095
3/2/2011 7:00,4,1,42.2874158,147.5674991,51.99670701,3,70,206.2442367
3/2/2011 8:00,2,3,25.17512583,114.2460844,56.28459164,17,17,153.2908114
3/2/2011 9:00,4,3,67.84482606,406.7844446,156.6236733,28,172,348.7712276
3/2/2011 10:00,4,1,,,,46,22,196.7714423
3/2/2011 11:00,1,1,30.84459052,112.7813476,48.66621142,38,25,193.2653776
3/2/2011 12:00,4,2,,,,46,193,355.0271224
3/2/2011 13:00,3,2,,,,30,129,282.3673456
3/2/2011 14:00,1,1,33.36275859,125.0081282,47.3307667,27,149,312.9003846
3/2/2011 15:00,1,4,18.63406838,94.06861451,13.46727989,26,114,216.587615
3/2/2011 16:00,2,3,24.19612926,99.8166917,37.63152622,29,165,262.1943144
3/2/2011 17:00,4,1,33.07561242,102.5208576,30.43480038,48,169,356.0408565
3/2/2011 18:00,2,4,29.04664831,134.8789845,57.46322468,41,155,250.210417
3/2/2011 19:00,3,1,38.16735017,111.5631444,22.3010895,10,62,203.510669
3/2/2011 20:00,1,3,16.86791768,133.3137551,17.90486347,13,16,155.0092354
3/2/2011 21:00,1,3,33.72007287,121.7807856,54.30940593,3,111,267.6044828
3/2/2011 22:00,1,2,,,,35,186,338.2019814
3/2/2011 23:00,3,2,16.59530035,111.2913145,41.11755264,0,114,298.4671494
3/3/2011 0:00,3,2,30.99912658,125.8622567,22.36222781,43,1,206.8457536
3/3/2011 1:00,2,2,39.31116002,148.5019753,35.82355759,38,98,228.0511951
3/3/2011 2:00,2,3,23.40763946,115.2883698,40.05887752,36,78,242.9087615
3/3/2011 3:00,2,4,23.10099825,154.9481898,30.82104632,32,107,322.2738303
3/3/2011 4:00,4,4,26.21371132,150.0382192,55.97949886,20,115,251.54843
3/3/2011 5:00,1,4,19.73850253,128.1739811,16.31233289,23,108,266.9097162
3/3/2011 6:00,1,1,39.22637741,130.3483139,27.16638847,39,177,395.6393995
3/3/2011 7:00,2,2,34.49736338,170.1354691,30.15937941,49,142,312.3167775
3/3/2011 8:00,1,2,16.60270711,142.6814015,38.57963563,12,145,328.2431054
3/3/2011 9:00,2,3,26.45392758,165.6874572,28.53699064,48,76,234.2727679
3/3/2011 10:00,4,3,,,,33,37,120.9633766
3/3/2011 11:00,4,1,23.93872403,136.0689835,55.3494229,37,135,346.4666953
3/3/2011 12:00,3,1,31.2740691,167.8718677,29.47738062,28,79,257.7918782
3/3/2011 13:00,4,4,14.87883001,115.9348708,24.4132061,35,147,334.7857539
3/3/2011 14:00,2,3,29.01857798,173.760379,29.74433991,39,187,330.8789279
3/3/2011 15:00,4,2,16.24244044,91.94768636,19.55376049,46,25,178.2862067
3/3/2011 16:00,3,4,38.90591195,163.5716803,14.63574772,4,162,338.2188418
3/3/2011 17:00,1,2,22.45927261,131.1733738,15.68872165,19,120,284.0209138
3/3/2011 18:00,2,4,24.45265378,102.2482843,17.11302797,28,80,242.2199487
3/3/2011 19:00,1,2,36.98323836,166.3669546,18.91525798,10,153,307.3903535
3/3/2011 20:00,3,1,,,,7,17,207.0366302
3/3/2011 21:00,3,4,26.32525415,93.48159255,38.5092915,27,171,357.5110092
3/3/2011 22:00,3,2,20.82711811,106.2414286,38.93362348,48,134,305.579892
3/3/2011 23:00,1,2,76.31094776,506.2268206,31.15487922,40,34,169.733485
3/4/2011 0:00,1,3,36.87008358,166.7108023,56.24489923,17,11,183.4985939
3/4/2011 1:00,1,4,37.63033395,101.9541706,49.91227259,29,120,259.1567884
3/4/2011 2:00,1,2,13.39521646,130.5627865,56.92520851,13,112,227.4233556
3/4/2011 3:00,3,3,39.13909581,98.07001583,26.62594059,8,43,228.3859618
3/4/2011 4:00,3,2,27.277964,154.6351095,40.1767224,9,40,213.1044684
3/4/2011 5:00,2,4,39.98932123,106.0742978,18.59351615,24,53,226.5216709
3/4/2011 6:00,2,1,25.06819543,111.5855004,49.58232201,26,128,254.8179658
3/4/2011 7:00,1,4,33.82991567,120.3755211,17.0441023,1,24,216.6666313
3/4/2011 8:00,4,4,31.74448889,133.5897697,22.78322752,2,79,249.8734581
3/4/2011 9:00,4,2,29.7119635,160.8602573,33.56619821,28,121,277.9125872
3/4/2011 10:00,3,2,28.33710287,131.7415989,37.61814637,36,14,172.5864873
3/4/2011 11:00,3,4,19.96777595,97.11722809,34.89937923,26,74,240.4183025
3/4/2011 12:00,3,3,,,,3,100,226.7297588
3/4/2011 13:00,2,3,25.05783148,149.626556,28.05287152,34,130,368.4566333
3/4/2011 14:00,2,3,39.74754177,100.7090771,53.10378167,26,172,324.5538464
3/4/2011 15:00,3,2,20.4409247,98.21491738,51.91391275,18,119,243.1018819
3/4/2011 16:00,3,2,32.77103591,114.0570759,37.38440013,9,44,238.8095015
3/4/2011 17:00,3,4,39.94867806,163.6066188,37.18302919,25,178,324.1038158
3/4/2011 18:00,4,1,33.93163551,146.9239513,15.48273154,6,169,336.7872063
3/4/2011 19:00,2,2,40.69319494,132.3008584,18.10504671,26,166,350.4745508
3/4/2011 20:00,4,4,37.64311966,109.4198696,18.60745482,29,19,184.4746679
3/4/2011 21:00,4,4,26.40508486,118.7334312,32.38817851,11,145,265.0602206
3/4/2011 22:00,3,1,,,,39,115,290.823217
3/4/2011 23:00,3,3,16.96013576,111.3952438,31.16977926,4,166,273.1914402
3/5/2011 0:00,1,4,27.29752121,158.4759601,16.04283878,12,98,247.5942964
3/5/2011 1:00,1,4,15.84180122,136.9287377,30.63423804,40,28,229.5078163
3/5/2011 2:00,4,4,34.81321914,106.6510216,14.50081397,3,19,211.8763046
3/5/2011 3:00,2,3,28.268789,133.8465534,45.87645214,1,169,275.7259466
3/5/2011 4:00,3,3,28.04288445,167.9068716,16.8316563,36,78,244.8661667
3/5/2011 5:00,3,1,22.00130672,129.9461234,33.41279486,33,95,250.6540842
3/5/2011 6:00,4,2,40.59500553,150.7542765,44.68985861,49,11,206.6290772
3/5/2011 7:00,1,3,18.54525759,114.0903635,20.51572947,5,55,152.781111
3/5/2011 8:00,2,2,16.44283055,143.0457166,12.4362646,25,114,249.5939355
3/5/2011 9:00,1,2,20.37864671,156.4290375,37.02975286,10,11,108.7117598
3/5/2011 10:00,1,3,41.37516869,162.572718,10.7333365,41,52,188.3415482
3/5/2011 11:00,1,4,40.16294143,122.643219,36.11624313,0,97,215.6959657
3/5/2011 12:00,1,1,31.61108681,152.245979,45.89839365,33,7,228.6539802
3/5/2011 13:00,3,2,41.28667548,89.76676484,25.01996342,20,57,225.9739055
3/5/2011 14:00,3,4,22.90202617,114.6037771,31.39878994,9,23,172.514144
3/5/2011 15:00,1,3,,,,4,108,290.9892116
3/5/2011 16:00,2,2,16.02249763,108.2009292,32.74340434,25,60,235.1089188
3/5/2011 17:00,4,2,13.51462921,114.7821034,56.63400321,43,128,323.9466037
3/5/2011 18:00,2,2,16.3793016,116.1754383,17.38936715,18,88,230.4469116
3/5/2011 19:00,2,4,26.38431282,171.5589129,43.31298967,20,77,216.5361071
3/5/2011 20:00,2,4,36.81118686,153.1149557,40.02058059,33,69,201.3404487
3/5/2011 21:00,1,4,23.44330356,126.4446635,52.86611691,28,172,320.6598567
3/5/2011 22:00,3,2,41.15009045,167.492145,12.73355082,37,136,303.2951148
3/5/2011 23:00,2,2,,,,14,111,274.0706464
3/6/2011 0:00,1,1,,,,39,128,304.6445733
3/6/2011 1:00,2,1,25.66771045,149.3412939,53.07623941,15,151,293.8134767
3/6/2011 2:00,2,4,30.78692286,96.11714721,29.20522045,17,59,187.4334801
3/6/2011 3:00,1,4,,,,48,175,373.7757959
3/6/2011 4:00,3,3,,,,0,166,289.8872052
3/6/2011 5:00,3,4,34.1221774,104.9482519,13.13883743,10,17,176.4522663
3/6/2011 6:00,4,1,24.11382668,104.8966493,23.20562281,35,104,220.458378
3/6/2011 7:00,1,1,31.2407472,166.2691584,36.54076475,31,91,270.9673335
3/6/2011 8:00,4,1,41.15414446,154.7423254,50.70890016,27,51,239.30005
3/6/2011 9:00,4,2,,,,5,1,163.4969001
3/6/2011 10:00,4,2,37.38904767,129.7473473,54.3721818,6,100,239.02748
3/6/2011 11:00,3,4,30.26302344,118.4262826,18.96163887,39,163,368.4067476
3/6/2011 12:00,1,3,94.96651653,500.8154129,181.3429249,23,47,170.7765242
3/6/2011 13:00,4,3,43.90054048,124.9587665,44.73793478,9,116,261.3071882
3/6/2011 14:00,1,3,27.09997918,106.5772539,22.59224116,29,87,249.1995626
3/6/2011 15:00,1,2,22.34655053,147.5180945,10.43634214,16,34,220.1114808
3/6/2011 16:00,3,1,71.56173395,377.6670403,103.7078375,43,197,318.4227356
3/6/2011 17:00,4,1,18.48735093,112.0481859,11.26421743,7,80,194.3116666
3/6/2011 18:00,4,2,37.35175675,160.3370276,51.73463821,11,93,295.4910969
3/6/2011 19:00,1,3,31.98304584,143.030763,54.42731127,25,114,205.1745904
3/6/2011 20:00,2,3,42.04908177,140.7997395,46.84919123,16,71,250.5422817
3/6/2011 21:00,3,4,,,,34,169,321.1177231
3/6/2011 22:00,3,4,84.37540847,435.1489702,91.36477813,45,79,270.7865785
3/6/2011 23:00,3,3,,,,43,37,261.5769218
3/7/2011 0:00,3,2,,,,4,153,304.9775921
3/7/2011 1:00,4,3,,,,44,30,256.2353105
3/7/2011 2:00,4,4,28.84496335,172.6699709,42.16943256,10,179,313.4467439
3/7/2011 3:00,2,3,23.86511408,169.4492461,46.33322784,15,187,330.4298288
3/7/2011 4:00,3,2,40.63428789,125.5638341,27.67101387,41,7,210.8582679
3/7/2011 5:00,3,1,,,,29,188,343.0879576
3/7/2011 6:00,1,2,13.45172729,139.7788709,46.77570503,39,34,230.2091207
3/7/2011 7:00,4,2,38.40319325,131.8739798,29.68543299,5,33,212.8207006
3/7/2011 8:00,3,4,18.75978943,95.87226385,49.83159907,19,137,321.3745126
3/7/2011 9:00,2,2,16.30033951,137.012402,29.87059726,19,167,277.9748773
3/7/2011 10:00,2,2,21.25053531,170.039716,19.8706914,23,107,259.1186065
3/7/2011 11:00,4,4,24.42698558,154.4959551,16.20630122,26,51,224.8327966
3/7/2011 12:00,2,4,26.21623613,147.5815933,44.69768315,2,139,273.0787951
3/7/2011 13:00,2,1,18.83950988,106.1964221,37.24021793,23,104,268.7943478
3/7/2011 14:00,4,3,18.98908405,114.6535422,27.49236408,9,154,311.2832427
3/7/2011 15:00,3,2,35.68848908,123.2504691,32.02398462,24,146,293.6518166
3/7/2011 16:00,3,4,39.36305375,114.1216126,34.93138032,27,56,216.6634205
3/7/2011 17:00,2,1,38.5563388,139.2412564,19.82785395,17,53,174.0532586
3/7/2011 18:00,2,3,20.31121701,124.1722142,28.74771293,41,14,180.1667472
3/7/2011 19:00,3,4,18.62343274,137.128522,21.30620686,44,109,246.71933
3/7/2011 20:00,4,3,19.83861081,127.3522652,28.77622155,13,164,320.032263
3/7/2011 21:00,2,3,19.30827929,118.7721502,33.82621798,0,188,321.7583568
3/7/2011 22:00,1,2,27.42289049,109.0046822,18.29312632,19,145,276.0988143
3/7/2011 23:00,4,2,31.20142073,168.9417285,30.87054874,46,43,282.1480994
3/8/2011 0:00,2,4,34.9492183,102.0673253,28.75302992,24,90,246.245582
3/8/2011 1:00,2,3,34.72131814,88.67222523,23.27495704,11,101,260.2221229
3/8/2011 2:00,1,4,22.05150902,161.5126909,56.65450591,47,127,294.4841346
3/8/2011 3:00,1,4,22.10808657,174.312657,10.53849116,38,83,248.2302706
3/8/2011 4:00,3,3,31.73047551,153.7324243,40.55261375,45,148,342.4106839
3/8/2011 5:00,4,4,23.59145477,101.9186609,15.06205655,8,28,165.7283035
3/8/2011 6:00,4,3,74.54220963,398.9688107,208.1546,8,106,253.8124778
3/8/2011 7:00,3,3,18.33348021,169.5610267,51.61062603,41,14,218.9356443
3/8/2011 8:00,4,3,21.9828039,161.2089569,29.2554874,40,85,249.2076361
3/8/2011 9:00,4,3,17.41105444,130.3085406,48.87925879,24,86,209.8010883
3/8/2011 10:00,4,1,33.1308177,111.6357875,20.65526012,29,67,189.9954842
3/8/2011 11:00,4,3,36.53071633,94.35954476,14.27799394,47,87,316.9540598
3/8/2011 12:00,4,2,,,,39,63,269.7527523
3/8/2011 13:00,1,2,19.02215105,148.1467754,26.33646462,27,13,199.5097906
3/8/2011 14:00,4,2,35.17223473,90.35074035,29.22517078,1,164,291.7716524
3/8/2011 15:00,1,3,17.86812598,172.7330303,26.31568065,24,53,176.878259
3/8/2011 16:00,4,2,24.41182087,110.0686274,29.23679601,17,58,206.4190204
3/8/2011 17:00,3,1,,,,23,127,287.1048338
3/8/2011 18:00,2,4,,,,17,186,308.9762978
3/8/2011 19:00,1,3,35.17965946,141.8548984,9.697093712,26,54,175.850528
3/8/2011 20:00,4,2,36.15602768,103.9275212,33.04073345,43,170,301.0481955
3/8/2011 21:00,3,1,17.2983261,155.9422377,31.75431116,34,179,372.6967122
3/8/2011 22:00,2,4,23.32378988,135.3377807,11.51991423,33,38,174.8314968
3/8/2011 23:00,1,1,20.28126942,93.72283321,14.71680919,37,76,262.2918721
3/9/2011 0:00,2,2,15.88153165,162.4386463,32.73499562,5,146,279.0928699
3/9/2011 1:00,3,1,42.27412402,135.0730087,19.25559822,48,183,388.7332924
3/9/2011 2:00,1,4,32.09866375,172.3631643,52.68184302,15,163,328.1361668
3/9/2011 3:00,2,2,26.14935726,171.1064992,15.14765213,22,179,334.1205718
3/9/2011 4:00,4,4,163.7886281,600.1748102,41.53355436,27,43,214.0095467
3/9/2011 5:00,1,1,38.06696164,94.4993435,30.08370598,12,45,193.8030969
3/9/2011 6:00,2,3,36.86512078,106.3119196,56.47392783,11,96,228.6699885
3/9/2011 7:00,3,3,19.91573765,168.0188203,38.5714926,10,167,346.5500961
3/9/2011 8:00,3,3,19.23046755,129.3165656,26.35226662,46,79,252.4725961
3/9/2011 9:00,1,3,31.18281618,108.2721161,8.800938534,48,180,365.576487
3/9/2011 10:00,2,4,23.45711696,154.9969913,33.81202518,21,184,302.7454078
3/9/2011 11:00,1,3,44.81015476,121.1207517,17.02786338,30,146,324.4376548
3/9/2011 12:00,1,4,33.23323267,152.2948712,39.78045349,26,43,190.9160113
3/9/2011 13:00,2,2,38.87356172,158.9142596,37.02407305,26,93,244.9451286
3/9/2011 14:00,2,3,20.93199869,149.2725478,20.47211357,39,147,301.0808783
3/9/2011 15:00,4,4,37.64067312,118.8515068,11.4077641,25,43,204.564913
3/9/2011 16:00,2,3,26.44697462,122.4091142,46.02882034,6,170,256.1077169
3/9/2011 17:00,3,3,44.91389029,127.8389706,37.71147696,10,110,280.7896812
3/9/2011 18:00,1,3,16.90256278,131.7305266,51.57083201,21,6,166.1760896
3/9/2011 19:00,1,4,,,,39,41,206.3345134
3/9/2011 20:00,3,1,36.99973433,129.635888,40.92776657,18,61,172.9231966
3/9/2011 21:00,2,3,27.762975,134.7976512,13.23073264,37,1,191.3791389
3/9/2011 22:00,3,3,28.09029493,139.2112236,22.96535707,19,76,216.3743197
3/9/2011 23:00,3,2,40.98151494,170.3773857,41.20434312,18,45,242.6037474
3/10/2011 0:00,4,1,24.56052485,140.0951082,48.23375782,18,37,210.0276915
3/10/2011 1:00,3,4,33.27093972,112.2900237,23.08719015,35,94,315.4947611
3/10/2011 2:00,1,2,14.06485829,147.3492168,48.38764986,46,128,318.581146
3/10/2011 3:00,3,3,,,,26,174,372.8236685
3/10/2011 4:00,1,2,30.64093744,115.1035693,25.14171064,16,106,276.3890444
3/10/2011 5:00,1,2,26.07176351,143.1699422,52.40698069,17,140,283.9933845
3/10/2011 6:00,1,3,,,,19,59,224.1560278
3/10/2011 7:00,2,1,28.726257,124.9508104,39.80468357,43,191,349.5370261
3/10/2011 8:00,4,1,,,,41,195,438.6368705
3/10/2011 9:00,1,2,15.98251058,173.9202612,29.29771063,40,54,231.564394
3/10/2011 10:00,1,3,31.44215595,144.1545481,50.35074023,7,106,254.3935024
3/10/2011 11:00,2,4,,,,39,30,221.3236023
3/10/2011 12:00,1,2,16.76338208,162.7061005,9.842024659,10,96,214.0324859
3/10/2011 13:00,3,4,33.58814447,168.2881843,53.11708658,29,141,350.2987846
3/10/2011 14:00,3,2,14.37060018,134.9450882,48.80444264,11,85,205.914557
3/10/2011 15:00,4,2,24.50970442,144.7851956,25.69934978,22,132,257.1471053
3/10/2011 16:00,1,3,19.99636954,124.15901,19.17104952,5,118,258.7122668
3/10/2011 17:00,2,3,,,,34,181,317.3458137
3/10/2011 18:00,3,4,34.15756167,131.7809772,11.07390534,14,180,381.5996927
3/10/2011 19:00,2,4,35.43323282,159.3267504,29.22516417,37,164,334.8371028
3/10/2011 20:00,2,1,21.20375094,153.253953,12.51247605,27,95,166.1398868
3/10/2011 21:00,3,3,15.13198919,162.1980085,37.99510409,6,184,336.7900644
3/10/2011 22:00,2,2,16.19862618,94.3094541,11.063762,5,2,164.4134721
3/10/2011 23:00,3,2,25.35418967,133.0423161,39.43396237,26,138,292.181995
3/11/2011 0:00,2,1,41.88524571,101.4765575,41.78161032,1,41,142.164828
3/11/2011 1:00,3,3,22.33684739,109.2422204,32.93067975,5,182,324.7590511
3/11/2011 2:00,1,2,18.86189302,163.2909662,17.81957821,31,165,322.4237267
3/11/2011 3:00,4,1,,,,28,151,290.6243487
3/11/2011 4:00,3,1,33.98585177,154.0809432,24.0730225,33,136,277.9933561
3/11/2011 5:00,3,2,,,,0,140,285.6117689
3/11/2011 6:00,4,2,28.23454443,126.33328,39.49207537,14,85,267.0319251
3/11/2011 7:00,3,4,37.80592245,154.3080344,8.747270553,9,145,308.8041473
3/11/2011 8:00,3,3,30.37886499,107.7950663,43.66588334,9,9,107.1344437
3/11/2011 9:00,2,4,,,,9,139,307.4552533
3/11/2011 10:00,4,1,19.88288219,102.3830988,31.97791844,36,46,246.1816536
3/11/2011 11:00,1,2,32.06523808,149.7520837,23.85142161,31,82,295.8348422
3/11/2011 12:00,3,4,33.27932652,170.1205846,51.11392648,35,116,263.5437997
3/11/2011 13:00,4,1,30.23484941,153.3181589,46.75328337,24,9,172.3588322
3/11/2011 14:00,2,3,,,,14,128,300.0991043
3/11/2011 15:00,1,2,31.60431686,162.2653538,26.40768431,8,184,317.2632175
3/11/2011 16:00,4,4,38.87773698,157.4755287,55.31353727,15,70,242.6635619
3/11/2011 17:00,1,3,28.95971777,133.5875183,12.34424641,40,118,298.4019009
3/11/2011 18:00,1,4,39.81857164,135.705693,27.77127103,18,118,251.7454568
3/11/2011 19:00,1,1,20.04645869,126.0279129,31.52928472,45,138,301.318231
3/11/2011 20:00,3,3,36.01869331,158.066802,30.20097677,43,180,401.650562
3/11/2011 21:00,3,4,43.35028226,108.8658968,40.22275404,11,126,248.2956909
3/11/2011 22:00,2,3,26.8075431,93.70888203,16.79033175,34,3,143.164598
3/11/2011 23:00,2,1,35.75094907,168.388466,53.62496465,42,188,381.5523144
3/12/2011 0:00,4,3,35.79491553,97.7089912,35.30611599,4,85,229.3200932
3/12/2011 1:00,2,4,14.99232704,171.1523044,52.93551935,37,9,147.9049499
3/12/2011 2:00,1,1,28.89657469,144.7120729,7.348871486,5,132,262.6872868
3/12/2011 3:00,1,2,17.81595438,118.6882461,39.40604317,13,188,317.7827347
3/12/2011 4:00,3,4,39.92241088,145.2606791,28.66905031,47,123,292.0524259
3/12/2011 5:00,1,4,39.97910114,161.5569086,33.34681713,11,75,303.0678237
3/12/2011 6:00,4,1,15.62775692,116.0251616,45.07040875,49,157,338.2575604
3/12/2011 7:00,1,1,17.32255722,148.1868406,18.5610134,21,56,191.9136612
3/12/2011 8:00,1,2,31.67005729,162.9655095,17.16678209,44,160,406.0210324
3/12/2011 9:00,4,4,23.10891248,109.2192358,42.58088516,40,164,372.0312561
3/12/2011 10:00,2,1,15.50334815,105.9857931,35.01520728,49,81,293.1445696
3/12/2011 11:00,2,2,28.5833886,110.9357064,20.8380791,3,195,314.4231507
3/12/2011 12:00,4,2,26.66902311,104.6773181,31.92192375,42,22,241.1766433
3/12/2011 13:00,3,1,13.627699,94.37904472,29.83491325,17,69,251.9365294
3/12/2011 14:00,1,4,,,,30,6,181.8771146
3/12/2011 15:00,4,3,44.62396775,123.3318298,10.01337472,34,18,141.9914551
3/12/2011 16:00,1,3,33.99866866,165.1647244,38.12828226,3,142,285.8990565
3/12/2011 17:00,3,2,36.61706016,123.1415515,38.61766133,8,116,317.4106719
3/12/2011 18:00,1,3,20.82358182,127.681078,46.02720683,44,85,277.1403152
3/12/2011 19:00,4,3,21.57814294,146.3467524,53.78269088,14,159,303.2509011
3/12/2011 20:00,1,1,20.27345006,172.235792,28.63685949,41,78,253.707229
3/12/2011 21:00,2,2,37.24377183,138.2687601,24.51528633,20,58,214.7994187
3/12/2011 22:00,3,4,43.02804546,116.8027939,12.36620414,31,69,217.6045862
3/12/2011 23:00,3,2,37.05120438,166.8523591,25.19963882,8,197,345.3716786
3/13/2011 0:00,3,1,40.58464141,113.979998,11.35023304,47,5,236.9070564
3/13/2011 1:00,4,3,32.00568541,108.3686398,48.66403024,31,75,287.52465
3/13/2011 2:00,3,4,26.30654197,126.4798457,47.60842748,15,193,327.0268956
3/13/2011 3:00,2,2,29.90434952,172.6613045,29.99486184,44,131,354.9498498
3/13/2011 4:00,4,3,,,,4,118,286.5231091
3/13/2011 5:00,2,2,12.33190086,137.9098156,14.3526425,41,69,270.7049535
3/13/2011 6:00,1,4,36.41830355,142.6924957,51.51109565,30,184,368.6780675
3/13/2011 7:00,1,2,26.25655984,173.0901879,52.73840475,24,188,325.8253195
3/13/2011 8:00,1,2,25.57516026,121.8898004,21.42169921,0,114,243.5851512
3/13/2011 9:00,1,2,31.7785171,119.5827025,39.65780715,2,183,351.7559208
3/13/2011 10:00,2,3,89.41642371,491.4820145,92.15972845,20,100,225.5781165
3/13/2011 11:00,4,4,27.45894763,123.0151978,19.51723763,27,141,278.5768178
3/13/2011 12:00,4,4,28.1471409,152.1659524,8.071576699,2,110,263.0018239
3/13/2011 13:00,3,3,25.39734285,144.7047105,37.18185962,41,82,241.1457376
3/13/2011 14:00,2,3,39.4084076,160.110378,15.19911255,31,6,203.5643504
3/13/2011 15:00,1,3,26.0316889,162.5438901,6.0059766,31,181,331.2367695
3/13/2011 16:00,2,1,32.51202813,170.4238679,13.43355881,48,185,382.210487
3/13/2011 17:00,3,2,39.72987528,133.5830772,23.53579358,29,60,240.7369901
3/13/2011 18:00,3,2,40.84973891,163.6710918,42.34314194,49,107,283.4477494
3/13/2011 19:00,2,4,41.32599943,113.9561375,17.10421084,12,71,217.7369234
3/13/2011 20:00,2,2,19.61753078,153.408069,50.59617425,33,155,309.5416965
3/13/2011 21:00,2,1,16.61351334,146.2386877,22.30814329,47,182,370.3996044
3/13/2011 22:00,4,3,20.15276035,152.8911218,24.65721742,3,98,214.122819
3/13/2011 23:00,1,4,,,,17,52,204.2838803
3/14/2011 0:00,2,4,41.41552974,158.299911,20.42290121,31,82,277.4595058
3/14/2011 1:00,2,2,36.5604522,172.0672022,10.35104047,13,171,291.9178919
3/14/2011 2:00,2,4,,,,31,27,185.4239765
3/14/2011 3:00,3,3,16.77170232,160.1248141,50.33650867,5,45,207.5995519
3/14/2011 4:00,3,4,18.04461804,102.6122132,43.19519543,42,176,297.7379428
3/14/2011 5:00,4,3,31.72021621,112.8611833,51.83938333,16,122,335.7504
3/14/2011 6:00,1,1,37.07957531,170.7816838,12.65963123,7,194,374.4561949
3/14/2011 7:00,4,1,35.9801832,150.5759676,32.19908272,34,154,283.9639547
3/14/2011 8:00,1,3,39.5385497,136.6201798,18.88385876,23,166,268.0036987
3/14/2011 9:00,3,2,17.343416,124.424231,44.30812085,2,83,228.0336368
3/14/2011 10:00,3,4,24.62274152,87.16672553,56.03097959,16,26,150.5533058
3/14/2011 11:00,3,2,24.06645477,126.9808819,50.08661934,35,34,240.0209388
3/14/2011 12:00,4,4,23.98942846,134.6162944,9.529891602,39,46,239.0116994
3/14/2011 13:00,2,1,40.54377952,110.5632502,23.62701016,16,51,212.9084853
3/14/2011 14:00,2,1,30.83462054,110.2823391,8.968288796,29,68,222.1148895
3/14/2011 15:00,3,1,37.92136326,128.8450004,9.882233407,24,193,407.2382625
3/14/2011 16:00,2,4,26.29598801,151.8684328,12.85282075,21,40,225.8570344
3/14/2011 17:00,2,1,14.80051705,114.0375,22.3366873,36,49,245.3638697
3/14/2011 18:00,4,1,17.33725634,141.6313611,22.90647929,10,44,232.2859843
3/14/2011 19:00,1,1,30.60212859,162.5828397,29.38728698,11,19,141.7338754
3/14/2011 20:00,3,1,,,,20,119,319.8572191
3/14/2011 21:00,3,2,21.92818233,170.9230699,45.79289562,14,198,346.3922018
3/14/2011 22:00,4,1,29.72269627,174.7670636,13.34828449,11,35,198.3876952
3/14/2011 23:00,4,1,,,,21,199,357.6672535
3/15/2011 0:00,2,2,24.52714245,105.8178762,39.39709117,38,90,214.0405009
3/15/2011 1:00,3,2,32.20709027,131.7223556,36.83849621,34,69,274.1122282
3/15/2011 2:00,1,4,26.62382068,135.2434306,16.70798608,41,151,279.6725777
3/15/2011 3:00,4,3,36.58178917,128.5182224,49.16185411,15,163,291.4267424
3/15/2011 4:00,1,1,36.13262882,120.4032202,23.65479555,32,132,292.8528903
3/15/2011 5:00,1,1,45.15632588,151.9957026,24.81385813,42,147,272.8444175
3/15/2011 6:00,3,1,,,,48,180,337.4494458
3/15/2011 7:00,3,4,28.45649908,181.0015682,23.14877925,13,104,266.8279536
3/15/2011 8:00,4,1,21.74964168,120.0565806,35.87075752,17,167,316.0990274
3/15/2011 9:00,3,3,21.10700722,166.5957787,27.83308611,43,97,274.589175
3/15/2011 10:00,3,2,34.4566563,95.26172109,19.6508831,15,102,232.0787516
3/15/2011 11:00,3,4,37.81489135,121.5043451,52.03750593,39,123,305.9295546
3/15/2011 12:00,1,2,24.85972911,121.1224884,21.26450245,2,177,311.8018297
3/15/2011 13:00,4,1,17.22838918,168.4035891,42.75622073,42,73,208.3454498
3/15/2011 14:00,2,1,114.6000002,372.3593084,99.68110152,25,194,355.561979
3/15/2011 15:00,1,1,26.81915879,148.6433771,31.03998308,14,162,281.3472973
3/15/2011 16:00,3,3,22.49035979,165.945278,19.82430079,35,63,267.5506642
3/15/2011 17:00,1,3,21.63993785,157.4348176,45.06058565,26,164,320.8896335
3/15/2011 18:00,3,4,35.69718608,131.3333694,43.82845751,47,44,309.2956388
3/15/2011 19:00,3,2,,,,16,37,224.6720382
3/15/2011 20:00,1,1,28.4707021,169.4540878,9.246772632,13,109,260.7719288
3/15/2011 21:00,4,1,,,,1,100,261.0793969
3/15/2011 22:00,3,1,20.04706791,139.4957401,51.34081253,26,84,190.0160697
3/15/2011 23:00,4,1,29.00496392,172.7595196,31.89807777,46,154,371.5964269
3/16/2011 0:00,2,3,32.39446778,169.7324321,32.64187767,23,192,333.1313149
3/16/2011 1:00,3,2,33.12692653,129.9778015,48.72658101,39,72,256.4469917
3/16/2011 2:00,4,2,26.07538699,161.6188049,14.05121463,44,2,166.9412818
3/16/2011 3:00,4,4,22.57213795,116.6544129,42.20253004,34,58,216.1453483
3/16/2011 4:00,2,3,35.8273306,126.1136291,29.63817828,3,99,239.3658649
3/16/2011 5:00,4,1,36.14673714,107.2589406,44.81060057,25,29,199.1197247
3/16/2011 6:00,4,2,20.19648745,114.9389582,8.871384626,35,15,192.0221646
3/16/2011 7:00,2,2,,,,3,28,173.7849876
3/16/2011 8:00,3,3,68.93740378,489.4578536,142.7238623,33,197,324.0889161
3/16/2011 9:00,4,4,13.4897478,114.8723106,49.60558427,12,99,323.8357421
3/16/2011 10:00,4,4,30.44940114,126.4103117,41.18454105,39,23,211.8485063
3/16/2011 11:00,4,1,13.62647211,124.7303913,51.18571623,40,6,202.030945
3/16/2011 12:00,1,4,24.33209671,166.815013,50.62639613,0,176,308.7190051
3/16/2011 13:00,2,2,38.86760849,165.8325083,26.35452611,0,190,306.7088972
3/16/2011 14:00,1,4,18.66931971,130.0470239,14.14164276,8,100,255.4793952
3/16/2011 15:00,2,1,36.722671,171.355543,38.66558358,10,45,206.6414015
3/16/2011 16:00,3,2,154.6322561,462.0409364,209.8601911,15,47,244.0321171
3/16/2011 17:00,3,4,22.31119878,150.2332039,11.19409624,28,101,334.3211236
3/16/2011 18:00,4,4,35.88785747,175.5277986,34.92773359,35,152,374.3179932
3/16/2011 19:00,2,3,34.53046828,127.8136745,13.08534556,14,42,146.026167
3/16/2011 20:00,3,1,24.88923894,153.649794,8.041740877,38,54,221.2241898
3/16/2011 21:00,2,4,18.32823209,111.6147032,43.04673035,1,161,315.1259326
3/16/2011 22:00,3,3,31.40523221,112.671749,40.83055889,9,64,204.0575201
3/16/2011 23:00,1,2,,,,48,155,344.7659414
3/17/2011 0:00,3,3,36.61145894,161.8950536,49.77153672,10,40,128.7413005
3/17/2011 1:00,1,3,81.104463,472.9262512,44.53165782,29,156,355.5364054
3/17/2011 2:00,3,4,32.68811219,176.746152,12.81499017,22,159,267.8609715
3/17/2011 3:00,4,4,,,,21,196,312.9645417
3/17/2011 4:00,1,4,120.5217978,410.8559281,132.4814621,41,33,186.7136884
3/17/2011 5:00,3,3,32.48540451,128.6981376,20.88940093,35,58,233.2423634
3/17/2011 6:00,4,2,29.62084084,145.6041617,43.71057113,28,188,310.501177
3/17/2011 7:00,1,1,39.07694584,137.5127349,52.63961723,44,179,334.385712
3/17/2011 8:00,4,3,32.14001978,100.1902984,44.05059042,31,62,270.6803572
3/17/2011 9:00,2,4,33.88538031,180.9792831,46.23806164,32,153,324.8557078
3/17/2011 10:00,2,1,,,,38,11,205.2474259
3/17/2011 11:00,1,2,39.02468607,130.3063485,21.99285984,8,21,135.1682167
3/17/2011 12:00,3,1,195.0881111,498.3491045,211.2410055,0,55,196.6548888
3/17/2011 13:00,1,4,19.56056351,100.3614388,38.93970847,17,5,161.2084262
3/17/2011 14:00,4,3,27.77271167,134.6793756,19.41582927,49,35,203.4407507
3/17/2011 15:00,3,3,,,,47,125,313.7809778
3/17/2011 16:00,2,4,32.00190969,162.6865554,41.350966,21,186,293.5639437
3/17/2011 17:00,3,3,33.88011329,119.1494482,17.65795441,47,58,261.500362
3/17/2011 18:00,2,4,17.47903599,141.0772701,40.14356683,36,67,234.3717008
3/17/2011 19:00,3,3,38.00981107,156.5070545,8.313320568,13,51,199.6542689
3/17/2011 20:00,3,3,18.84452695,120.1231524,22.07154948,21,119,308.9381785
3/17/2011 21:00,3,3,37.75361252,94.563641,42.28975435,32,195,383.3605481
3/17/2011 22:00,4,2,26.94306177,152.9089122,15.04890736,5,76,214.863693
3/17/2011 23:00,4,2,22.23563066,148.1034287,19.48055315,26,79,214.9305982
3/18/2011 0:00,1,4,18.77580436,95.20046624,52.89502539,5,106,294.3023172
3/18/2011 1:00,1,2,19.60523261,108.0692103,41.01584399,43,178,324.2530965
3/18/2011 2:00,2,4,31.37340656,112.040331,32.6276904,49,89,300.3520307
3/18/2011 3:00,4,1,33.02891998,128.2669501,17.70600897,40,96,231.5634578
3/18/2011 4:00,2,1,17.16272656,140.1766745,23.72273857,15,67,253.0357132
3/18/2011 5:00,1,2,,,,46,153,372.8317633
3/18/2011 6:00,2,1,17.29201819,117.6388587,16.07347119,1,72,159.1496214
3/18/2011 7:00,1,1,36.48486052,158.4383781,31.75643511,36,40,233.0221929
3/18/2011 8:00,4,3,36.97753753,117.4242673,29.7518971,28,132,314.5514307
3/18/2011 9:00,3,3,16.0383457,131.0746225,32.25483141,22,180,366.661966
3/18/2011 10:00,4,4,29.30205282,165.5806648,11.99905097,20,165,339.5418461
3/18/2011 11:00,2,1,16.98276191,145.0949652,13.60808988,12,115,241.7293035
3/18/2011 12:00,2,4,38.54512684,148.7403787,55.35015508,0,92,229.0959072
3/18/2011 13:00,4,4,,,,28,101,322.5663998
3/18/2011 14:00,4,1,34.61175933,101.2134772,28.26386015,47,103,260.4066923
3/18/2011 15:00,1,2,41.10480127,152.8596194,45.83524855,6,91,250.3409137
3/18/2011 16:00,2,1,37.81677272,150.8251968,39.42939911,30,180,388.2068549
3/18/2011 17:00,2,3,,,,44,183,340.9607037
3/18/2011 18:00,4,1,29.73201471,133.4363527,21.41985933,21,18,140.1937232
3/18/2011 19:00,3,2,23.10795836,171.4962009,22.53498006,15,117,237.7282728
3/18/2011 20:00,2,4,20.59478245,103.8562719,38.07175664,27,64,246.5744892
3/18/2011 21:00,3,4,21.51251759,135.9865271,38.2185846,43,68,216.5012261
3/18/2011 22:00,4,3,35.13207883,125.855493,52.26982569,38,52,229.6925145
3/18/2011 23:00,4,3,,,,24,146,354.9054195
3/19/2011 0:00,1,3,,,,13,65,220.2419811
3/19/2011 1:00,2,4,28.65342023,156.0927186,52.32031735,49,175,344.4607739
3/19/2011 2:00,3,3,,,,20,65,232.5713658
3/19/2011 3:00,1,1,34.97521761,98.90393731,24.57141222,18,17,176.7627935
3/19/2011 4:00,2,4,39.08009994,135.6325886,16.1495348,12,79,248.4165972
3/19/2011 5:00,1,2,,,,1,38,231.4250789
3/19/2011 6:00,4,4,35.76408502,144.7927489,42.13704082,35,126,316.7676677
3/19/2011 7:00,2,1,29.91444898,181.0481327,26.91826,13,50,267.8919223
3/19/2011 8:00,1,1,,,,33,126,316.5513345
3/19/2011 9:00,1,3,18.88112562,145.5275936,55.97171182,17,150,287.8861544
3/19/2011 10:00,3,4,41.20136614,141.0254213,36.25073185,23,160,395.5689842
3/19/2011 11:00,1,4,21.76737987,108.3354882,30.00716196,29,187,356.1891404
3/19/2011 12:00,2,4,16.26087309,143.1313712,50.19642865,18,186,316.3006859
3/19/2011 13:00,2,2,37.91385857,135.9852751,8.496437008,35,97,345.67307
3/19/2011 14:00,3,3,89.61507248,623.2084669,59.02722664,20,153,294.9814461
3/19/2011 15:00,2,1,21.46067219,123.5724817,49.53108507,18,144,282.8169977
3/19/2011 16:00,4,1,74.89265968,603.3118973,181.6707571,25,180,332.4582787
3/19/2011 17:00,2,3,,,,34,77,259.954885
3/19/2011 18:00,2,1,,,,39,170,380.9556185
3/19/2011 19:00,1,1,17.69209945,112.8567135,23.70296479,3,47,114.5796975
3/19/2011 20:00,1,3,31.32948724,99.07075728,39.33033765,20,81,272.8521151
3/19/2011 21:00,2,1,38.10251952,130.6770916,40.27110651,2,147,276.4347024
3/19/2011 22:00,3,4,22.80546381,100.3104636,16.8783218,4,162,297.6975324
3/19/2011 23:00,1,2,39.6297532,127.9351159,21.91476805,42,32,269.5537306
3/20/2011 0:00,3,3,19.60624587,178.4709526,53.11190375,28,80,258.510817
3/20/2011 1:00,2,2,,,,18,98,273.5561938
3/20/2011 2:00,2,1,20.96836147,163.0636445,15.84305034,16,1,159.6819164
3/20/2011 3:00,4,1,35.24182195,112.8201676,30.87253875,33,161,361.0615492
3/20/2011 4:00,1,4,25.30882569,131.4157614,13.05918678,19,75,286.7061259
3/20/2011 5:00,2,3,31.81742246,119.7912629,51.54080042,27,89,185.9273726
3/20/2011 6:00,4,1,33.32169135,168.9629743,13.23825911,8,125,309.7313784
3/20/2011 7:00,1,3,28.59952618,114.1205454,39.27217228,2,159,351.6173235
3/20/2011 8:00,2,3,34.60366522,133.3037958,24.89050163,9,20,188.2517072
3/20/2011 9:00,2,3,45.13782029,144.5310187,46.29189627,20,4,147.9124005
3/20/2011 10:00,1,3,20.35064664,136.4510008,36.84573302,40,27,176.6785485
3/20/2011 11:00,1,3,101.7006057,588.5789471,109.1231028,3,86,304.1155265
3/20/2011 12:00,1,2,35.3319035,121.573846,56.01746917,21,47,185.1240645
3/20/2011 13:00,2,4,32.75771822,129.9926039,10.773664,6,95,290.8162267
3/20/2011 14:00,2,3,17.60086681,163.4564997,36.97756199,11,196,363.015709
3/20/2011 15:00,4,2,25.99087092,142.4535981,56.33724543,10,98,313.6886683
3/20/2011 16:00,3,1,26.95774217,127.9972187,41.69185709,21,69,224.7792994
3/20/2011 17:00,1,3,26.41918541,100.5584051,44.05962174,28,82,206.113022
3/20/2011 18:00,2,1,20.31332457,151.4563998,10.07199185,26,167,337.4189058
3/20/2011 19:00,2,3,41.61626379,180.734296,8.118459556,46,5,150.7736671
3/20/2011 20:00,1,2,35.87330768,132.3334362,7.878593115,19,141,384.6922132
3/20/2011 21:00,3,2,,,,13,118,294.2786303
3/20/2011 22:00,1,2,34.1046651,143.6986529,56.64060324,6,124,297.7508686
3/20/2011 23:00,3,4,40.0640203,108.3627874,23.26462823,14,66,247.7833203
3/21/2011 0:00,2,1,17.45909861,99.81897179,22.51147001,45,138,306.6257633
3/21/2011 1:00,3,4,24.59663049,145.5341762,13.25896029,27,166,333.485766
3/21/2011 2:00,4,3,31.2938175,134.2819195,23.20870212,42,168,357.770832
3/21/2011 3:00,2,1,,,,9,23,234.7897444
3/21/2011 4:00,4,2,16.38116344,153.2520485,45.12709073,2,170,281.7735192
3/21/2011 5:00,1,1,42.75224922,165.5678852,51.23875928,11,108,241.6419243
3/21/2011 6:00,1,2,29.89876807,132.6554287,44.95596786,12,94,239.6246608
3/21/2011 7:00,1,4,25.42443081,135.762118,38.50883659,38,153,315.3163324
3/21/2011 8:00,3,4,97.51779945,438.7128841,184.2825388,43,28,171.7710618
3/21/2011 9:00,2,2,20.03582664,143.6218562,44.42394503,33,1,97.41082835
3/21/2011 10:00,1,2,34.52125922,174.9822725,29.36931757,0,29,118.7597236
3/21/2011 11:00,1,3,40.32209234,98.43565619,23.81335121,37,110,324.5490344
3/21/2011 12:00,2,4,23.94039006,187.5009092,22.91881793,24,73,241.3446333
3/21/2011 13:00,1,4,42.77673607,176.344948,41.0493827,18,75,262.6704169
3/21/2011 14:00,4,3,42.09848673,139.7870275,53.73821853,24,184,335.1418758
3/21/2011 15:00,2,4,,,,5,117,263.6802332
3/21/2011 16:00,2,2,35.4247637,103.342359,52.25091842,44,186,423.0380325
3/21/2011 17:00,2,1,,,,3,18,212.2379753
3/21/2011 18:00,4,1,,,,25,53,250.9284358
3/21/2011 19:00,2,4,14.59109874,129.7418018,50.65481193,25,197,372.7547653
3/21/2011 20:00,4,3,33.25346782,100.2676845,38.44822098,25,119,304.2342595
3/21/2011 21:00,2,2,14.27992614,154.7829017,55.13934625,13,150,318.8272557
3/21/2011 22:00,3,1,165.4050536,438.2552025,146.3634342,31,94,264.7132181
3/21/2011 23:00,1,2,37.75260327,104.0148431,20.34012901,47,32,211.6028279
3/22/2011 0:00,3,4,17.10076188,139.3862965,18.94894467,27,65,270.4178459
3/22/2011 1:00,1,4,25.15775611,173.1504096,34.86704209,1,138,244.8908515
3/22/2011 2:00,4,1,26.24902065,150.5314639,53.68499009,40,89,318.3932818
3/22/2011 3:00,3,4,32.33556855,137.3248048,10.39599785,44,145,325.5220899
3/22/2011 4:00,2,3,26.72780531,166.1765182,36.17554785,20,64,189.3765947
3/22/2011 5:00,1,4,29.89343294,154.3711428,46.68601219,45,159,332.4458649
3/22/2011 6:00,1,4,17.83418624,169.0864989,12.90021724,13,131,262.5915698
3/22/2011 7:00,3,4,15.05530903,116.906305,13.65465302,36,85,248.5663568
3/22/2011 8:00,4,2,70.52138246,605.9896772,112.4001922,1,35,163.0307478
3/22/2011 9:00,3,2,20.91911578,117.925145,20.17544064,4,184,313.8512612
3/22/2011 10:00,4,1,35.28586889,172.6867899,16.98172525,37,113,285.6361284
3/22/2011 11:00,4,1,43.81091076,122.160236,18.70214857,1,160,303.9443616
3/22/2011 12:00,1,1,25.85943263,165.4484039,14.39865436,0,141,308.8160568
3/22/2011 13:00,3,4,29.15069507,180.3654704,37.03754773,47,175,359.56438
3/22/2011 14:00,3,2,23.68381373,115.7533256,40.64971988,21,36,211.7062594
3/22/2011 15:00,4,3,119.3815844,616.4934417,171.8985934,40,132,317.1642358
3/22/2011 16:00,3,4,18.83766787,104.7989157,33.0711349,24,49,234.1683658
3/22/2011 17:00,2,4,33.26810115,117.6795357,55.07430264,45,188,379.3638342
3/22/2011 18:00,2,4,44.16681073,129.7876435,51.29279322,29,68,222.5715371
3/22/2011 19:00,3,3,20.06372466,178.8913443,55.34099993,8,100,225.4428022
3/22/2011 20:00,3,1,37.5563767,136.907105,25.7783521,36,165,352.3082661
3/22/2011 21:00,4,3,13.92949276,133.6987788,50.995733,46,173,402.2153042
3/22/2011 22:00,2,1,25.80355505,154.8617101,43.25826842,9,97,244.152767
3/22/2011 23:00,2,3,16.64142489,168.9827162,24.31637507,14,142,280.0131376
3/23/2011 0:00,1,2,25.8234585,164.3969584,13.67420923,48,36,221.3664533
3/23/2011 1:00,4,4,18.48359631,111.6123956,39.87142179,2,26,156.2222496
3/23/2011 2:00,1,4,25.96951704,120.4795216,14.46699432,7,111,243.0671657
3/23/2011 3:00,2,4,,,,24,0,125.7812251
3/23/2011 4:00,4,1,25.29240628,151.1028256,32.98086186,35,156,328.7692803
3/23/2011 5:00,3,3,33.62000858,106.1310185,41.30440439,42,124,318.1872947
3/23/2011 6:00,4,2,,,,45,199,356.6692916
3/23/2011 7:00,3,3,28.57161051,165.1367886,36.87537114,49,134,301.7886451
3/23/2011 8:00,3,4,17.98878414,125.2039666,42.04627313,20,28,164.7093839
3/23/2011 9:00,4,2,20.84519429,144.21968,22.99274516,33,158,294.5632958
3/23/2011 10:00,3,2,38.46387959,124.700095,40.79730361,26,37,179.5082478
3/23/2011 11:00,1,4,33.93655057,97.19697571,29.12883431,8,7,154.252679
3/23/2011 12:00,2,3,,,,9,94,207.9389837
3/23/2011 13:00,3,4,24.80810682,128.8685289,26.91730089,26,164,331.0867747
3/23/2011 14:00,1,3,29.64718653,179.5812982,30.12252107,24,186,334.1213608
3/23/2011 15:00,3,2,22.8440109,123.2856175,28.08286913,12,181,310.3682036
3/23/2011 16:00,2,2,,,,3,185,344.5662155
3/23/2011 17:00,1,4,41.14355248,153.935415,54.86024554,15,95,236.0584535
3/23/2011 18:00,2,2,17.61714029,150.0186216,24.54579872,11,25,167.1740612
3/23/2011 19:00,2,1,,,,24,175,383.2269219
3/23/2011 20:00,1,2,21.92099752,179.4250147,40.43576083,47,112,276.6972739
3/23/2011 21:00,1,1,26.561392,169.6071999,51.52012872,48,10,250.2873896
3/23/2011 22:00,1,2,39.97999283,125.8931118,30.17495289,15,22,171.8896145
3/23/2011 23:00,4,4,29.59455912,160.6184869,12.96443906,38,161,310.2514894
3/24/2011 0:00,1,4,23.70972212,132.0537115,23.86225189,1,32,161.7292432
3/24/2011 1:00,1,1,22.57950884,110.3777067,33.63516078,8,129,284.4230904
3/24/2011 2:00,1,4,39.27150904,125.0452453,27.61857871,43,112,338.0070938
3/24/2011 3:00,1,2,26.93604224,116.2555601,17.97224441,12,60,241.3488418
3/24/2011 4:00,3,2,29.43104197,108.8901612,7.872783615,13,131,291.3134076
3/24/2011 5:00,4,4,20.99113067,105.0046922,41.47545794,11,11,205.2069709
3/24/2011 6:00,2,2,24.07665562,110.5020028,57.31040807,34,156,278.9892542
3/24/2011 7:00,1,3,42.10944805,165.8226712,54.53186988,21,106,279.9156707
3/24/2011 8:00,3,3,31.93711918,174.4148134,42.02298122,20,102,276.7426605
3/24/2011 9:00,3,2,121.5279486,492.8126781,206.6055244,47,169,371.1207716
3/24/2011 10:00,3,4,28.18794691,163.5684808,20.73424573,49,184,330.1639762
3/24/2011 11:00,2,1,38.28020652,113.4351781,36.98819076,2,177,293.9731377
3/24/2011 12:00,1,4,22.35518515,171.060872,10.4643802,21,65,226.4982604
3/24/2011 13:00,4,1,16.70165594,138.5859195,43.28072273,8,134,320.9482065
3/24/2011 14:00,4,4,30.39984843,105.1524611,54.60293447,46,124,372.9743492
3/24/2011 15:00,3,2,35.7904574,102.9744091,49.52704718,39,56,220.5952947
3/24/2011 16:00,2,3,37.39430509,123.031028,32.98098637,41,45,192.2448712
3/24/2011 17:00,2,4,41.59660734,101.3800979,47.27417257,2,21,193.0250256
3/24/2011 18:00,2,1,26.70300655,123.2368083,54.17963869,30,138,391.9951752
3/24/2011 19:00,4,3,17.40754699,102.4972973,17.53544347,36,160,374.7841711
3/24/2011 20:00,3,1,41.58459962,109.8666246,45.43198831,5,181,309.1288323
3/24/2011 21:00,1,2,28.03377726,112.0207978,20.47363215,13,147,391.4338397
3/24/2011 22:00,4,3,34.42311754,165.8455546,50.33080554,18,4,188.2154811
3/24/2011 23:00,3,1,35.62324444,120.3016579,12.20910027,17,67,205.8929125
3/25/2011 0:00,3,4,,,,6,13,222.6641751
3/25/2011 1:00,1,2,,,,35,130,284.5471418
3/25/2011 2:00,1,2,,,,28,113,268.0260113
3/25/2011 3:00,1,2,,,,2,185,354.4690472
3/25/2011 4:00,2,4,,,,12,26,182.9350033
3/25/2011 5:00,1,4,27.0350283,125.4784099,47.6029269,35,3,184.804102
3/25/2011 6:00,3,3,,,,40,127,313.866343
3/25/2011 7:00,1,4,65.84302451,441.5148751,202.2856458,24,194,397.1516904
3/25/2011 8:00,3,3,,,,27,63,165.9972529
3/25/2011 9:00,4,2,23.18908992,126.8726403,36.28694439,37,85,276.2760529
3/25/2011 10:00,2,3,41.17561721,151.8852235,38.58822757,10,169,316.046184
3/25/2011 11:00,4,1,37.04686074,113.2130247,10.09251243,40,156,319.189038
3/25/2011 12:00,4,2,30.16787816,158.4553774,24.92924202,8,79,210.121445
3/25/2011 13:00,3,2,30.11401556,123.1184264,20.62897465,21,162,249.6738507
3/25/2011 14:00,4,3,19.18215669,127.2959918,14.34202614,20,18,159.8461856
3/25/2011 15:00,3,2,41.87788302,138.2511858,26.85915881,18,115,317.5241832
3/25/2011 16:00,1,4,26.73286311,150.6507844,24.53656486,32,93,295.7835052
3/25/2011 17:00,1,1,19.25182049,121.5700546,43.83188248,3,68,211.0919482
3/25/2011 18:00,3,3,25.76386587,164.1756168,36.88821274,32,30,165.5072563
3/25/2011 19:00,1,3,,,,44,170,384.5125328
3/25/2011 20:00,2,2,,,,15,94,294.1633883
3/25/2011 21:00,4,4,12.62607721,179.4550632,8.207768318,43,148,367.9052572
3/25/2011 22:00,2,2,42.42712625,147.4547689,32.74165359,0,109,225.8291162
3/25/2011 23:00,4,2,21.93281439,133.2312607,8.10128012,14,192,325.9559729
3/26/2011 0:00,1,3,,,,21,161,377.5911063
3/26/2011 1:00,2,2,35.60731296,142.7589297,32.36912341,31,188,328.6470572
3/26/2011 2:00,1,1,,,,36,35,231.282994
3/26/2011 3:00,4,2,29.60107968,123.0812382,25.15731161,22,40,154.615898
3/26/2011 4:00,3,2,31.54173653,129.9540616,24.69629264,32,161,329.9498953
3/26/2011 5:00,3,3,39.13889688,149.1187259,27.65067076,48,152,363.5252271
3/26/2011 6:00,2,2,40.50772887,116.2219688,7.361314438,39,184,368.0830797
3/26/2011 7:00,1,4,38.28103649,163.5573472,11.58624081,21,64,246.7107861
3/26/2011 8:00,1,3,24.74191552,124.5197433,32.76033592,39,75,223.2185469
3/26/2011 9:00,2,2,43.60089839,129.595882,15.04487736,46,123,290.4159376
3/26/2011 10:00,3,1,47.68647808,168.1132854,44.30509183,11,21,192.4818299
3/26/2011 11:00,4,1,20.18560176,161.8660958,20.66385427,47,187,400.9451896
3/26/2011 12:00,2,3,40.11927816,120.8769544,11.64107911,17,181,350.6441823
3/26/2011 13:00,4,3,28.21893417,130.3018159,17.17302006,31,120,325.4727649
3/26/2011 14:00,3,2,27.45869587,122.5904387,24.80852712,2,21,119.3560152
3/26/2011 15:00,1,4,,,,35,188,355.0975202
3/26/2011 16:00,3,2,16.85164528,120.1064369,14.52874885,46,125,371.7751619
3/26/2011 17:00,2,1,30.42210498,150.298654,23.20580919,45,193,422.6098882
3/26/2011 18:00,1,4,,,,0,172,337.1261275
3/26/2011 19:00,2,4,26.14494537,111.363076,47.87500051,24,199,364.4671173
3/26/2011 20:00,2,4,,,,19,68,264.1837238
3/26/2011 21:00,3,2,41.39214637,102.5187566,16.52964631,16,191,366.0246137
3/26/2011 22:00,2,1,27.04114455,131.1511706,11.35799623,48,9,157.638255
3/26/2011 23:00,3,3,,,,21,194,391.0454217
3/27/2011 0:00,1,2,26.06729679,144.9835342,47.6707304,49,10,179.2023129
3/27/2011 1:00,3,3,29.0003685,159.9424121,53.82905303,32,155,355.9853144
3/27/2011 2:00,1,4,32.15296383,105.4600539,5.826865859,25,4,126.7265195
3/27/2011 3:00,3,4,38.56805453,162.3016512,29.9698612,26,11,231.1873039
3/27/2011 4:00,4,2,26.16070601,121.5692757,42.24595906,33,43,213.980838
3/27/2011 5:00,4,1,41.00980522,118.6376945,49.98310028,22,108,242.9586294
3/27/2011 6:00,2,4,30.26035294,157.2756124,9.83770784,15,92,232.594537
3/27/2011 7:00,3,3,24.38353,162.1520373,40.40241088,13,89,238.1551803
3/27/2011 8:00,3,3,144.6658634,481.1899245,90.07809658,49,28,223.0985055
3/27/2011 9:00,1,2,36.09688645,150.89535,11.95849217,40,35,260.8268945
3/27/2011 10:00,2,3,32.6488842,173.3023849,30.20315826,13,34,195.3977169
3/27/2011 11:00,3,1,61.73350626,585.6109186,58.7313298,44,112,237.176832
3/27/2011 12:00,2,4,18.04681062,90.43796024,44.58075026,25,7,141.4230626
3/27/2011 13:00,4,3,22.21776488,170.59874,44.22920105,45,15,289.0521284
3/27/2011 14:00,3,3,,,,48,42,240.3985998
3/27/2011 15:00,3,4,32.83103862,153.3088855,26.27096925,26,68,268.8714751
3/27/2011 16:00,2,2,13.86927666,154.2906747,9.351405642,39,143,319.1082079
3/27/2011 17:00,3,3,38.69265775,182.5478732,20.03909395,3,55,174.2310575
3/27/2011 18:00,2,2,22.76115994,126.3888502,30.47963959,8,40,179.9417197
3/27/2011 19:00,3,2,23.96537191,107.3750363,41.88687228,26,76,252.2407429
3/27/2011 20:00,1,3,31.82213972,138.8140688,25.81998391,42,7,181.5946288
3/27/2011 21:00,2,1,20.48774883,96.68664008,34.50788115,38,53,294.966495
3/27/2011 22:00,3,2,41.59556763,131.3107818,33.30415582,14,89,230.9356058
3/27/2011 23:00,4,3,16.64033686,145.9679835,15.89261459,24,119,257.7888335
3/28/2011 0:00,3,2,28.1496444,125.9062221,38.94625381,17,132,319.7086813
3/28/2011 1:00,4,4,,,,29,8,211.4153548
3/28/2011 2:00,4,1,27.89555477,174.2282173,47.74810717,36,193,376.3652591
3/28/2011 3:00,1,1,22.79676081,125.4031727,40.36337858,15,70,213.412287
3/28/2011 4:00,2,4,29.76294236,175.0267704,11.86067169,11,29,129.467466
3/28/2011 5:00,3,4,37.35200074,99.31485122,32.12172503,16,80,279.1194954
3/28/2011 6:00,1,2,45.43248566,162.0201281,43.37928844,24,107,303.5652808
3/28/2011 7:00,3,4,,,,14,94,241.3223921
3/28/2011 8:00,4,1,24.75323808,128.8155323,45.88242364,24,64,236.3167889
3/28/2011 9:00,2,4,44.65266577,115.4676818,17.95122124,20,29,188.7398563
3/28/2011 10:00,3,3,13.18483892,127.792789,31.09563942,18,46,259.4126208
3/28/2011 11:00,3,3,14.51010225,168.0716464,53.02970687,23,94,232.4236907
3/28/2011 12:00,4,2,40.26589241,159.7832833,35.86445842,6,87,220.9699057
3/28/2011 13:00,3,1,22.70421803,132.3225854,29.59822593,11,158,294.0804586
3/28/2011 14:00,3,3,15.85965254,138.0813471,5.12233722,48,187,390.8975641
3/28/2011 15:00,4,4,20.5302594,105.9480509,13.31099484,38,74,260.2870733
3/28/2011 16:00,1,3,27.10378358,137.8631961,36.20206094,10,105,267.6156832
3/28/2011 17:00,4,3,37.44722778,173.6066114,32.27630357,32,79,231.2058577
3/28/2011 18:00,1,2,30.16918817,112.0097888,25.31252534,48,136,375.1813939
3/28/2011 19:00,2,4,16.86661631,175.002315,54.72210835,24,181,338.0235378
3/28/2011 20:00,1,4,,,,38,60,280.282976
3/28/2011 21:00,1,4,39.68170485,179.9413918,34.9673124,33,191,464.8390684
3/28/2011 22:00,2,2,,,,10,96,226.4759223
3/28/2011 23:00,1,4,23.74170812,116.2495116,33.21791396,15,5,176.9578908
3/29/2011 0:00,4,4,42.9028368,105.1003602,29.45452075,31,44,217.7485589
3/29/2011 1:00,1,3,38.50633043,159.9576171,24.53540448,14,64,285.6334235
3/29/2011 2:00,2,3,16.86694353,153.4904485,52.1014008,39,36,213.2976522
3/29/2011 3:00,4,4,,,,14,89,257.1882919
3/29/2011 4:00,2,1,20.64197622,163.9566487,32.88308049,6,144,303.5438592
3/29/2011 5:00,2,1,33.91194499,117.5963397,40.18017947,36,101,280.736093
3/29/2011 6:00,3,4,21.93988098,102.4478973,10.54848619,39,109,317.4225001
3/29/2011 7:00,3,1,29.54217189,131.5125697,44.83370144,1,152,302.5703944
3/29/2011 8:00,2,2,,,,5,49,215.2342542
3/29/2011 9:00,2,3,,,,35,122,310.1969674
3/29/2011 10:00,2,2,,,,38,70,236.662923
3/29/2011 11:00,3,3,43.23762086,156.7223935,52.32044519,37,110,285.7403459
3/29/2011 12:00,3,1,43.46668807,157.3500944,26.66783821,27,30,220.4820307
3/29/2011 13:00,1,1,12.74179026,126.2187468,48.3296759,21,159,343.3702759
3/29/2011 14:00,1,4,,,,36,114,334.1898445
3/29/2011 15:00,2,1,17.36080228,145.8756765,41.77969287,4,47,253.626988
3/29/2011 16:00,4,1,39.25312392,124.1744026,12.48971863,17,144,292.2276722
3/29/2011 17:00,4,4,33.20930548,153.2430825,7.691722713,10,188,348.9160226
3/29/2011 18:00,3,4,,,,7,184,332.0776673
3/29/2011 19:00,3,3,,,,19,56,188.6706405
3/29/2011 20:00,3,1,25.23273947,153.7642887,7.461921378,10,197,370.8365363
3/29/2011 21:00,2,3,43.79835065,150.0644859,40.1609363,26,160,356.2449939
3/29/2011 22:00,4,3,34.08574403,128.5213711,21.56878815,28,146,288.6101234
3/29/2011 23:00,1,2,40.09037934,165.0510788,42.53681617,24,14,173.6948456
3/30/2011 0:00,2,1,25.45979349,118.8583059,8.320154206,18,162,312.77709
3/30/2011 1:00,1,1,13.68556709,162.7249335,16.36148413,1,176,278.6969689
3/30/2011 2:00,1,2,,,,41,163,349.8683087
3/30/2011 3:00,2,3,13.8874792,110.8189123,26.93315406,38,53,203.6122814
3/30/2011 4:00,1,1,42.36868397,138.1326376,12.6510397,43,35,229.7492298
3/30/2011 5:00,4,3,,,,1,52,208.0629365
3/30/2011 6:00,1,2,9.575162038,162.6985954,21.21796858,6,187,351.7898303
3/30/2011 7:00,4,4,34.68974191,128.2320671,42.6976197,30,73,263.2486525
3/30/2011 8:00,4,3,211.1025476,531.2550599,76.89013505,32,43,267.9470334
3/30/2011 9:00,4,1,44.94493277,121.1278593,50.13345758,10,32,164.7692367
3/30/2011 10:00,3,4,19.19916211,118.2309553,25.82509416,39,171,334.2839599
3/30/2011 11:00,1,3,19.32385675,127.5553264,51.59300508,39,54,259.703109
3/30/2011 12:00,2,3,31.42652261,152.1669034,23.8688235,45,43,231.0985083
3/30/2011 13:00,2,4,34.62777832,145.8118314,6.724541085,12,50,242.8274987
3/30/2011 14:00,1,4,,,,9,98,270.9280949
3/30/2011 15:00,3,4,95.79468887,672.6872357,127.7348013,48,85,337.630486
3/30/2011 16:00,3,1,,,,37,50,231.3569919
3/30/2011 17:00,4,1,35.01767726,166.2293574,19.14145392,19,134,255.6453419
3/30/2011 18:00,1,3,40.71019087,98.98944847,46.69375675,20,128,305.3360396
3/30/2011 19:00,1,3,,,,13,140,297.9756244
3/30/2011 20:00,2,2,28.20281961,121.4547688,32.44755671,23,47,233.1701103
3/30/2011 21:00,1,1,44.93264957,107.9485152,33.15664554,39,126,332.0233221
3/30/2011 22:00,3,3,,,,6,113,250.1182561
3/30/2011 23:00,1,4,39.29565665,144.883295,6.877521702,4,83,203.8941312
3/31/2011 0:00,2,4,43.23848752,143.4066756,37.15544092,5,174,321.7955742
3/31/2011 1:00,4,1,37.79472682,169.6503285,6.431455967,39,46,160.7476865
3/31/2011 2:00,2,4,,,,34,9,192.6129926
3/31/2011 3:00,2,2,,,,8,25,167.9793591
3/31/2011 4:00,4,3,15.97192411,111.8234066,51.81057035,41,49,263.0622635
3/31/2011 5:00,2,3,20.57607684,125.2306677,13.37831181,0,174,261.6460512
3/31/2011 6:00,2,3,20.37288063,115.873737,14.40314375,38,171,356.4213458
3/31/2011 7:00,1,1,22.57599641,114.1540897,39.04486313,19,128,341.5271786
3/31/2011 8:00,1,4,23.15357507,144.4804324,24.82600537,5,108,280.5119377
3/31/2011 9:00,4,2,28.23159288,139.7526678,39.04584547,31,62,269.6794899
3/31/2011 10:00,1,1,23.87194131,117.3729421,55.10694359,12,144,313.460752
3/31/2011 11:00,1,3,15.76863534,161.4979131,55.3254954,38,144,279.4321248
3/31/2011 12:00,2,2,,,,39,166,357.283407
3/31/2011 13:00,3,3,31.39300255,104.3299871,32.31591353,20,42,221.5515817
3/31/2011 14:00,1,3,,,,36,40,190.9595179
3/31/2011 15:00,3,1,31.10605869,166.452484,10.57782975,11,14,168.5189765
3/31/2011 16:00,1,3,33.53675569,143.5343594,29.26404922,5,128,193.2927947
3/31/2011 17:00,1,2,39.75824573,132.9031293,24.95298332,14,57,208.3112743
3/31/2011 18:00,4,3,24.77837244,114.2144393,20.4886937,20,53,207.2522316
3/31/2011 19:00,4,4,,,,20,132,341.419965
3/31/2011 20:00,4,3,42.33201585,115.0867496,44.0667087,27,61,217.26535
3/31/2011 21:00,3,1,,,,35,126,300.3805742
3/31/2011 22:00,2,2,29.81939022,98.65265771,48.36165799,16,70,231.0036498
3/31/2011 23:00,1,1,34.93332702,129.4537426,31.22608221,45,45,219.6801238
4/1/2011 0:00,1,4,17.5668681,108.0731682,50.67259209,6,89,263.9926627
4/1/2011 1:00,1,3,31.79462952,163.1154611,19.65421819,22,192,301.6363394
4/1/2011 2:00,3,1,,,,44,155,380.5145649
4/1/2011 3:00,4,1,,,,21,121,289.0700684
4/1/2011 4:00,2,1,45.47819024,145.731071,32.0867558,9,83,278.4849584
4/1/2011 5:00,3,1,24.6787438,139.1258313,20.02595336,17,168,250.0276967
4/1/2011 6:00,4,4,42.83903731,122.2450876,13.56982989,1,150,225.3668821
4/1/2011 7:00,3,4,,,,11,159,308.7034898
4/1/2011 8:00,2,3,15.29634343,157.8134395,50.20748228,44,185,391.6493774
4/1/2011 9:00,4,3,33.02891056,176.3101777,39.35916757,38,166,334.8329876
4/1/2011 10:00,3,2,24.71267035,124.4687106,51.36846615,49,81,295.0053815
4/1/2011 11:00,2,4,15.3179036,96.20370923,52.87970839,21,32,229.938321
4/1/2011 12:00,1,1,38.49191177,100.6694018,42.64037752,42,185,394.4880205
4/1/2011 13:00,2,1,23.07692081,161.336861,30.83781076,21,88,259.6150792
4/1/2011 14:00,1,2,36.73491385,145.3267499,51.62892865,41,159,350.3940838
4/1/2011 15:00,3,1,,,,21,113,263.091104
4/1/2011 16:00,4,2,17.12345778,156.6486768,13.67287665,5,49,199.8826694
4/1/2011 17:00,4,3,44.10004632,176.8823795,24.99403869,45,178,339.8258992
4/1/2011 18:00,3,4,29.40955977,169.7375132,26.97009474,36,18,178.0198526
4/1/2011 19:00,4,2,,,,19,2,184.0015576
4/1/2011 20:00,4,1,32.43582408,148.5599529,39.83240379,5,115,253.6930768
4/1/2011 21:00,1,2,30.61278396,125.8584501,48.10211593,8,90,223.4615172
4/1/2011 22:00,3,3,,,,28,144,333.0741518
4/1/2011 23:00,2,1,37.49690755,135.9896067,22.32981389,36,42,237.0030427
4/2/2011 0:00,1,3,22.20924991,148.7985927,43.1378458,4,156,301.1558811
4/2/2011 1:00,3,3,43.4616011,115.7466913,15.11757992,12,107,262.1556056
4/2/2011 2:00,1,2,17.10857619,154.5215972,27.62097758,26,43,229.1108892
4/2/2011 3:00,2,3,30.32493945,137.4157207,47.90711476,22,51,249.709934
4/2/2011 4:00,2,1,42.19150571,148.2449082,37.36842827,36,96,285.6825425
4/2/2011 5:00,3,3,34.46884836,114.5842333,47.77273772,45,27,183.8976918
4/2/2011 6:00,2,3,35.84723721,135.356149,18.35576988,33,108,282.0246048
4/2/2011 7:00,1,2,35.06957216,124.7006173,43.78039931,24,161,320.461639
4/2/2011 8:00,2,3,43.76558381,173.7305367,16.11182444,36,53,205.0952396
4/2/2011 9:00,1,4,40.14235112,140.3296171,34.34309681,22,1,185.6314786
4/2/2011 10:00,1,2,23.10984285,121.7691261,27.32847197,27,113,304.9477299
4/2/2011 11:00,2,2,18.30819436,100.071156,34.88024484,25,16,210.4970462
4/2/2011 12:00,3,1,29.91565815,150.1503255,12.43385428,11,145,273.9920301
4/2/2011 13:00,4,1,,,,38,27,217.451556
4/2/2011 14:00,2,1,20.08435043,177.1855396,40.4533742,2,27,176.5483642
4/2/2011 15:00,1,1,15.6447843,139.2370897,33.71077732,8,179,343.9672914
4/2/2011 16:00,1,4,123.450674,459.9654969,142.1688682,46,15,212.6455549
4/2/2011 17:00,2,2,43.24065356,148.8907663,32.57205518,14,160,321.3859274
4/2/2011 18:00,3,3,36.84368296,116.6688927,53.39535311,7,84,234.7891226
4/2/2011 19:00,3,1,24.00932392,174.0004954,54.36532924,27,4,211.9845675
4/2/2011 20:00,1,1,18.42469665,121.075832,24.55857215,25,44,190.9334268
4/2/2011 21:00,1,1,26.18407834,178.5054396,25.16030562,15,164,321.6012028
4/2/2011 22:00,3,3,98.19483531,537.4670368,147.9916417,33,51,264.2459149
4/2/2011 23:00,4,1,18.46387569,160.5544814,11.00120917,19,191,333.4815672
4/3/2011 0:00,2,3,41.13821976,110.7004263,22.25470499,0,61,186.0190413
4/3/2011 1:00,1,2,44.49460227,129.7436536,17.35942141,23,4,196.8483256
4/3/2011 2:00,1,2,16.98688444,165.4950198,16.59141377,28,106,239.1210843
4/3/2011 3:00,3,2,17.41840783,147.7120218,38.18600688,3,10,180.6658196
4/3/2011 4:00,2,4,,,,3,85,221.1662189
4/3/2011 5:00,3,3,,,,37,130,327.1636292
4/3/2011 6:00,2,1,19.77430554,121.122612,51.41461132,2,178,291.2499122
4/3/2011 7:00,2,1,24.1478108,140.5250893,49.63676614,39,59,281.4325597
4/3/2011 8:00,2,1,19.73427618,126.8573289,50.26816519,1,65,177.3714188
4/3/2011 9:00,1,1,37.67710855,116.3258018,26.27429851,28,184,381.6453795
4/3/2011 10:00,4,4,40.16047229,117.1247565,11.13327563,48,16,176.6412721
4/3/2011 11:00,3,1,,,,27,130,359.1624284
4/3/2011 12:00,4,4,,,,11,130,286.7801916
4/3/2011 13:00,3,3,40.56089075,179.8606667,17.82570836,43,39,288.4555846
4/3/2011 14:00,2,2,45.16600046,108.3886573,50.43245029,14,79,216.371458
4/3/2011 15:00,1,1,19.43680714,166.8884761,56.90302244,49,75,258.6667565
4/3/2011 16:00,4,2,19.98214518,139.4069019,47.91431901,40,62,286.2760324
4/3/2011 17:00,1,3,,,,30,50,185.1767385
4/3/2011 18:00,3,3,,,,36,128,290.9927663
4/3/2011 19:00,1,1,26.48493226,148.8161278,45.44544447,31,50,243.8309498
4/3/2011 20:00,1,3,28.31432247,167.0303506,53.0830719,21,3,141.4235946
4/3/2011 21:00,4,2,,,,2,131,296.6496334
4/3/2011 22:00,2,1,23.16137909,111.984394,15.55431047,16,174,343.1153253
4/3/2011 23:00,1,4,32.45350333,171.9799262,16.45054707,28,166,296.601892
4/4/2011 0:00,2,1,39.42365469,168.969035,34.65447934,11,83,271.0523753
4/4/2011 1:00,3,2,22.57066399,135.7106517,22.3915953,13,48,171.1543538
4/4/2011 2:00,1,1,31.82472925,149.4850321,53.04034002,7,184,362.1737384
4/4/2011 3:00,4,1,17.37020193,129.589412,37.49856421,40,38,229.8976304
4/4/2011 4:00,3,2,16.62881721,119.9697169,40.87869886,1,195,330.4009815
4/4/2011 5:00,3,1,29.25398642,104.9021076,7.566098138,33,144,291.8972506
4/4/2011 6:00,4,1,16.94938362,137.0791078,31.07599031,23,142,322.945361
4/4/2011 7:00,1,2,72.28266506,546.8680622,116.1936269,47,104,272.8994763
4/4/2011 8:00,1,3,19.9784175,105.4754931,41.9133645,19,155,358.3217473
4/4/2011 9:00,3,2,,,,42,15,242.4245681
4/4/2011 10:00,1,1,39.6726693,162.660627,55.51071134,9,133,339.3599613
4/4/2011 11:00,2,4,,,,39,91,286.5337386
4/4/2011 12:00,4,4,37.90736,113.4107147,39.02593338,6,159,300.9853801
4/4/2011 13:00,2,2,20.30321527,166.7343391,52.4798583,0,24,163.2154396
4/4/2011 14:00,1,4,31.22850064,121.4779675,56.32121995,9,38,184.0277162
4/4/2011 15:00,3,1,24.32700362,114.2353201,15.95706802,4,144,303.5783205
4/4/2011 16:00,4,1,33.86094902,128.3639197,47.55585489,39,45,245.2441667
4/4/2011 17:00,1,2,46.32404574,132.7058004,13.78610865,20,115,320.1006586
4/4/2011 18:00,1,1,42.50719979,166.7592378,30.52603998,8,52,208.7651926
4/4/2011 19:00,3,3,,,,28,113,247.0724167
4/4/2011 20:00,3,1,166.1649747,483.7965681,150.3445041,30,50,215.9543393
4/4/2011 21:00,2,2,16.6027584,140.9383697,31.46306201,44,145,383.8602349
4/4/2011 22:00,4,3,40.72368907,175.4032661,37.93037218,45,19,165.4950227
4/4/2011 23:00,4,3,23.81727619,113.4269364,39.50654116,26,86,282.3745609
4/5/2011 0:00,3,4,27.87532044,114.975254,38.40126071,5,132,273.4905349
4/5/2011 1:00,2,1,,,,42,61,224.7114492
4/5/2011 2:00,4,2,12.8061748,172.52556,46.39918018,30,102,292.091344
4/5/2011 3:00,3,4,,,,40,11,246.0592214
4/5/2011 4:00,1,4,43.85112361,112.3020791,31.08466915,44,80,282.4515579
4/5/2011 5:00,4,1,33.7777532,137.1413667,53.50322045,35,157,332.3694921
4/5/2011 6:00,2,1,38.60224203,100.0363888,20.57507208,1,143,253.3719111
4/5/2011 7:00,2,2,35.37008104,149.0574803,32.8651958,20,1,166.2954671
4/5/2011 8:00,2,4,103.6837761,392.6987398,161.3204172,33,124,265.303985
4/5/2011 9:00,1,2,18.40021526,104.8666657,12.83228888,21,116,275.9782745
4/5/2011 10:00,4,4,11.15952617,133.2490134,24.01632097,12,130,288.3917772
4/5/2011 11:00,4,4,25.81750286,182.127368,45.18477572,18,7,102.4747513
4/5/2011 12:00,1,4,20.89133421,124.6268288,19.05284264,32,36,257.9481355
4/5/2011 13:00,4,1,16.36813997,131.4249797,31.78834772,37,180,328.1502824
4/5/2011 14:00,1,4,20.7480265,172.5019604,37.52796825,39,54,235.7345917
4/5/2011 15:00,1,4,17.41970141,150.9814182,39.64633499,48,48,260.3357901
4/5/2011 16:00,1,4,40.76422417,121.2939223,43.4283908,2,58,247.5846932
4/5/2011 17:00,2,3,18.94542372,135.6326099,49.37867384,37,59,220.5710042
4/5/2011 18:00,4,1,28.62410235,114.1976109,23.98563848,18,88,179.0674133
4/5/2011 19:00,1,3,30.28841609,138.1571862,42.0906925,6,77,263.7102432
4/5/2011 20:00,4,1,32.33028181,135.051589,42.06770547,14,118,242.8728296
4/5/2011 21:00,2,2,,,,37,173,369.1483019
4/5/2011 22:00,1,3,25.56708837,107.3413876,56.13325178,24,99,284.0200079
4/5/2011 23:00,3,2,17.14110519,119.8488292,49.38861032,21,62,133.81873
4/6/2011 0:00,2,4,23.09576515,142.9701601,20.75153088,22,126,247.9417899
4/6/2011 1:00,3,2,18.98370208,95.16977939,40.51666996,49,159,342.5698207
4/6/2011 2:00,4,2,33.91849975,108.4196974,42.64954295,9,65,144.8775671
4/6/2011 3:00,4,2,33.49939621,190.0586166,26.90221714,35,84,227.2670981
4/6/2011 4:00,2,2,,,,36,3,191.1022087
4/6/2011 5:00,4,1,28.63873204,109.8728447,40.79197798,49,156,350.7685417
4/6/2011 6:00,3,3,27.87282792,151.5783869,39.425057,41,176,374.5098674
4/6/2011 7:00,1,1,39.43440255,106.5476667,17.56945629,41,92,294.914031
4/6/2011 8:00,1,1,20.07389013,161.44851,29.2148794,41,22,160.9896656
4/6/2011 9:00,1,1,,,,6,130,245.9062395
4/6/2011 10:00,2,2,40.88956055,150.1640145,43.8919362,45,53,269.2997918
4/6/2011 11:00,4,1,29.23089784,167.6039684,38.33242298,24,148,366.1958159
4/6/2011 12:00,3,3,23.7852353,103.1771142,11.00903333,39,79,237.4507536
4/6/2011 13:00,4,1,27.19948162,158.3991413,20.95313573,40,43,239.2472331
4/6/2011 14:00,4,4,15.83653507,111.2586563,31.53532053,23,147,342.6996062
4/6/2011 15:00,4,2,17.12385968,120.6466538,40.86587059,4,184,343.6208259
4/6/2011 16:00,1,4,18.88703227,173.0913462,42.71178731,20,196,357.03819
4/6/2011 17:00,3,3,23.11483413,140.1424783,31.91393635,39,198,366.2886849
4/6/2011 18:00,3,3,31.13393502,174.3384993,11.68934229,19,179,406.0732503
4/6/2011 19:00,4,3,,,,28,144,323.4084187
4/6/2011 20:00,1,3,23.87971616,133.1243444,17.42204743,36,193,389.1973655
4/6/2011 21:00,1,1,40.76108786,110.0087497,44.13894882,19,11,188.265648
4/6/2011 22:00,3,2,42.59065152,153.8280813,14.66661068,17,185,326.1704181
4/6/2011 23:00,1,3,43.9803762,105.3606167,29.86284587,3,132,285.0745096
4/7/2011 0:00,1,4,43.83268925,108.8380176,39.51062378,10,79,227.8894907
4/7/2011 1:00,1,3,138.1744306,417.4764225,221.7463075,21,125,284.3592199
4/7/2011 2:00,2,2,,,,42,91,291.0792819
4/7/2011 3:00,4,4,31.40907708,103.3377045,55.34767855,13,71,205.1080624
4/7/2011 4:00,3,4,32.54584715,161.8631804,41.67704956,44,183,339.4405266
4/7/2011 5:00,3,4,41.99350901,102.2922119,41.78885688,27,45,235.6727426
4/7/2011 6:00,2,1,43.95822197,108.7080467,41.97833583,3,71,206.6494683
4/7/2011 7:00,4,3,145.5892914,481.706882,203.6695733,15,92,245.2540936
4/7/2011 8:00,3,1,,,,37,120,247.7474316
4/7/2011 9:00,1,4,,,,22,17,216.5105584
4/7/2011 10:00,3,1,16.19680959,108.1497214,26.92368752,12,43,219.3452918
4/7/2011 11:00,1,1,30.83947717,166.5723135,28.37724603,19,42,230.8735833
4/7/2011 12:00,2,1,,,,4,78,242.2579865
4/7/2011 13:00,1,3,38.24447359,157.1002882,46.60435891,18,76,197.1661912
4/7/2011 14:00,3,4,28.7537096,118.9262335,47.46648771,20,149,324.5215345
4/7/2011 15:00,3,4,40.02133454,129.3988829,28.88305568,41,59,230.38421
4/7/2011 16:00,3,3,,,,4,62,185.7791352
4/7/2011 17:00,2,1,41.50216609,135.4657081,53.82447268,13,23,199.6729126
4/7/2011 18:00,2,1,,,,35,192,425.4333338
4/7/2011 19:00,4,2,43.74591505,166.4551807,17.61899181,5,28,226.4848335
4/7/2011 20:00,3,2,34.97705182,145.0495083,42.31147072,4,128,299.3555699
4/7/2011 21:00,1,2,21.18703761,173.679053,16.57398547,23,123,293.7909267
4/7/2011 22:00,2,3,18.24745974,120.9732317,26.10966807,28,0,170.2380378
4/7/2011 23:00,3,4,41.76796604,110.9257537,18.98985333,28,72,221.5757196
4/8/2011 0:00,3,2,17.10454166,145.5480695,14.32709348,1,20,161.6253352
4/8/2011 1:00,2,4,30.32296782,151.5203419,33.72607164,5,155,335.9795368
4/8/2011 2:00,4,4,,,,33,145,381.424463
4/8/2011 3:00,2,4,34.55415027,153.9678751,29.80738402,11,96,231.2423046
4/8/2011 4:00,2,3,36.90288899,128.5934042,16.09819243,21,51,160.8927779
4/8/2011 5:00,1,3,24.84586255,152.1133303,45.08876332,3,65,200.8233849
4/8/2011 6:00,1,3,,,,44,114,333.8746342
4/8/2011 7:00,4,3,45.36289016,150.6078871,24.03609857,48,87,345.9307194
4/8/2011 8:00,3,2,39.27508629,103.8924874,18.29935119,5,61,254.0700104
4/8/2011 9:00,2,1,41.77457369,149.3569106,28.93662164,2,18,207.333688
4/8/2011 10:00,4,1,27.93042085,164.4008139,29.6217621,12,1,136.2946621
4/8/2011 11:00,1,1,,,,22,197,343.1461163
4/8/2011 12:00,2,2,,,,34,54,197.079817
4/8/2011 13:00,3,1,37.08202557,169.9815556,51.30081333,25,78,231.8360063
4/8/2011 14:00,1,2,19.02537259,120.2025794,38.15196345,8,184,368.229608
4/8/2011 15:00,1,2,21.82051717,120.2651406,8.278477089,22,10,229.5475499
4/8/2011 16:00,1,2,11.85714972,108.1374851,36.68860897,3,143,305.1846959
4/8/2011 17:00,4,1,129.8725689,521.2467674,42.42129131,33,84,258.1717763
4/8/2011 18:00,3,4,38.6286483,177.1806529,42.43776913,36,189,341.8298715
4/8/2011 19:00,2,1,13.78201063,155.6782952,26.27967935,7,26,178.4623561
4/8/2011 20:00,4,1,36.41575567,130.1273678,47.67510512,33,21,208.9377791
4/8/2011 21:00,4,3,41.956005,154.7230148,52.04048562,36,2,142.9579892
4/8/2011 22:00,4,2,24.00113223,138.4903833,26.02133902,5,2,183.5004852
4/8/2011 23:00,1,4,,,,6,148,290.1450071
4/9/2011 0:00,3,3,45.3908467,115.5986911,36.91659366,44,42,260.7110155
4/9/2011 1:00,4,4,40.91301605,151.3745043,15.6646685,40,197,385.5470385
4/9/2011 2:00,2,4,24.2500316,125.0873202,51.82790013,38,88,283.7972189
4/9/2011 3:00,3,2,18.30985759,96.93820002,25.93848269,35,36,198.8283063
4/9/2011 4:00,2,1,18.49001188,136.6815846,15.89992136,4,93,235.5543722
4/9/2011 5:00,3,2,,,,2,183,353.1601264
4/9/2011 6:00,2,2,,,,16,38,198.9599313
4/9/2011 7:00,1,3,,,,18,147,280.7616572
4/9/2011 8:00,4,2,22.80462912,120.1766443,34.01035789,44,64,260.2640823
4/9/2011 9:00,2,1,17.16922491,157.1098367,39.68685493,0,162,322.4930779
4/9/2011 10:00,3,4,29.16103719,114.9760325,35.99804208,36,42,268.1154336
4/9/2011 11:00,4,2,31.52231914,113.405332,39.03619652,8,20,211.51131
4/9/2011 12:00,4,4,35.39959917,142.3839299,12.39131608,3,9,159.0015634
4/9/2011 13:00,3,2,31.09676167,147.2724081,30.69151632,41,44,217.5264763
4/9/2011 14:00,2,4,23.87888037,156.8506801,24.51107141,45,92,279.1033745
4/9/2011 15:00,1,2,20.17694116,146.4839678,54.55714504,9,2,144.2462801
4/9/2011 16:00,1,3,18.89977871,145.7787282,8.458604162,31,42,237.1489747
4/9/2011 17:00,2,4,25.23561808,171.2024446,21.6973019,0,179,359.2199279
4/9/2011 18:00,4,2,17.32336247,144.8310694,53.87283744,22,40,248.1708249
4/9/2011 19:00,4,2,24.10974496,119.3000901,56.34223997,16,120,272.6154042
4/9/2011 20:00,4,3,16.21751347,114.7299839,47.80227681,29,106,268.6265931
4/9/2011 21:00,4,3,21.39219668,134.0941675,10.39495755,26,168,330.3813233
4/9/2011 22:00,2,3,39.43457977,159.4824783,33.61929036,14,8,113.0378022
4/9/2011 23:00,4,4,27.45792827,102.3883545,25.42154567,37,173,322.9202783
4/10/2011 0:00,3,4,34.13253692,108.1224908,47.09049698,6,143,296.9737809
4/10/2011 1:00,4,3,146.065678,391.3022621,33.55767582,32,123,315.3942289
4/10/2011 2:00,1,1,31.41742289,152.0170794,15.82350656,4,112,279.7569578
4/10/2011 3:00,4,1,44.08604883,124.4776544,31.82040094,38,120,283.6126064
4/10/2011 4:00,2,2,13.5191013,111.5178651,15.0791178,33,46,213.2997913
4/10/2011 5:00,1,1,35.05344539,150.6824601,40.91750582,2,155,297.9536219
4/10/2011 6:00,2,2,44.25644778,159.3536927,46.71674657,31,27,195.6105831
4/10/2011 7:00,2,4,,,,1,74,244.6904993
4/10/2011 8:00,1,4,,,,15,93,217.8103357
4/10/2011 9:00,2,1,,,,16,138,268.5822658
4/10/2011 10:00,2,4,19.52253709,180.9666659,12.28327715,11,28,179.1136337
4/10/2011 11:00,4,3,31.00598069,126.8554467,20.19450185,4,183,295.1041238
4/10/2011 12:00,3,3,37.96594898,179.923069,30.61749446,3,199,294.0636524
4/10/2011 13:00,2,1,26.39715274,170.5038733,8.445805408,15,56,175.2789556
4/10/2011 14:00,2,1,,,,17,180,338.8073259
4/10/2011 15:00,2,2,33.68982636,99.85996974,26.78861251,44,73,285.0101649
4/10/2011 16:00,4,4,24.46688167,138.7941031,52.12688699,19,118,305.640697
4/10/2011 17:00,3,2,,,,8,58,262.742608
4/10/2011 18:00,1,2,37.80523863,168.9304322,28.99220766,15,34,201.1605264
4/10/2011 19:00,4,3,,,,34,179,369.2019996
4/10/2011 20:00,4,3,31.61055623,177.8703426,15.47522907,28,35,204.6091682
4/10/2011 21:00,3,3,19.87743685,143.367283,24.25891123,48,76,267.071964
4/10/2011 22:00,3,3,,,,29,57,297.5484802
4/10/2011 23:00,4,2,,,,19,1,176.9780093
4/11/2011 0:00,1,3,39.75508405,136.3271746,38.4919312,41,27,227.5910238
4/11/2011 1:00,4,4,27.32326354,138.2724612,35.26022384,21,69,204.7946799
4/11/2011 2:00,3,3,22.48732099,147.0123676,20.34422159,22,62,245.466074
4/11/2011 3:00,1,3,21.31842702,176.1302355,45.02580894,35,179,382.9086456
4/11/2011 4:00,3,3,34.15969424,155.7061146,46.36176125,21,59,262.4732541
4/11/2011 5:00,1,1,20.94476169,172.6550511,33.49597084,0,89,257.0717337
4/11/2011 6:00,2,4,28.71572338,171.2622902,9.10141345,20,163,328.3722824
4/11/2011 7:00,3,4,16.53539367,144.6457374,52.80591835,47,103,294.0969448
4/11/2011 8:00,3,2,26.17976164,134.5106758,39.17292546,42,189,378.0224223
4/11/2011 9:00,4,2,19.14147838,156.0621489,19.29418849,18,115,285.4056361
4/11/2011 10:00,3,3,45.6165934,138.0209162,37.37075749,7,42,236.2247038
4/11/2011 11:00,3,1,172.4261055,400.8377505,113.2603369,4,166,351.3795264
4/11/2011 12:00,2,2,23.08600496,124.3350282,37.94277931,39,132,342.7928015
4/11/2011 13:00,3,2,15.79711224,171.5450274,28.68539746,28,177,415.0868888
4/11/2011 14:00,2,3,,,,17,15,101.5285383
4/11/2011 15:00,2,3,21.78714529,155.6058676,42.78728973,28,51,214.4190161
4/11/2011 16:00,2,2,,,,14,196,358.8876622
4/11/2011 17:00,2,2,40.58735677,155.5677984,9.397385316,49,70,248.0640075
4/11/2011 18:00,1,4,,,,44,2,167.3434045
4/11/2011 19:00,4,1,31.20524463,153.4707054,22.72129457,30,88,215.7261552
4/11/2011 20:00,1,4,33.17382465,131.47279,26.17973002,14,137,290.9060878
4/11/2011 21:00,3,2,45.00936629,98.67904998,20.24419204,44,50,270.0717431
4/11/2011 22:00,1,4,42.3523986,184.0171953,38.05700954,2,196,370.4739907
4/11/2011 23:00,1,4,30.14521669,127.3405054,14.14928097,43,159,328.6969564
4/12/2011 0:00,3,2,20.96094281,149.8477731,41.21141554,43,132,330.8731414
4/12/2011 1:00,3,3,29.67265126,146.602324,43.67772801,41,117,347.9987032
4/12/2011 2:00,3,2,21.59923729,107.1655939,10.49026835,32,170,305.6736007
4/12/2011 3:00,1,3,33.82171774,170.2474258,37.60343661,23,139,306.5154195
4/12/2011 4:00,1,2,32.10578058,166.3836676,52.88455839,37,158,352.880258
4/12/2011 5:00,3,2,,,,23,149,321.5906835
4/12/2011 6:00,4,2,,,,12,58,244.8140627
4/12/2011 7:00,4,1,27.21064774,160.5496313,35.7386562,26,51,181.3651012
4/12/2011 8:00,2,3,41.44383306,136.666603,34.66770128,32,46,197.130127
4/12/2011 9:00,3,1,31.50318651,144.2131753,8.80371812,18,104,291.7707154
4/12/2011 10:00,2,2,35.76346524,104.4073314,43.83879678,24,48,170.2475252
4/12/2011 11:00,4,4,24.29474663,140.292556,29.99255965,5,55,233.6720377
4/12/2011 12:00,2,1,31.7418031,112.3397389,41.64411962,32,30,224.8182861
4/12/2011 13:00,3,3,29.93778715,143.276928,46.01428922,24,186,381.5860562
4/12/2011 14:00,3,2,33.76310556,146.6461377,31.16679429,22,69,226.2544806
4/12/2011 15:00,3,1,,,,48,75,287.633013
4/12/2011 16:00,1,4,33.16767444,145.8131992,13.59177725,16,170,300.173906
4/12/2011 17:00,2,1,26.51234615,125.9626828,12.07562244,20,80,236.9120417
4/12/2011 18:00,4,3,,,,42,73,265.4419986
4/12/2011 19:00,4,1,45.08070647,147.6491144,11.65609847,19,108,249.3939716
4/12/2011 20:00,4,4,83.94922682,518.1603702,105.348718,11,4,170.9042678
4/12/2011 21:00,1,4,,,,12,3,130.039436
4/12/2011 22:00,1,3,30.76249375,170.6863659,49.07355998,17,142,316.4297517
4/12/2011 23:00,3,4,40.29614152,186.0278604,30.01121367,21,129,351.6302947
4/13/2011 0:00,4,2,25.80833413,166.6441629,53.7006479,23,176,310.6793581
4/13/2011 1:00,1,4,,,,32,55,235.707049
4/13/2011 2:00,3,2,38.73528843,122.8530104,48.23788807,2,135,237.8495296
4/13/2011 3:00,4,1,22.51492631,165.5246911,11.22097384,16,15,155.4042331
4/13/2011 4:00,2,2,26.52510933,134.844373,18.61647499,38,191,399.4558047
4/13/2011 5:00,3,2,24.14883781,110.3097047,13.10157843,31,23,190.4829309
4/13/2011 6:00,1,1,41.23535051,142.879827,27.8688999,16,54,241.6785361
4/13/2011 7:00,1,4,,,,47,181,388.0871592
4/13/2011 8:00,3,2,22.9729072,119.7972753,14.29707392,43,68,258.4795203
4/13/2011 9:00,3,4,35.7427014,100.9748863,11.04036235,24,59,201.5370841
4/13/2011 10:00,1,1,32.84413804,116.303054,35.62154047,7,158,334.9884856
4/13/2011 11:00,2,3,28.91964449,133.4491742,18.20628812,42,19,219.5522116
4/13/2011 12:00,4,4,31.23841931,112.9948995,29.91025604,34,53,190.5913316
4/13/2011 13:00,2,4,22.30273915,112.2749075,7.740158038,28,136,284.5011038
4/13/2011 14:00,3,3,28.77273446,121.1579165,39.07741765,11,161,238.3703163
4/13/2011 15:00,2,3,27.46377066,173.7307435,33.43351668,35,79,222.4766733
4/13/2011 16:00,1,1,43.66826329,155.9476003,38.32171178,8,192,340.048468
4/13/2011 17:00,3,4,24.49538519,127.5827443,18.29232967,25,143,285.7783484
4/13/2011 18:00,4,4,39.39508037,180.3513947,17.71620781,21,69,214.508265
4/13/2011 19:00,1,1,34.29837402,156.0203504,47.68297835,30,133,354.1795965
4/13/2011 20:00,1,4,16.8699988,139.9047861,40.43584204,48,34,262.3311038
4/13/2011 21:00,4,2,,,,47,104,279.6308543
4/13/2011 22:00,4,2,18.11097197,129.9352698,38.64330294,43,130,346.2812084
4/13/2011 23:00,2,2,49.54359344,114.5920316,10.56735159,29,20,234.9254278
4/14/2011 0:00,3,4,39.50470567,123.0825386,47.92646112,14,134,316.0398434
4/14/2011 1:00,4,2,21.05541452,146.8817797,42.78799229,46,77,281.4553431
4/14/2011 2:00,4,2,23.2259636,141.061424,33.79117409,32,157,371.4413244
4/14/2011 3:00,3,1,27.78227081,154.4057359,52.01502254,2,21,195.5812684
4/14/2011 4:00,4,1,25.12822914,124.2674288,15.58644683,33,141,287.1069815
4/14/2011 5:00,4,3,28.97729601,152.7074568,39.637154,16,182,341.8359058
4/14/2011 6:00,2,3,21.77437258,146.169875,53.29403499,43,88,263.9458485
4/14/2011 7:00,1,3,34.91822762,181.9945104,21.89437866,4,66,254.0861564
4/14/2011 8:00,1,3,18.62147163,128.7896321,5.768092209,29,132,293.1033048
4/14/2011 9:00,1,1,43.72274868,160.549311,42.70566403,42,196,364.9544152
4/14/2011 10:00,1,1,,,,14,114,308.324408
4/14/2011 11:00,4,1,,,,38,58,253.3180412
4/14/2011 12:00,3,2,39.38725758,150.9545144,8.487066557,7,136,355.8853298
4/14/2011 13:00,3,2,24.03633402,103.3541689,40.08289757,41,175,339.6685455
4/14/2011 14:00,2,3,14.66368004,176.8310194,25.14141892,37,101,271.9746288
4/14/2011 15:00,2,2,,,,27,36,246.2026378
4/14/2011 16:00,4,4,28.70027446,144.6643413,49.66247197,20,67,198.174477
4/14/2011 17:00,3,1,,,,46,147,382.1421248
4/14/2011 18:00,3,3,41.8633652,131.973958,23.32446627,9,84,206.331542
4/14/2011 19:00,1,3,42.63235173,146.1124935,18.37298909,27,177,371.8657433
4/14/2011 20:00,4,4,32.95632491,179.3483281,42.9995151,20,23,137.271322
4/14/2011 21:00,4,2,40.72059454,139.1467687,46.97358918,48,123,321.9205479
4/14/2011 22:00,1,3,14.91107342,182.8969919,39.89819838,27,198,333.4845214
4/14/2011 23:00,4,2,21.36125096,153.2950447,37.78091631,21,125,353.36246
4/15/2011 0:00,4,2,36.35766479,115.2164929,17.58732147,37,48,202.4290379
4/15/2011 1:00,2,4,27.29681708,119.5909556,48.43702504,18,135,277.7159768
4/15/2011 2:00,3,3,29.87782467,149.1445168,43.01341626,37,74,276.6481831
4/15/2011 3:00,4,2,107.8659733,377.1611129,128.1369294,45,109,285.5603763
4/15/2011 4:00,2,2,34.27978388,137.2720813,33.68341795,23,5,198.5913901
4/15/2011 5:00,3,4,22.40566075,120.0062947,32.91139779,27,39,194.2697518
4/15/2011 6:00,1,4,33.0674049,139.0582927,47.91402618,44,80,249.9615797
4/15/2011 7:00,2,2,18.90627514,156.6000199,42.75366398,12,181,341.7769819
4/15/2011 8:00,2,4,14.66117118,138.3383875,47.58091111,8,108,229.099446
4/15/2011 9:00,3,2,23.1813715,113.6849844,30.93411496,8,144,313.5019538
4/15/2011 10:00,1,3,27.75109843,122.1903859,35.45671755,20,50,245.9335035
4/15/2011 11:00,2,1,44.08298246,124.0766575,47.75129577,23,1,190.2080157
4/15/2011 12:00,4,4,13.87218497,107.1330834,17.18698762,30,157,355.9200946
4/15/2011 13:00,4,1,17.58012488,145.3843656,26.25994046,28,159,278.8795474
4/15/2011 14:00,4,2,32.34947671,149.7894826,37.14457542,39,49,223.7792906
4/15/2011 15:00,1,2,30.45097467,101.1274094,50.401567,9,198,349.8202704
4/15/2011 16:00,2,2,17.40490992,129.0361109,4.940742049,3,143,339.2692914
4/15/2011 17:00,4,1,14.63792454,138.7727185,15.14918003,2,82,216.199959
4/15/2011 18:00,1,2,44.31761816,121.2378423,19.49268649,12,182,274.5905986
4/15/2011 19:00,4,4,35.35497299,139.5188698,19.94580255,20,184,323.5269845
4/15/2011 20:00,3,3,26.0616839,127.2117874,20.11712394,7,44,180.8136929
4/15/2011 21:00,2,3,24.60197777,129.2422837,34.34649855,8,179,271.9584286
4/15/2011 22:00,2,4,22.47165659,159.1686244,49.51514042,45,198,421.7173549
4/15/2011 23:00,1,3,102.3168485,407.7032249,156.368256,0,174,276.5722484
4/16/2011 0:00,1,1,34.75302341,141.8024724,18.21435427,13,32,208.0436493
4/16/2011 1:00,2,2,,,,11,127,254.8944381
4/16/2011 2:00,4,2,21.1888954,134.4822741,35.81597773,35,97,326.8791913
4/16/2011 3:00,4,2,,,,21,151,313.3883533
4/16/2011 4:00,3,1,20.42885332,140.1729342,24.20044435,35,34,204.3029019
4/16/2011 5:00,4,1,22.35128025,140.0887888,44.78023008,44,191,400.5271558
4/16/2011 6:00,1,1,16.8967443,156.0563184,42.95427621,15,84,218.4637621
4/16/2011 7:00,1,4,20.37090405,168.9636807,33.9436344,10,87,263.9524085
4/16/2011 8:00,4,1,202.0852273,636.9294387,49.20713394,2,100,237.2391767
4/16/2011 9:00,1,3,26.45671113,155.0479525,45.7176896,33,59,223.8543846
4/16/2011 10:00,2,4,,,,24,28,199.0685667
4/16/2011 11:00,2,4,41.87699764,94.62773904,44.43724049,25,17,159.0086864
4/16/2011 12:00,4,4,42.42141617,143.0605296,38.43428403,2,185,330.9752039
4/16/2011 13:00,2,1,35.74364553,118.6412233,17.99167343,19,47,225.8896442
4/16/2011 14:00,2,4,42.10690928,102.8060173,17.74126419,30,10,120.4459726
4/16/2011 15:00,3,1,20.95208412,143.6838918,11.7441328,48,130,360.4505456
4/16/2011 16:00,3,1,41.98451512,156.4594438,17.51472841,0,169,343.1937523
4/16/2011 17:00,2,4,37.48040498,131.4256928,12.10211838,25,145,264.0801652
4/16/2011 18:00,4,2,38.54267245,158.5661906,36.18404919,24,15,128.4075671
4/16/2011 19:00,3,2,38.96458321,143.5588325,35.99727196,10,40,224.9807737
4/16/2011 20:00,1,4,23.91615976,129.8206568,35.59467453,15,192,379.6621646
4/16/2011 21:00,1,2,35.65891081,117.7715046,39.17123419,19,42,229.4206458
4/16/2011 22:00,1,3,22.38248438,128.3936885,46.7766577,41,170,317.9248783
4/16/2011 23:00,4,3,24.19014744,127.6876076,51.47046518,37,90,331.5948318
4/17/2011 0:00,2,1,23.04113721,148.2436203,16.58438589,1,30,158.0884952
4/17/2011 1:00,1,2,43.8642118,114.3280887,34.23606943,28,27,211.925757
4/17/2011 2:00,4,3,20.92364174,108.9935794,10.39518703,6,50,213.2977544
4/17/2011 3:00,3,4,29.43991001,154.6787996,12.46313737,48,26,271.5352247
4/17/2011 4:00,2,2,28.73280257,137.2174138,37.14218265,39,8,200.5051989
4/17/2011 5:00,3,3,47.92749617,140.1082855,30.54941941,44,120,326.2282938
4/17/2011 6:00,4,3,21.82921533,97.95270176,44.06383522,24,123,294.4421335
4/17/2011 7:00,1,4,34.5519012,136.9055272,25.65677049,3,165,281.8607682
4/17/2011 8:00,1,1,44.35424502,167.7085027,12.40816385,42,163,285.2017555
4/17/2011 9:00,4,4,,,,33,59,242.7417765
4/17/2011 10:00,1,1,24.56684866,162.4348535,7.192668948,24,56,187.3962779
4/17/2011 11:00,2,3,,,,7,174,341.2752608
4/17/2011 12:00,4,1,37.07304483,153.8057794,19.58403085,31,113,298.2352042
4/17/2011 13:00,3,3,37.61183944,120.8429092,55.11827221,17,67,237.508453
4/17/2011 14:00,4,3,22.42127557,141.0197742,29.17757655,39,50,207.1904275
4/17/2011 15:00,2,2,43.45471499,122.2606937,30.93644752,10,57,247.8771958
4/17/2011 16:00,2,1,,,,36,47,247.0266973
4/17/2011 17:00,4,1,32.41862205,147.1977207,37.71144025,38,58,210.3352451
4/17/2011 18:00,4,1,38.04693,149.5412869,47.08765604,35,75,321.8453238
4/17/2011 19:00,1,4,21.11907498,149.2493019,30.70558005,9,46,198.4677978
4/17/2011 20:00,2,2,36.70813971,122.9270513,54.42422872,5,142,256.7655668
4/17/2011 21:00,4,2,32.02315226,136.1503967,45.60552412,44,110,281.0462102
4/17/2011 22:00,4,2,39.7682414,144.9170082,24.89335768,15,111,230.5326351
4/17/2011 23:00,2,4,21.42265962,151.2167843,22.94027292,24,71,285.5847432
4/18/2011 0:00,4,1,,,,33,120,335.2179436
4/18/2011 1:00,1,1,39.48216591,123.6103023,39.94148734,30,94,295.9914225
4/18/2011 2:00,2,1,15.61838803,157.2203495,36.0612789,46,1,213.3438172
4/18/2011 3:00,1,2,15.43523087,135.2346793,43.6148303,7,78,272.2623333
4/18/2011 4:00,1,2,44.08355875,157.2510854,33.23786586,16,188,346.5547338
4/18/2011 5:00,1,3,23.27299783,136.0849612,13.81793169,13,39,214.4968996
4/18/2011 6:00,1,4,49.47548495,173.827255,20.4076524,29,170,324.4627479
4/18/2011 7:00,2,4,18.2204531,115.2495426,33.51449072,17,47,209.2184792
4/18/2011 8:00,1,2,28.7232267,157.3805298,5.687770608,45,199,407.3266763
4/18/2011 9:00,1,3,39.54907151,140.4801455,25.74756571,35,196,288.3924851
4/18/2011 10:00,4,1,35.25710519,115.0207779,43.0378183,20,56,207.2378387
4/18/2011 11:00,2,2,35.91354846,111.7666266,15.15641362,30,195,379.7811516
4/18/2011 12:00,2,4,31.61099021,166.6986226,7.178643127,32,11,190.5084144
4/18/2011 13:00,3,4,,,,22,67,225.2643489
4/18/2011 14:00,2,4,21.91147156,118.0218261,37.05904317,37,178,382.5131225
4/18/2011 15:00,2,1,133.1527582,649.3423074,67.94954334,4,73,205.6095022
4/18/2011 16:00,3,4,,,,14,28,155.1859421
4/18/2011 17:00,2,1,31.59773379,109.827607,37.67083436,29,91,305.358425
4/18/2011 18:00,2,1,,,,15,28,224.1271569
4/18/2011 19:00,2,1,24.58402747,147.664112,25.33759655,39,82,252.8754708
4/18/2011 20:00,2,2,27.51035683,159.944906,12.30678831,28,114,289.7913327
4/18/2011 21:00,3,1,15.6438267,160.2703207,46.77072851,27,106,308.2340699
4/18/2011 22:00,2,3,,,,5,140,296.1776019
4/18/2011 23:00,2,4,,,,4,184,353.7649765
4/19/2011 0:00,3,2,27.75653481,152.8847935,50.70094938,37,97,298.1279117
4/19/2011 1:00,4,4,41.02865564,104.142998,7.005587959,24,45,209.2879444
4/19/2011 2:00,1,1,37.50989721,115.9908196,7.111609291,27,19,211.3428973
4/19/2011 3:00,4,2,10.71967873,153.8763162,14.05120717,0,58,178.9189782
4/19/2011 4:00,3,3,32.26047544,109.0721787,5.188507175,13,119,293.6976097
4/19/2011 5:00,1,1,18.20685872,148.0649886,38.32633918,18,35,200.648527
4/19/2011 6:00,3,4,,,,30,0,169.0519036
4/19/2011 7:00,3,3,43.74130708,134.3215682,16.20272436,14,89,215.4734838
4/19/2011 8:00,2,1,27.1624119,106.3452445,13.35429863,18,130,301.8273644
4/19/2011 9:00,1,3,36.69534222,157.2169744,12.61874934,37,43,231.035505
4/19/2011 10:00,2,1,,,,31,182,337.6924962
4/19/2011 11:00,1,2,,,,30,59,190.9774123
4/19/2011 12:00,3,1,39.40841463,142.0823806,34.70575292,36,130,266.5512741
4/19/2011 13:00,3,2,,,,25,84,251.265281
4/19/2011 14:00,4,1,21.73839019,100.0439414,25.41298801,47,190,396.0843268
4/19/2011 15:00,1,1,,,,40,81,326.3904558
4/19/2011 16:00,2,4,,,,24,158,330.5385563
4/19/2011 17:00,4,3,28.80876582,169.9134889,43.779703,46,60,207.1334972
4/19/2011 18:00,4,3,44.11243182,130.1015311,35.71456551,39,48,230.6893941
4/19/2011 19:00,4,3,15.53438526,148.8205302,32.1909896,7,43,237.4397299
4/19/2011 20:00,2,1,25.69713897,160.8562769,31.29978395,3,179,311.4167419
4/19/2011 21:00,4,1,36.23744152,161.2781861,18.54891107,30,30,243.4605281
4/19/2011 22:00,2,1,22.95843172,153.5067589,16.2546814,31,71,257.1759561
4/19/2011 23:00,4,2,36.00787939,176.1963062,33.91126933,33,88,290.3124387
4/20/2011 0:00,2,2,,,,47,176,428.6734327
4/20/2011 1:00,3,4,16.82589047,178.3856164,9.196796825,2,45,141.7915796
4/20/2011 2:00,3,1,19.52680566,169.4659657,33.37287876,40,181,397.8063497
4/20/2011 3:00,3,3,45.79423165,163.1527305,51.33590697,25,138,310.0719015
4/20/2011 4:00,3,3,32.94193892,157.4369003,51.68199793,3,103,227.4392132
4/20/2011 5:00,3,4,40.45137472,107.4473529,4.971700428,1,64,211.8972676
4/20/2011 6:00,4,3,109.0520043,417.6540655,45.55950646,18,144,362.647096
4/20/2011 7:00,4,4,,,,22,115,326.9679913
4/20/2011 8:00,4,1,30.65377351,109.7541269,49.03708751,24,27,140.8998057
4/20/2011 9:00,2,3,41.6323943,132.7281733,53.52977924,46,81,253.8276594
4/20/2011 10:00,2,1,,,,6,73,257.211272
4/20/2011 11:00,2,2,38.30101109,173.7779791,39.23248288,7,8,164.2737004
4/20/2011 12:00,2,3,,,,2,161,312.3871836
4/20/2011 13:00,3,2,30.51683972,98.11190228,10.40023592,22,147,271.8793346
4/20/2011 14:00,3,3,29.58928231,122.1347639,9.266116951,46,130,303.5663508
4/20/2011 15:00,3,1,43.75280305,162.9983408,36.55658244,32,128,269.1859949
4/20/2011 16:00,1,4,23.1013169,177.6517722,8.624133032,47,59,206.3341375
4/20/2011 17:00,4,1,23.7096453,172.7542779,42.36639003,27,96,235.2030003
4/20/2011 18:00,2,1,30.72723496,177.585994,41.63522419,21,49,192.0936683
4/20/2011 19:00,2,1,24.43069545,173.6889463,10.45355359,34,135,296.1046416
4/20/2011 20:00,3,3,83.52789433,500.8089457,207.895288,33,145,302.6755821
4/20/2011 21:00,2,4,42.59079818,118.1306521,31.41416758,29,29,238.5545673
4/20/2011 22:00,2,2,29.67340815,157.0107971,51.39383753,46,96,264.7279537
4/20/2011 23:00,4,1,41.62458568,127.4409698,50.96379602,35,149,376.7291987
4/21/2011 0:00,3,3,43.53761657,157.5752469,14.32895438,13,80,228.425743
4/21/2011 1:00,4,2,23.01318104,145.8133712,22.0747027,8,8,179.1223239
4/21/2011 2:00,1,1,29.7242706,172.385614,11.7831209,21,21,206.0819847
4/21/2011 3:00,1,2,,,,27,137,287.0137012
4/21/2011 4:00,1,1,40.27079366,143.7996708,29.44186518,40,66,246.1075817
4/21/2011 5:00,3,2,,,,13,8,155.8632618
4/21/2011 6:00,2,2,26.0595515,183.9702432,15.05847346,14,46,221.1260599
4/21/2011 7:00,3,4,21.25968265,127.3519199,40.45467043,36,39,221.0887488
4/21/2011 8:00,3,4,28.84229902,177.1115357,55.70902828,23,35,185.5033635
4/21/2011 9:00,2,1,24.34585903,168.883371,38.98720583,33,146,332.5282721
4/21/2011 10:00,4,3,,,,48,97,305.1462009
4/21/2011 11:00,1,4,42.0303472,166.806806,35.27881812,42,1,248.4602371
4/21/2011 12:00,4,2,41.04359587,143.3782552,11.69298384,44,172,368.0038522
4/21/2011 13:00,1,4,26.18340188,117.67161,6.737127621,43,82,275.261454
4/21/2011 14:00,3,4,,,,2,160,324.8142903
4/21/2011 15:00,1,1,42.9117392,171.2952145,19.01030143,22,63,206.4813729
4/21/2011 16:00,3,4,,,,19,153,270.1992508
4/21/2011 17:00,4,4,43.44361847,122.5950965,23.68495518,44,118,302.6025546
4/21/2011 18:00,3,2,21.91701452,151.1409706,42.38027928,14,110,306.1296521
4/21/2011 19:00,4,4,36.46004731,141.4011141,4.87186728,42,161,389.9742758
4/21/2011 20:00,2,2,30.12256137,107.253269,6.878456855,15,190,298.5872117
4/21/2011 21:00,2,4,29.79381327,147.7237891,7.150478672,6,155,330.9521492
4/21/2011 22:00,2,4,41.96860844,133.0317377,16.52179675,32,91,207.42682
4/21/2011 23:00,3,3,16.14765171,111.5038347,24.56608913,18,77,258.7471552
4/22/2011 0:00,2,4,26.33095269,141.2953654,35.19600289,17,5,183.9534799
4/22/2011 1:00,1,2,28.41045355,148.0421759,54.61423723,40,138,276.2542449
4/22/2011 2:00,4,2,41.03126331,101.1114008,22.88948526,17,45,241.9759587
4/22/2011 3:00,4,1,,,,2,19,223.2905635
4/22/2011 4:00,1,1,,,,2,163,313.1019718
4/22/2011 5:00,3,3,28.23671395,100.3475806,48.79824724,35,112,301.2072567
4/22/2011 6:00,3,2,19.27208085,101.1815895,39.78103613,15,15,224.3516085
4/22/2011 7:00,4,2,38.9298467,107.5890988,44.26306164,42,197,355.1890068
4/22/2011 8:00,2,2,18.24684383,117.8281034,10.61539359,22,199,337.9474728
4/22/2011 9:00,3,3,29.35843801,166.785332,12.74129333,22,172,318.7991035
4/22/2011 10:00,3,2,,,,14,47,212.0938671
4/22/2011 11:00,1,1,94.42829795,405.2566176,196.5971982,8,112,271.0146581
4/22/2011 12:00,1,3,,,,39,3,175.3842366
4/22/2011 13:00,2,1,,,,37,175,352.969278
4/22/2011 14:00,3,1,27.32757222,160.4238934,32.15110764,17,97,247.7973721
4/22/2011 15:00,3,3,,,,37,108,280.2311309
4/22/2011 16:00,1,4,23.1554509,115.7793892,15.67333126,5,194,325.9301829
4/22/2011 17:00,3,4,28.07321011,128.0193667,35.81318737,43,155,325.1733134
4/22/2011 18:00,4,1,42.93853797,141.3888964,6.997398403,36,157,282.9588527
4/22/2011 19:00,1,4,,,,45,28,216.2775604
4/22/2011 20:00,2,2,20.02780448,148.7324494,5.87166122,5,148,244.3210624
4/22/2011 21:00,1,3,16.52012278,126.1642448,7.252801927,20,41,233.5058279
4/22/2011 22:00,3,1,43.94646515,101.1698046,20.83835444,29,127,289.1921145
4/22/2011 23:00,2,2,27.7269015,149.148597,45.69645097,27,49,222.4079414
4/23/2011 0:00,1,4,,,,19,88,245.794502
4/23/2011 1:00,4,2,39.6432049,149.5813731,28.5106235,18,125,285.6679233
4/23/2011 2:00,4,4,22.40500684,135.7053282,6.191624368,13,2,202.89311
4/23/2011 3:00,1,1,28.9703146,144.8515166,9.191078983,0,192,301.4474854
4/23/2011 4:00,4,2,43.9799601,121.7675347,35.5391428,26,22,149.2933657
4/23/2011 5:00,4,3,34.8896769,149.7215672,14.89433515,31,106,290.5745221
4/23/2011 6:00,4,1,20.27648286,146.9623288,39.48322758,28,4,167.1174229
4/23/2011 7:00,2,2,21.86158561,101.8873164,45.76415585,30,24,214.7829779
4/23/2011 8:00,4,2,23.2924713,136.6049714,48.3536179,24,34,229.4920064
4/23/2011 9:00,4,4,35.37458192,161.7247925,11.77836929,6,64,186.8048038
4/23/2011 10:00,4,1,108.930472,479.5597679,112.6422345,38,38,244.0971625
4/23/2011 11:00,2,1,18.29704188,172.6624101,52.2953946,45,122,286.3375716
4/23/2011 12:00,1,1,44.10286475,164.4011279,44.07895102,15,110,277.2334943
4/23/2011 13:00,3,1,22.2712777,116.1463344,12.40838364,43,17,172.8891725
4/23/2011 14:00,4,4,19.31392354,168.8163463,28.81251002,10,24,187.961226
4/23/2011 15:00,1,3,24.15686422,136.2926219,51.83244633,17,99,265.3709072
4/23/2011 16:00,4,1,22.54812146,153.2955967,28.17650919,43,128,287.9096367
4/23/2011 17:00,2,4,29.74973703,172.7101225,45.43018105,41,189,339.2454601
4/23/2011 18:00,1,3,42.89938822,132.5576544,29.6528626,4,136,312.5172203
4/23/2011 19:00,2,3,41.42746779,138.0904043,9.316609441,1,168,305.4082949
4/23/2011 20:00,4,4,28.00687904,173.4337017,12.85877095,9,94,283.3594664
4/23/2011 21:00,4,1,,,,25,21,179.6969381
4/23/2011 22:00,2,3,30.01293182,121.3943821,14.67233008,23,193,405.0643378
4/23/2011 23:00,3,1,25.36456042,132.5962149,49.29852723,25,172,318.5474382
4/24/2011 0:00,2,1,17.5695857,175.593306,38.25686035,15,179,388.181684
4/24/2011 1:00,4,2,40.38127426,176.6653749,42.19284375,24,19,198.2305889
4/24/2011 2:00,2,1,21.33521102,113.1562569,36.33185141,37,120,318.9934644
4/24/2011 3:00,3,2,16.74988191,169.3879554,24.50866033,5,139,263.8789362
4/24/2011 4:00,2,3,30.42097011,129.7438284,16.42764323,11,123,305.8762259
4/24/2011 5:00,3,4,31.52043287,184.3883002,51.03029434,8,63,243.9176935
4/24/2011 6:00,3,2,14.36527049,152.3337646,32.45015482,48,159,347.2668663
4/24/2011 7:00,2,4,19.68708696,104.5484098,27.82169912,41,61,187.9800961
4/24/2011 8:00,2,3,30.24831226,106.2272426,53.08768926,7,132,255.60013
4/24/2011 9:00,1,1,34.49850649,117.5937739,22.39204097,30,119,265.5955796
4/24/2011 10:00,4,3,19.73218389,112.7268533,45.62824726,40,43,246.4805798
4/24/2011 11:00,3,4,30.6533217,154.6345544,48.78811902,31,156,323.0490043
4/24/2011 12:00,1,3,,,,6,32,174.6316455
4/24/2011 13:00,2,1,41.66736792,173.4420218,10.93695337,31,86,250.0105148
4/24/2011 14:00,4,3,26.80288848,145.6147835,52.70965251,41,99,334.0785204
4/24/2011 15:00,1,1,21.69289675,151.7984419,27.01886603,24,12,187.3602834
4/24/2011 16:00,3,2,28.19495563,129.8563419,5.147342485,32,49,236.9318305
4/24/2011 17:00,1,4,36.42928827,172.100323,30.09421878,27,129,287.4178143
4/24/2011 18:00,3,1,20.76162147,155.2391565,36.57036904,10,155,314.1102025
4/24/2011 19:00,2,1,31.10987018,163.0377108,43.01557827,30,17,167.7285279
4/24/2011 20:00,4,3,16.65556919,167.3006576,54.70622304,9,65,234.3107777
4/24/2011 21:00,4,2,14.25014128,105.9540468,52.0579681,1,173,289.6022426
4/24/2011 22:00,4,1,33.4638514,114.9201654,51.44149575,45,144,361.3252412
4/24/2011 23:00,2,2,22.88774323,165.9404324,5.479577564,43,160,330.9498569
4/25/2011 0:00,3,2,39.67936198,172.2818881,40.45952539,3,98,279.4499721
4/25/2011 1:00,2,3,33.7442624,150.3915904,16.42680194,21,32,260.2167614
4/25/2011 2:00,4,1,,,,44,95,289.0306963
4/25/2011 3:00,2,3,28.94742707,159.1482533,43.80005052,27,83,299.3458292
4/25/2011 4:00,2,4,,,,9,157,338.54054
4/25/2011 5:00,2,4,,,,1,21,129.0132897
4/25/2011 6:00,3,1,41.86631203,141.2593589,7.496471062,48,124,325.3242468
4/25/2011 7:00,1,2,46.06549092,108.3424099,44.9397233,30,180,375.0320206
4/25/2011 8:00,1,1,,,,41,173,381.9271483
4/25/2011 9:00,2,1,78.17614719,603.1544671,50.21801389,22,43,220.3415056
4/25/2011 10:00,1,4,19.79162336,172.9933491,30.16917818,15,74,243.9542394
4/25/2011 11:00,1,4,,,,8,113,271.1470976
4/25/2011 12:00,2,2,,,,42,161,356.9893221
4/25/2011 13:00,2,2,40.02977467,130.2548857,50.24281774,5,27,145.2832164
4/25/2011 14:00,4,1,178.1697869,583.9645053,156.3725562,24,162,328.9067915
4/25/2011 15:00,1,3,,,,3,195,304.403187
4/25/2011 16:00,3,1,32.4568136,184.1451034,12.21292352,47,8,190.0632932
4/25/2011 17:00,2,2,35.3466452,155.1913912,26.11113693,11,106,249.2674366
4/25/2011 18:00,4,3,30.23031804,115.4374825,27.93725905,23,21,174.3511767
4/25/2011 19:00,3,4,28.36478344,101.1771833,35.00244733,26,188,332.4302672
4/25/2011 20:00,1,2,34.73803825,104.2075675,18.03749328,47,84,289.0682596
4/25/2011 21:00,4,2,,,,2,24,166.447245
4/25/2011 22:00,2,3,139.1028357,516.0127012,40.94487888,11,80,228.3759626
4/25/2011 23:00,3,2,34.6330484,166.0234635,33.7167473,46,78,231.7609099
4/26/2011 0:00,2,2,37.83655768,137.302834,36.21109248,29,168,338.0516568
4/26/2011 1:00,1,2,32.66873622,142.6404509,14.12740864,11,6,201.3528227
4/26/2011 2:00,3,2,32.37794451,95.33124075,46.73228723,40,58,282.8103575
4/26/2011 3:00,1,2,34.18394075,123.0303512,34.99371688,41,199,401.1908585
4/26/2011 4:00,1,2,28.98328593,136.7794252,37.07564275,39,194,374.130158
4/26/2011 5:00,4,2,,,,44,32,242.7535417
4/26/2011 6:00,2,2,14.9694388,120.4247735,48.40944033,21,192,342.962712
4/26/2011 7:00,3,4,32.705995,159.9959847,37.95847109,14,99,254.0049982
4/26/2011 8:00,1,2,31.6834998,131.5038451,24.86454725,27,103,257.7061222
4/26/2011 9:00,1,4,43.76326851,163.7955878,16.12845653,16,59,252.2320012
4/26/2011 10:00,3,4,25.42432207,118.1021719,7.792995944,43,80,296.3803835
4/26/2011 11:00,1,1,25.32272016,160.112704,13.29287133,47,121,316.9389165
4/26/2011 12:00,4,1,20.69216111,124.3055538,54.09787538,24,57,282.9161165
4/26/2011 13:00,4,4,14.0183021,164.61859,25.60825146,42,43,247.3531309
4/26/2011 14:00,4,4,37.19305714,139.3803453,49.72665643,44,120,324.6636495
4/26/2011 15:00,4,2,21.91543624,156.1134509,13.57349637,2,47,206.4495436
4/26/2011 16:00,1,1,32.752647,182.5181596,25.41015028,35,124,271.106428
4/26/2011 17:00,3,3,35.14182755,90.66622769,53.06271879,30,164,317.1457173
4/26/2011 18:00,3,1,29.01110665,103.1800465,10.50132841,14,152,314.3340366
4/26/2011 19:00,3,4,42.24332736,159.0261587,33.96560651,45,152,345.5807173
4/26/2011 20:00,3,4,30.05328442,160.4746408,51.70578849,27,56,250.6641324
4/26/2011 21:00,2,2,22.24452244,131.1541521,52.2560254,42,12,183.9342512
4/26/2011 22:00,3,2,39.46745047,139.6957356,47.85918295,30,76,258.0898619
4/26/2011 23:00,2,1,,,,44,11,207.6250446
4/27/2011 0:00,2,2,18.93903493,124.2958949,37.39552171,19,107,279.8130563
4/27/2011 1:00,4,3,,,,49,190,389.4585859
4/27/2011 2:00,2,3,16.15302391,179.058717,42.55676176,44,189,340.8498796
4/27/2011 3:00,1,2,21.00056535,138.1916903,53.96637738,20,115,217.1274395
4/27/2011 4:00,2,3,43.25033633,145.8151292,31.58592686,26,27,174.7099809
4/27/2011 5:00,4,3,32.11520721,174.2064248,17.46602712,18,182,334.0280792
4/27/2011 6:00,2,1,27.38218555,122.9174262,35.04251458,35,115,264.607077
4/27/2011 7:00,1,3,40.53704983,156.4623867,39.96908135,11,41,200.2892636
4/27/2011 8:00,1,4,27.75566629,175.9521579,15.28356891,34,188,404.6615187
4/27/2011 9:00,1,4,22.59802798,116.280368,40.63032305,47,79,297.7381179
4/27/2011 10:00,4,1,43.16830559,120.0184628,35.13800134,32,37,232.9459185
4/27/2011 11:00,4,2,38.78408267,180.1894167,34.8010054,35,80,294.5140218
4/27/2011 12:00,3,1,41.44694824,175.1506099,18.30145095,40,108,270.2147717
4/27/2011 13:00,4,2,,,,22,113,271.2483217
4/27/2011 14:00,1,2,37.95092863,108.7715125,37.13856372,12,107,287.3963458
4/27/2011 15:00,1,2,,,,29,132,296.7137531
4/27/2011 16:00,4,2,32.55733906,136.3266716,21.56549868,9,83,229.3535554
4/27/2011 17:00,2,2,49.89547339,140.6994396,19.60349714,40,175,420.819604
4/27/2011 18:00,4,1,24.41873881,146.1219325,22.64655684,19,162,333.8089561
4/27/2011 19:00,4,2,36.81075894,175.9465369,28.98979399,5,47,254.8531267
4/27/2011 20:00,1,3,29.50766569,136.238039,54.01766645,30,13,138.2440709
4/27/2011 21:00,3,3,,,,18,53,202.0155954
4/27/2011 22:00,1,2,37.7168368,116.4428003,48.35686317,2,153,317.2046789
4/27/2011 23:00,3,3,79.76344066,361.9107232,126.436962,9,117,278.7507392
4/28/2011 0:00,1,4,35.75824564,136.0225391,31.86995748,9,108,205.2709376
4/28/2011 1:00,4,1,16.45809395,106.2125257,14.76152949,20,170,333.0484971
4/28/2011 2:00,1,1,43.16334875,134.9401938,42.71989204,1,41,266.1249308
4/28/2011 3:00,1,2,22.46546765,176.2585006,26.30499432,44,94,295.3402998
4/28/2011 4:00,1,2,25.25398546,114.4700362,42.10549418,38,145,351.0644938
4/28/2011 5:00,4,4,18.21349332,158.610637,24.42437498,44,102,276.6115992
4/28/2011 6:00,4,2,47.03078571,120.719242,10.06536407,29,182,368.2268825
4/28/2011 7:00,4,3,37.97366459,96.10147192,13.49393366,45,49,243.5569594
4/28/2011 8:00,4,4,,,,27,124,334.4896689
4/28/2011 9:00,3,3,30.70219626,162.9896881,17.36147305,17,85,284.5336765
4/28/2011 10:00,3,1,30.01200403,135.3212041,17.77510847,13,148,323.1475315
4/28/2011 11:00,2,3,14.42874041,155.093325,51.24394752,44,161,357.0494023
4/28/2011 12:00,4,1,,,,18,39,156.5455658
4/28/2011 13:00,3,3,24.0837438,164.8900889,10.29699336,39,118,255.4984762
4/28/2011 14:00,1,1,44.19529964,109.5757911,11.51203639,35,110,297.3727975
4/28/2011 15:00,4,2,36.07237715,161.7636976,18.30561718,40,29,245.1528075
4/28/2011 16:00,2,3,27.26760744,136.9835961,35.43889676,11,197,397.8644634
4/28/2011 17:00,2,1,,,,19,116,258.2182001
4/28/2011 18:00,2,3,41.0355088,143.5034987,19.0962354,33,24,161.631469
4/28/2011 19:00,1,4,18.51736687,107.2495117,46.99055519,35,196,408.8956491
4/28/2011 20:00,3,2,22.56391965,143.9532435,9.80668967,20,28,173.4643524
4/28/2011 21:00,1,1,20.59764992,128.2120465,15.66517929,18,66,186.5912718
4/28/2011 22:00,4,4,28.28256034,146.1036673,53.68962595,40,184,359.0911728
4/28/2011 23:00,2,3,,,,40,46,220.5667297
4/29/2011 0:00,1,4,27.53535017,171.5560071,48.9932237,42,104,335.5029954
4/29/2011 1:00,1,3,,,,41,144,360.8650285
4/29/2011 2:00,3,2,28.43206049,142.4433312,10.07723837,34,176,337.7725292
4/29/2011 3:00,3,4,159.7676885,495.9541654,118.8932842,7,108,306.8308871
4/29/2011 4:00,2,2,25.43634415,139.2374457,29.6023801,21,49,223.6411306
4/29/2011 5:00,1,1,,,,42,89,312.7135053
4/29/2011 6:00,1,3,,,,37,132,358.7018562
4/29/2011 7:00,3,3,43.27881939,125.8417792,23.50537024,17,12,171.006762
4/29/2011 8:00,1,2,45.27776509,145.2600096,11.04692277,7,190,364.0221678
4/29/2011 9:00,1,2,,,,1,38,176.6778415
4/29/2011 10:00,1,1,,,,19,195,391.7816615
4/29/2011 11:00,3,4,18.99975596,148.627888,7.226442281,4,172,328.5848296
4/29/2011 12:00,2,3,,,,41,16,235.6842069
4/29/2011 13:00,4,3,22.31989269,102.3539014,17.84497194,29,186,410.6151886
4/29/2011 14:00,2,1,42.49635045,134.5086679,11.15297276,17,98,281.2873755
4/29/2011 15:00,4,1,,,,43,79,269.06454
4/29/2011 16:00,1,2,35.47749632,109.967031,44.66783858,22,58,227.5613979
4/29/2011 17:00,2,2,19.47457782,169.2301812,8.147730704,1,95,157.1531636
4/29/2011 18:00,4,4,41.1658587,130.9391845,11.09279497,41,121,290.4781519
4/29/2011 19:00,3,1,,,,43,135,355.8370358
4/29/2011 20:00,3,4,17.67180686,111.8016004,8.21411021,36,29,243.9540985
4/29/2011 21:00,2,1,41.5521784,95.11841625,38.15382867,41,130,298.818448
4/29/2011 22:00,2,3,,,,31,144,329.7905151
4/29/2011 23:00,1,1,,,,0,122,266.1730662
4/30/2011 0:00,2,1,144.2119603,616.2448496,125.4064582,38,50,258.5368958
4/30/2011 1:00,1,3,34.11826545,94.51584574,45.10306458,0,151,367.1050164
4/30/2011 2:00,1,1,,,,48,79,298.0983633
4/30/2011 3:00,3,4,24.92661961,171.0620946,51.49689273,43,191,363.7366981
4/30/2011 4:00,3,2,43.68551561,118.7659834,30.04171463,30,73,250.4871351
4/30/2011 5:00,4,2,36.28523402,110.8535517,44.3790743,38,122,351.8952512
4/30/2011 6:00,3,4,150.4106604,486.6644788,100.3741029,7,110,224.5747618
4/30/2011 7:00,3,3,22.71926281,142.7708173,24.79362508,2,198,331.380989
4/30/2011 8:00,2,1,18.14328497,113.6935913,47.12427285,46,111,328.1292697
4/30/2011 9:00,3,4,22.65997665,136.9430488,8.6166391,11,176,375.6579055
4/30/2011 10:00,4,2,20.75794191,164.7004112,31.34372577,48,19,235.0946046
4/30/2011 11:00,2,2,20.23126826,170.1540982,40.87910572,33,28,192.622303
4/30/2011 12:00,4,4,21.81377805,103.6473897,41.33319186,48,9,222.9167759
4/30/2011 13:00,3,2,34.66161434,108.5557178,34.48939517,24,8,194.2470497
4/30/2011 14:00,4,4,23.52854448,130.3239219,26.81191441,35,198,393.3404529
4/30/2011 15:00,2,2,40.48943669,140.0422187,17.00169998,6,107,259.9011061
4/30/2011 16:00,1,4,16.30810925,132.3581476,48.33054415,14,62,227.4006457
4/30/2011 17:00,4,1,27.7324245,166.8989917,22.19969593,20,32,174.583304
4/30/2011 18:00,4,1,15.30903545,166.717619,43.69357253,24,151,399.2118933
4/30/2011 19:00,2,1,27.59127652,109.6262531,4.911526469,47,79,280.5132
4/30/2011 20:00,2,1,64.0789435,532.7576489,65.09770682,37,31,234.2560188
4/30/2011 21:00,4,2,42.95405437,107.6803044,20.68383283,36,3,182.2607309
4/30/2011 22:00,3,3,39.26347902,120.4768142,37.96446764,15,189,379.1547777
4/30/2011 23:00,4,4,29.28391229,108.3917575,20.75574732,0,77,187.8398634
5/1/2011 0:00,2,3,13.08158131,109.8797837,5.786292014,46,125,268.4220528
5/1/2011 1:00,1,2,,,,36,118,302.8734243
5/1/2011 2:00,1,2,36.50325036,140.3460576,16.13535629,44,21,276.4065618
5/1/2011 3:00,3,3,21.59181738,114.418865,12.22166309,13,150,349.0318461
5/1/2011 4:00,4,3,,,,33,25,183.526129
5/1/2011 5:00,1,2,38.38590089,123.7194352,43.6651347,1,48,214.2594285
5/1/2011 6:00,4,2,36.95231907,106.9483858,25.99261994,30,171,331.6943896
5/1/2011 7:00,2,4,41.82094056,112.3298448,26.39473798,18,149,329.5638257
5/1/2011 8:00,1,1,,,,18,107,289.9003759
5/1/2011 9:00,3,1,43.84913347,175.0205233,26.72910042,43,194,414.5601511
5/1/2011 10:00,2,4,27.40511006,143.5569816,49.86105365,22,169,293.793068
5/1/2011 11:00,3,3,,,,29,51,191.792524
5/1/2011 12:00,2,2,40.20788081,132.2007463,24.76655662,16,144,307.4902152
5/1/2011 13:00,1,3,36.29168972,135.5918077,23.53924095,1,141,260.7817835
5/1/2011 14:00,3,1,45.836861,151.3894123,33.03461974,10,63,189.4599565
5/1/2011 15:00,3,1,23.21222283,151.9207427,32.24698306,48,172,377.9044584
5/1/2011 16:00,2,3,,,,13,191,326.264772
5/1/2011 17:00,3,1,26.82797816,168.6972649,43.16788656,40,157,414.472631
5/1/2011 18:00,2,2,22.24310357,98.74722366,28.50030609,28,140,301.7450134
5/1/2011 19:00,2,4,22.20206685,140.5134062,5.376995551,18,153,312.6300827
5/1/2011 20:00,2,3,36.12579168,128.8660216,33.37913215,27,159,344.660297
5/1/2011 21:00,2,2,16.63774731,145.7433641,43.86635778,0,173,277.4924384
5/1/2011 22:00,1,2,36.05595461,126.0184301,16.18711293,4,50,218.9832377
5/1/2011 23:00,2,1,36.40403512,132.5645814,8.1514307,33,33,225.9691177
5/2/2011 0:00,4,2,19.43006412,134.4890397,44.21604439,13,107,259.2428921
5/2/2011 1:00,3,3,,,,18,115,290.9368295
5/2/2011 2:00,4,2,,,,23,27,212.5644219
5/2/2011 3:00,1,4,35.55243455,159.9108969,51.58633818,39,18,249.7685875
5/2/2011 4:00,4,2,40.33192812,123.1497597,21.80731467,16,175,415.7176132
5/2/2011 5:00,3,2,43.01562957,182.06501,51.32836506,1,97,215.8616261
5/2/2011 6:00,4,4,42.82003495,165.7018689,37.29026516,30,71,211.7831033
5/2/2011 7:00,1,2,33.09698304,124.3461618,48.10043705,16,161,329.7828674
5/2/2011 8:00,2,2,40.73753062,122.8446239,44.82989676,7,105,199.3296614
5/2/2011 9:00,4,1,40.71465092,111.9085379,7.033187329,45,143,357.176493
5/2/2011 10:00,1,3,43.14918344,136.5598412,8.321331023,16,70,239.0832627
5/2/2011 11:00,1,1,18.98474305,159.1939065,30.80184655,37,26,223.7062249
5/2/2011 12:00,3,3,43.56575161,174.2895814,7.928500677,25,50,215.5772395
5/2/2011 13:00,3,4,30.48353992,165.5680683,27.9105254,42,83,282.3316245
5/2/2011 14:00,4,4,39.08171289,125.2985996,51.7720362,39,53,255.8450764
5/2/2011 15:00,2,4,21.34666556,147.1081817,18.92422471,44,122,321.6753121
5/2/2011 16:00,1,3,,,,39,16,164.3183559
5/2/2011 17:00,4,3,24.56361106,103.9105361,24.12835322,6,71,231.828177
5/2/2011 18:00,1,3,23.2935401,162.4671999,34.46331678,23,195,423.283614
5/2/2011 19:00,1,4,18.50388928,116.0164872,14.22745566,29,113,298.8880899
5/2/2011 20:00,2,3,39.28509824,162.9327002,18.32082208,25,94,272.7696347
5/2/2011 21:00,2,2,15.71539839,151.9100195,46.88397009,29,128,353.4557177
5/2/2011 22:00,4,1,24.07778053,166.0503139,46.19648386,34,104,265.2827263
5/2/2011 23:00,2,4,,,,1,13,190.3381108
5/3/2011 0:00,2,1,35.75510684,161.0312012,43.55513354,43,134,310.739633
5/3/2011 1:00,4,2,24.52908119,174.5151108,26.06704918,3,63,248.2384094
5/3/2011 2:00,2,3,24.43579879,168.2825198,41.87010002,4,199,376.5788926
5/3/2011 3:00,3,1,28.66571503,155.9741493,24.63209483,47,135,319.2656045
5/3/2011 4:00,1,2,32.72761359,154.9578303,9.901597434,1,181,323.6516424
5/3/2011 5:00,1,2,20.47599422,134.3662304,23.66709064,30,151,359.9613118
5/3/2011 6:00,1,1,21.94678125,159.6524732,10.91550962,26,182,301.9599113
5/3/2011 7:00,1,4,25.28932026,166.0775864,23.5340056,23,128,287.3620213
5/3/2011 8:00,4,1,42.9253056,150.1012108,20.36208897,44,199,411.2288588
5/3/2011 9:00,1,4,114.4423141,601.8906011,141.7023717,3,68,211.3695543
5/3/2011 10:00,1,3,,,,27,31,211.6550655
5/3/2011 11:00,1,4,21.38616862,115.9964179,38.52846302,4,0,92.37102581
5/3/2011 12:00,1,3,,,,26,193,342.9675849
5/3/2011 13:00,3,1,70.32557709,429.7790717,208.9443151,43,169,381.981865
5/3/2011 14:00,1,3,17.23988466,131.6549905,7.680601291,46,136,309.064404
5/3/2011 15:00,3,2,28.59718366,94.55318815,36.98590725,4,73,187.517158
5/3/2011 16:00,4,3,27.52556542,132.8669261,37.35383417,4,151,336.4355128
5/3/2011 17:00,2,4,16.73132678,165.8224296,50.03465536,47,104,316.0540694
5/3/2011 18:00,1,4,,,,8,113,237.9238216
5/3/2011 19:00,2,4,38.72294409,105.661622,22.07191561,46,146,345.7311955
5/3/2011 20:00,2,3,26.41067199,131.2945188,11.37047258,26,50,193.8938877
5/3/2011 21:00,4,4,30.3927628,131.2354421,17.41854162,3,80,227.9947747
5/3/2011 22:00,2,4,46.21493999,142.4476763,30.7436327,48,1,203.8444005
5/3/2011 23:00,3,2,41.41700403,131.7633981,46.97793305,23,9,157.3060547
5/4/2011 0:00,2,3,29.75476636,173.5506253,18.39724377,26,196,393.82711
5/4/2011 1:00,2,2,40.07266862,105.4250246,12.07677532,0,102,278.4738319
5/4/2011 2:00,2,4,16.85205158,162.02391,16.78435394,31,133,321.4563889
5/4/2011 3:00,1,4,146.5113944,605.7199219,37.45038695,15,189,365.9650135
5/4/2011 4:00,1,4,25.14271477,177.1851494,50.89798457,22,65,192.9567931
5/4/2011 5:00,3,3,19.26443963,114.023243,49.0567978,27,7,224.4033678
5/4/2011 6:00,3,1,29.96800575,151.1304169,19.11864926,19,67,232.7940777
5/4/2011 7:00,1,4,16.62339039,101.3635167,16.47613061,16,186,323.4721961
5/4/2011 8:00,3,4,34.22615775,139.4980202,48.63389334,35,49,237.9010047
5/4/2011 9:00,1,4,27.37721198,117.0703525,4.625573317,44,94,309.8860569
5/4/2011 10:00,4,4,29.77563806,167.4758346,35.12116913,7,35,206.8884544
5/4/2011 11:00,2,3,17.17967695,114.503671,50.73417947,17,135,268.9732502
5/4/2011 12:00,2,1,21.53815382,136.2095628,28.56148638,12,94,278.2390751
5/4/2011 13:00,3,1,,,,8,144,299.6861268
5/4/2011 14:00,1,1,45.15537864,184.8532763,14.55864564,36,186,386.537969
5/4/2011 15:00,1,4,16.64885152,148.7169642,51.42415089,29,77,231.4512263
5/4/2011 16:00,3,4,19.82752992,121.9697144,4.978931091,42,135,357.8710303
5/4/2011 17:00,1,1,41.51803019,120.2371726,22.50787365,27,121,302.9710432
5/4/2011 18:00,4,1,,,,45,88,318.1501551
5/4/2011 19:00,2,4,,,,49,42,194.4352743
5/4/2011 20:00,3,4,27.8888025,155.5094811,28.40282402,17,62,186.4345893
5/4/2011 21:00,3,2,31.11915034,148.7072037,15.38416607,19,80,241.2721563
5/4/2011 22:00,1,2,26.00648626,109.3530426,33.67783307,47,112,352.4975547
5/4/2011 23:00,3,2,24.01442758,168.416046,16.47274668,35,11,254.3489269
5/5/2011 0:00,4,1,26.58948923,146.7458033,16.63264632,18,83,223.8075904
5/5/2011 1:00,1,3,39.73859651,177.340028,43.78886208,4,97,252.0475533
5/5/2011 2:00,1,4,37.68733651,150.0223748,12.94177238,33,55,242.106448
5/5/2011 3:00,1,2,,,,16,48,234.9923471
5/5/2011 4:00,1,3,39.37670661,133.7784508,21.21826229,27,179,381.9922122
5/5/2011 5:00,4,4,25.14251285,115.1879846,28.85742782,35,138,289.0070834
5/5/2011 6:00,1,3,34.89192616,160.8235385,40.44593771,37,26,214.3725106
5/5/2011 7:00,3,1,29.2635221,159.6470685,44.39678513,29,189,307.1748361
5/5/2011 8:00,4,1,35.04542942,111.0670414,38.12053363,17,136,326.74976
5/5/2011 9:00,2,1,22.24423793,113.2969855,35.92463912,5,81,225.2630565
5/5/2011 10:00,2,2,33.93803559,113.1061653,36.48021197,25,35,173.2558049
5/5/2011 11:00,3,4,,,,14,173,346.3892698
5/5/2011 12:00,3,1,24.68128199,118.9423015,22.50746275,0,117,255.3123699
5/5/2011 13:00,4,2,21.70415585,125.9598252,35.80222268,16,156,359.2478434
5/5/2011 14:00,2,2,33.39270037,110.5104393,7.580779969,30,195,347.6220972
5/5/2011 15:00,2,2,26.46325537,132.8300071,19.8632559,1,78,295.0837496
5/5/2011 16:00,2,2,35.19219563,158.2633254,25.54455028,35,40,250.0272758
5/5/2011 17:00,2,1,42.98280386,166.7191984,30.16294478,34,27,249.0169414
5/5/2011 18:00,2,2,27.54248147,108.4657704,28.56812041,26,191,335.5165059
5/5/2011 19:00,1,1,29.02037274,150.1332028,40.11020206,2,151,356.0308398
5/5/2011 20:00,3,1,152.0056878,473.7515227,113.269211,45,100,257.9960852
5/5/2011 21:00,1,2,15.49006729,187.9233892,48.88265299,19,143,305.0735913
5/5/2011 22:00,2,1,23.15102471,130.4401823,24.4094018,7,21,216.5030582
5/5/2011 23:00,4,4,42.13123392,93.47352604,30.52376874,28,46,238.5618323
5/6/2011 0:00,4,4,31.15521376,145.1356232,4.372092783,7,16,135.1792869
5/6/2011 1:00,2,3,,,,40,128,351.4118141
5/6/2011 2:00,2,4,20.18176166,100.2555829,48.19846319,49,158,366.5434972
5/6/2011 3:00,4,1,39.13341503,153.1542412,19.86529504,26,88,250.8541915
5/6/2011 4:00,1,1,38.91020967,161.711645,17.30246012,25,11,139.0752394
5/6/2011 5:00,1,4,37.39520069,141.2547584,31.84693628,38,19,219.3733351
5/6/2011 6:00,2,2,24.60729354,153.2555075,7.709344468,9,146,299.4232707
5/6/2011 7:00,1,2,39.69966682,142.2474707,31.07666447,29,4,187.0106545
5/6/2011 8:00,4,1,33.61870746,152.2912948,19.54183509,32,14,147.760586
5/6/2011 9:00,1,2,34.82012332,150.1670906,23.29395832,35,24,195.7521514
5/6/2011 10:00,2,3,32.57414423,158.7353783,43.75341662,19,162,344.7162217
5/6/2011 11:00,4,3,21.19205059,109.129512,37.32940843,3,107,315.5962248
5/6/2011 12:00,1,4,41.17516757,121.1786208,26.60469253,22,54,219.1390249
5/6/2011 13:00,3,4,15.75429246,129.4354646,33.10217741,28,62,282.5916159
5/6/2011 14:00,4,2,,,,45,46,263.908251
5/6/2011 15:00,4,1,41.34334493,160.3888852,41.29403431,31,194,381.2964851
5/6/2011 16:00,3,4,131.8145482,463.2383798,56.27312422,36,115,269.907804
5/6/2011 17:00,3,3,34.33032129,108.565183,19.29784501,36,63,219.1588061
5/6/2011 18:00,4,4,,,,25,21,213.7944771
5/6/2011 19:00,3,4,,,,4,196,333.4684558
5/6/2011 20:00,2,3,44.91219925,157.4291265,3.881615387,23,105,258.7974972
5/6/2011 21:00,2,1,15.01436088,135.0270453,12.6725546,42,76,261.8351078
5/6/2011 22:00,2,4,39.70683496,152.8593762,44.23500213,1,73,218.333516
5/6/2011 23:00,4,4,24.07649094,139.4588107,31.42914765,14,79,269.2664866
5/7/2011 0:00,3,4,36.56820408,166.4258715,21.20767239,45,126,305.0735064
5/7/2011 1:00,3,2,18.24964065,185.304217,35.15933339,45,129,347.2706121
5/7/2011 2:00,1,4,,,,39,125,326.4195223
5/7/2011 3:00,1,3,42.38309926,158.8894831,23.07267348,7,113,219.0034295
5/7/2011 4:00,3,1,28.03403332,140.6228474,27.66029042,36,114,308.0534634
5/7/2011 5:00,3,1,37.31151034,172.2994025,6.495855873,36,152,257.1803885
5/7/2011 6:00,3,3,34.00495193,151.4958002,33.49632517,13,60,195.3513353
5/7/2011 7:00,4,2,35.61408486,171.6385388,22.53455456,4,4,171.0952138
5/7/2011 8:00,3,3,43.50657088,153.2433409,24.17375722,8,27,183.8784743
5/7/2011 9:00,1,1,,,,21,80,197.1558466
5/7/2011 10:00,4,3,20.1454556,147.4558522,35.73294357,42,193,350.6125828
5/7/2011 11:00,3,2,74.4632201,438.5310867,138.4195124,48,14,132.9148521
5/7/2011 12:00,1,1,21.54030935,127.7795613,26.51360386,43,182,333.900141
5/7/2011 13:00,4,2,19.47529067,179.436404,4.726624173,43,119,328.5437161
5/7/2011 14:00,3,3,29.6478501,114.7211417,36.2017204,47,37,216.443588
5/7/2011 15:00,3,4,19.9690415,143.8825788,48.14032171,29,150,333.2596865
5/7/2011 16:00,3,3,74.72986074,429.3046388,168.6909176,32,13,194.5653795
5/7/2011 17:00,4,2,16.22409781,119.9395183,53.15430236,49,31,230.1282515
5/7/2011 18:00,1,3,38.60602834,176.8666776,10.41063378,37,43,259.8394271
5/7/2011 19:00,1,4,143.2683028,602.9971991,66.28998989,36,197,376.0528138
5/7/2011 20:00,2,2,26.99617864,148.3070867,31.00819358,49,91,316.4548465
5/7/2011 21:00,3,3,37.55600568,112.3544097,14.58311967,44,117,235.8091394
5/7/2011 22:00,2,2,19.25296226,133.7484978,4.298482202,37,115,334.4668494
5/7/2011 23:00,2,2,189.0252078,470.1864973,99.29922837,6,122,238.416341
5/8/2011 0:00,1,1,34.16363598,128.7971603,16.02230895,2,115,233.9250889
5/8/2011 1:00,4,1,22.71606605,105.6917564,16.73152631,42,185,354.9693363
5/8/2011 2:00,4,2,,,,39,101,321.6180817
5/8/2011 3:00,1,3,36.30051254,119.6853487,14.91700638,31,3,156.4179772
5/8/2011 4:00,4,3,27.12120342,158.3565189,11.51517616,35,114,278.4148407
5/8/2011 5:00,2,3,39.09969676,126.2155345,11.50936199,41,189,350.2353875
5/8/2011 6:00,3,4,22.80597668,136.9990946,43.34882123,40,187,383.7423616
5/8/2011 7:00,1,2,21.47145579,99.14063088,39.48464508,44,58,273.3832499
5/8/2011 8:00,3,2,16.5027996,164.072562,11.50454979,18,74,292.1992013
5/8/2011 9:00,4,4,21.55156113,137.4328277,15.02571681,30,156,407.0584403
5/8/2011 10:00,3,2,,,,29,146,343.5637712
5/8/2011 11:00,4,2,41.54919166,144.4767206,17.61803966,46,144,350.022391
5/8/2011 12:00,4,4,77.1715748,667.5155271,214.8239996,36,3,151.526974
5/8/2011 13:00,2,1,26.96258921,164.7007602,32.16389629,24,171,401.3206447
5/8/2011 14:00,4,2,30.59040987,169.1713516,14.22879981,12,3,170.4980112
5/8/2011 15:00,2,4,40.70738966,113.4220101,46.64628041,11,186,337.3583242
5/8/2011 16:00,2,3,41.7059803,148.8853316,20.12935534,8,139,307.6505577
5/8/2011 17:00,2,1,,,,39,46,214.9284016
5/8/2011 18:00,1,3,,,,8,134,220.883079
5/8/2011 19:00,1,2,38.44830568,179.9723202,43.97199841,44,139,349.1615997
5/8/2011 20:00,4,1,44.15088462,118.6843823,12.71940516,26,70,285.2759975
5/8/2011 21:00,2,4,37.4046526,120.0335397,24.02314793,40,53,258.7037145
5/8/2011 22:00,1,2,14.64939353,161.8178292,5.772247166,30,185,363.7778987
5/8/2011 23:00,2,4,,,,5,62,216.382646
5/9/2011 0:00,3,1,,,,28,142,324.1470904
5/9/2011 1:00,3,3,,,,29,164,346.2225128
5/9/2011 2:00,3,2,93.41359818,592.6131907,142.3388697,37,55,239.1460186
5/9/2011 3:00,4,2,35.74836658,103.367383,40.19227229,10,72,231.7215001
5/9/2011 4:00,2,4,44.35138158,101.7205069,45.94864507,41,96,332.6057352
5/9/2011 5:00,3,1,16.94597535,122.2754047,21.36368252,45,101,309.1176723
5/9/2011 6:00,1,4,38.33676542,173.3797252,44.06051535,5,79,236.0979921
5/9/2011 7:00,3,1,35.97047734,170.6135295,26.18763229,38,30,236.7144798
5/9/2011 8:00,3,2,46.1074127,145.8388228,7.935043978,40,14,222.7107165
5/9/2011 9:00,3,1,42.98588067,147.29662,47.0962083,30,129,336.3057435
5/9/2011 10:00,4,2,33.71982981,120.9963919,31.8595348,34,12,172.2125037
5/9/2011 11:00,1,1,28.15840132,113.7953697,34.01692665,11,4,149.498034
5/9/2011 12:00,2,3,20.5398845,163.2928559,51.33886746,47,175,346.5011564
5/9/2011 13:00,1,1,31.76037248,111.5253092,32.06030561,44,160,375.9035603
5/9/2011 14:00,2,3,37.62599278,139.0677964,5.197248948,5,31,206.431978
5/9/2011 15:00,4,1,44.08590333,146.8681332,48.43489574,44,180,334.6925226
5/9/2011 16:00,4,1,,,,25,105,290.6088868
5/9/2011 17:00,4,4,20.92271183,139.2425553,29.31021151,36,20,246.0446958
5/9/2011 18:00,4,4,29.12835972,149.9253868,12.51487757,31,193,365.8116117
5/9/2011 19:00,2,2,26.26252172,160.3845836,18.9239442,3,188,349.2846839
5/9/2011 20:00,3,4,14.86295541,116.5292276,38.87240724,39,181,390.7739353
5/9/2011 21:00,2,1,21.61986523,123.9395297,24.10156347,2,40,151.2364792
5/9/2011 22:00,1,4,16.44164855,151.4434837,34.87600028,1,86,240.4067171
5/9/2011 23:00,4,1,42.60711027,175.1063908,45.11916996,19,165,371.0043877
5/10/2011 0:00,4,3,24.61039242,118.7141142,21.20073941,18,160,309.038451
5/10/2011 1:00,1,1,24.47279113,177.8148059,32.06540207,38,135,346.8024969
5/10/2011 2:00,2,2,43.3054242,158.5782945,41.62889926,11,35,195.6371417
5/10/2011 3:00,3,3,27.29292618,162.1068101,39.6243622,35,32,195.5809188
5/10/2011 4:00,3,2,13.63817614,107.007561,29.25330819,41,28,214.9145499
5/10/2011 5:00,1,2,24.99181901,128.8512395,22.85009304,27,94,254.0197007
5/10/2011 6:00,3,2,,,,8,56,186.147833
5/10/2011 7:00,2,4,19.97941189,122.3475468,25.43283532,43,71,255.1606107
5/10/2011 8:00,2,2,,,,10,188,348.8374265
5/10/2011 9:00,1,3,33.27849547,101.8336698,37.34378813,29,89,261.7966727
5/10/2011 10:00,2,1,17.8481079,147.2297894,9.802310184,1,113,254.8107475
5/10/2011 11:00,4,2,26.73789852,92.72005526,53.19665853,37,182,374.545466
5/10/2011 12:00,1,3,41.51304838,154.7760479,44.10448448,37,179,380.701387
5/10/2011 13:00,2,2,23.74092928,118.1231324,21.2395436,32,114,260.4299528
5/10/2011 14:00,1,1,39.89571143,111.7011327,7.709045739,6,170,317.1745195
5/10/2011 15:00,3,3,29.12171524,124.2761842,38.25764378,43,125,257.5337379
5/10/2011 16:00,2,3,26.1149842,161.8747297,40.19333086,20,123,286.8680177
5/10/2011 17:00,4,1,,,,11,153,317.2429269
5/10/2011 18:00,2,3,17.72207274,116.5011411,16.48058325,20,115,300.8139768
5/10/2011 19:00,1,1,17.92576342,98.85427501,8.08286429,22,102,277.3372252
5/10/2011 20:00,1,3,33.91297561,187.8716788,52.03811063,5,1,171.1528387
5/10/2011 21:00,2,3,27.8386253,150.6371794,15.71565629,13,182,345.657791
5/10/2011 22:00,4,1,40.54631374,169.2099531,39.2313657,31,89,248.4289461
5/10/2011 23:00,4,1,45.53840165,148.8379466,8.535912146,48,17,180.2098821
5/11/2011 0:00,4,3,25.41914915,110.3339834,41.27329463,48,177,365.7912794
5/11/2011 1:00,1,3,,,,49,44,218.6864818
5/11/2011 2:00,2,1,30.73604711,105.6630613,39.66831401,44,14,203.0765854
5/11/2011 3:00,3,4,43.46624798,140.806486,30.95734656,12,134,279.9052236
5/11/2011 4:00,1,1,,,,26,154,341.2273227
5/11/2011 5:00,4,3,43.55895324,153.4953473,6.633841263,10,39,199.1168854
5/11/2011 6:00,2,3,80.44887533,368.8620781,72.14580519,31,16,209.066391
5/11/2011 7:00,4,3,40.54357882,96.66357734,6.823251858,2,159,322.9064125
5/11/2011 8:00,3,1,22.83099397,161.3307427,48.3324454,48,143,334.2379733
5/11/2011 9:00,4,3,20.16130215,156.9241157,31.46456177,1,190,336.0713518
5/11/2011 10:00,4,4,42.8744724,110.3342586,31.99777845,29,77,269.6628382
5/11/2011 11:00,3,2,15.22644845,111.6086213,10.701781,1,187,409.9861166
5/11/2011 12:00,2,4,40.21783293,168.4891303,28.42861476,38,104,260.9272433
5/11/2011 13:00,1,1,22.18875455,160.0200552,22.1322649,28,81,258.8469351
5/11/2011 14:00,2,3,39.38016867,177.2472376,18.32336382,21,85,218.7163366
5/11/2011 15:00,3,1,103.631833,413.4756525,172.7804964,24,179,350.953397
5/11/2011 16:00,4,2,27.13788587,133.7245443,7.681794306,41,79,248.3521045
5/11/2011 17:00,2,1,,,,45,48,237.9698873
5/11/2011 18:00,1,3,,,,18,48,219.2195215
5/11/2011 19:00,3,2,,,,48,153,334.8715938
5/11/2011 20:00,2,2,36.12282688,107.5928849,40.87972876,15,178,288.0336664
5/11/2011 21:00,1,3,,,,16,42,249.3055803
5/11/2011 22:00,3,3,16.43832682,158.3083427,34.09686574,49,69,291.7108865
5/11/2011 23:00,1,3,16.4894843,146.0714598,10.15231865,26,70,240.6088512
5/12/2011 0:00,3,1,,,,42,8,171.6766729
5/12/2011 1:00,4,4,40.08242467,171.9562691,33.39974778,18,171,340.0624192
5/12/2011 2:00,2,1,39.935685,163.7671278,45.89592698,42,191,392.3343487
5/12/2011 3:00,1,1,20.61518632,127.4561143,7.297227983,41,89,301.5980247
5/12/2011 4:00,3,4,31.70679734,175.2352315,8.73579766,29,1,204.3573053
5/12/2011 5:00,1,3,,,,13,163,356.0038835
5/12/2011 6:00,1,3,25.03927383,114.209113,15.44317708,45,2,143.2507415
5/12/2011 7:00,2,4,26.22547638,176.5742822,33.11396387,41,181,361.3301575
5/12/2011 8:00,4,4,24.59849545,105.1344484,14.43204006,31,148,357.255384
5/12/2011 9:00,1,1,17.99140565,145.742434,9.739791462,22,194,336.7462977
5/12/2011 10:00,3,2,13.39253677,119.4873385,31.06378723,35,8,228.0261494
5/12/2011 11:00,3,4,16.0056442,136.4097964,48.04017462,9,11,222.7523076
5/12/2011 12:00,4,1,31.02191074,150.2293805,37.96510516,37,199,420.1714497
5/12/2011 13:00,3,2,17.11414592,114.3885737,45.12302757,28,164,360.2743571
5/12/2011 14:00,4,3,23.03117237,144.2260102,17.01687299,10,164,308.9942668
5/12/2011 15:00,3,3,25.44881817,155.6146412,48.66293839,49,103,308.8612902
5/12/2011 16:00,2,1,15.80799773,118.7932526,23.99068329,37,194,339.0221831
5/12/2011 17:00,1,1,21.34136496,129.47786,46.50193593,14,55,193.9644629
5/12/2011 18:00,2,4,41.09992478,116.5799836,28.08345099,31,104,262.0664225
5/12/2011 19:00,1,3,13.86745027,159.8677183,18.58413651,26,62,238.2424323
5/12/2011 20:00,1,1,31.96646805,158.4569469,18.10319919,37,153,326.610649
5/12/2011 21:00,1,3,22.70007494,164.4975106,31.72793333,0,45,201.2166614
5/12/2011 22:00,2,3,,,,40,180,394.6961472
5/12/2011 23:00,1,4,32.64690818,100.2071379,50.47641074,13,59,199.0621797
5/13/2011 0:00,2,2,21.17608335,108.1684518,18.41207863,2,31,185.8046862
5/13/2011 1:00,4,4,39.2559231,116.6020791,21.0706927,29,90,254.8602151
5/13/2011 2:00,3,1,27.53488789,149.1817832,15.6649361,30,189,373.0367748
5/13/2011 3:00,3,4,40.56139222,173.0351091,4.300450442,0,174,342.9096771
5/13/2011 4:00,1,4,24.2091526,138.3218033,38.59892708,45,60,280.9541559
5/13/2011 5:00,2,3,45.75398566,170.6422652,33.53523336,13,93,274.4187727
5/13/2011 6:00,3,4,35.76600596,107.4590626,44.02927958,35,131,326.7217688
5/13/2011 7:00,2,1,42.13407647,169.5183586,5.503599647,45,129,279.6883365
5/13/2011 8:00,2,2,27.15388029,109.1077357,51.8957114,35,150,300.8492755
5/13/2011 9:00,1,4,27.86314689,168.2440728,20.7172773,42,54,219.5544075
5/13/2011 10:00,3,4,39.2650734,103.201107,48.77365781,40,40,239.0308486
5/13/2011 11:00,1,2,42.09419874,177.7186885,8.776759084,42,195,346.5345654
5/13/2011 12:00,1,1,45.52827765,118.3636405,41.94764919,14,164,336.382837
5/13/2011 13:00,3,1,25.43420616,118.4498381,31.92241868,37,138,331.1836831
5/13/2011 14:00,3,4,157.9551235,479.6263502,82.68827316,24,163,277.1713543
5/13/2011 15:00,4,3,20.30530827,124.8174667,6.234586864,43,14,172.6063489
5/13/2011 16:00,4,4,29.45496646,151.7793221,32.19127637,44,100,323.5430908
5/13/2011 17:00,2,2,22.70498932,175.8607405,3.69865352,49,66,284.141472
5/13/2011 18:00,3,2,22.66873379,142.6860559,27.55381929,13,111,246.6997355
5/13/2011 19:00,4,2,44.36817482,157.9903568,35.26713989,23,157,297.1580677
5/13/2011 20:00,2,4,20.80515233,117.2705778,40.25294103,42,56,172.6858224
5/13/2011 21:00,2,4,37.26694693,146.6095423,52.87307488,1,189,382.3274633
5/13/2011 22:00,2,1,,,,33,32,214.4124573
5/13/2011 23:00,4,3,,,,48,64,316.6848255
5/14/2011 0:00,3,4,28.97637675,127.1651378,18.98066755,22,0,164.4152328
5/14/2011 1:00,1,1,131.4210582,563.557391,163.8892307,7,130,293.6352898
5/14/2011 2:00,2,4,17.17988757,113.5471906,52.30693037,4,8,186.8887944
5/14/2011 3:00,4,1,34.88839067,128.7958303,53.03346041,28,31,256.3073343
5/14/2011 4:00,4,1,45.21227427,130.6944255,50.72707998,42,76,281.1649008
5/14/2011 5:00,1,3,17.29898605,120.1057447,48.3122235,32,44,224.1986489
5/14/2011 6:00,1,4,,,,19,94,261.9573275
5/14/2011 7:00,4,1,,,,15,184,315.7356788
5/14/2011 8:00,3,2,37.42092709,172.6654764,52.75989751,36,20,192.6463941
5/14/2011 9:00,1,2,23.91988918,97.65324332,40.54071679,47,22,218.6315818
5/14/2011 10:00,4,2,15.6619994,166.5025507,11.69609424,36,153,378.5439147
5/14/2011 11:00,1,3,33.41356834,106.0792074,6.203473235,41,116,292.1778878
5/14/2011 12:00,3,1,41.40961777,103.9843118,13.40843068,40,199,418.950892
5/14/2011 13:00,2,3,24.99867088,142.522435,43.21249524,23,103,271.6081654
5/14/2011 14:00,1,4,25.66574968,131.5770666,34.89252162,28,29,242.3620996
5/14/2011 15:00,3,4,196.7432121,489.8912854,63.72190215,34,114,316.3490387
5/14/2011 16:00,4,1,,,,8,68,242.3152299
5/14/2011 17:00,1,2,37.08872225,118.6383257,10.43778434,21,151,349.3961578
5/14/2011 18:00,1,1,33.85165355,155.2878761,46.40868285,19,73,265.0181284
5/14/2011 19:00,4,1,41.4869759,143.596215,42.64991654,39,63,281.92969
5/14/2011 20:00,2,1,,,,3,162,376.960148
5/14/2011 21:00,4,3,44.4963081,166.0722005,12.28464331,42,149,387.5059956
5/14/2011 22:00,1,4,37.04945666,146.209358,50.69782183,35,38,234.9837903
5/14/2011 23:00,4,1,,,,11,54,199.7305506
5/15/2011 0:00,3,1,19.99172028,171.6190085,23.60281444,22,6,186.9673672
5/15/2011 1:00,4,1,22.64444264,170.2828338,29.08542771,38,189,317.1808228
5/15/2011 2:00,1,3,,,,7,38,217.8281381
5/15/2011 3:00,4,3,24.93303241,127.3586659,52.50955189,9,147,272.149373
5/15/2011 4:00,2,3,29.36815492,181.1206951,33.3905401,22,103,306.6166203
5/15/2011 5:00,4,1,23.58178613,116.2582621,48.93586899,28,183,418.3426502
5/15/2011 6:00,2,2,41.83622437,108.3200093,16.85094185,44,95,243.3977301
5/15/2011 7:00,3,2,19.29391093,113.8208383,22.88635845,31,193,370.4083938
5/15/2011 8:00,2,2,40.02935703,152.9678077,28.50177694,13,142,270.9768893
5/15/2011 9:00,4,4,30.68445497,170.2508156,20.68427473,15,148,259.0517093
5/15/2011 10:00,1,1,18.49484319,148.5357349,53.02742431,38,33,215.7030761
5/15/2011 11:00,2,2,,,,47,34,247.9394381
5/15/2011 12:00,3,2,24.60392049,93.365536,27.66907653,16,114,300.5081253
5/15/2011 13:00,2,2,24.19551735,105.5107922,41.1376951,19,4,175.4855563
5/15/2011 14:00,2,1,24.286068,149.7739319,26.49152176,11,55,163.9324738
5/15/2011 15:00,2,2,12.41859887,184.0101378,4.4073878,8,82,241.5524359
5/15/2011 16:00,3,2,,,,7,6,116.0662542
5/15/2011 17:00,4,1,,,,40,52,197.0246527
5/15/2011 18:00,2,4,,,,36,171,324.9212935
5/15/2011 19:00,2,3,26.08245245,116.8026442,4.742201063,20,185,384.3117998
5/15/2011 20:00,1,2,35.95669233,130.2209721,28.53221625,41,105,310.1666823
5/15/2011 21:00,3,3,22.74026744,99.11149903,7.709029946,31,41,229.4782848
5/15/2011 22:00,2,4,,,,36,17,174.9136645
5/15/2011 23:00,3,4,,,,45,5,186.1503386
5/16/2011 0:00,2,2,35.3000175,153.070018,15.83111382,17,131,254.6714191
5/16/2011 1:00,4,1,,,,28,196,412.6956124
5/16/2011 2:00,4,4,,,,6,141,360.6757751
5/16/2011 3:00,2,3,25.06735333,135.6730898,14.03622172,39,168,371.4474338
5/16/2011 4:00,4,3,15.06257891,173.0930369,27.52166343,36,174,379.6935382
5/16/2011 5:00,2,3,28.53030562,144.5415368,2.065553035,5,96,243.9635224
5/16/2011 6:00,4,3,28.43735936,175.6606923,47.62045617,19,52,170.1401544
5/16/2011 7:00,1,4,27.09670923,158.4092213,2.771919806,8,20,150.3961644
5/16/2011 8:00,1,2,36.13928779,105.4966956,3.801065751,8,140,281.7449386
5/16/2011 9:00,1,2,20.09376231,117.5977784,33.13396416,7,193,336.1401458
5/16/2011 10:00,3,3,25.20432725,153.4449049,52.95336632,16,142,287.2273524
5/16/2011 11:00,3,2,,,,23,98,270.1130797
5/16/2011 12:00,1,3,36.41167711,109.9031609,15.95755517,39,172,333.1667112
5/16/2011 13:00,3,3,33.67885092,133.8226443,13.21853204,22,83,317.6947949
5/16/2011 14:00,4,1,25.74610827,133.4501074,35.09908561,32,192,330.6931225
5/16/2011 15:00,2,4,35.98529857,168.5940062,44.62676953,21,173,368.264885
5/16/2011 16:00,2,4,28.88523103,110.6818299,21.53774156,49,130,318.7811972
5/16/2011 17:00,2,3,27.18117097,120.7322398,24.57986327,46,144,351.5120053
5/16/2011 18:00,1,4,32.23732336,134.9855871,7.670786878,21,144,327.8627166
5/16/2011 19:00,3,2,36.48476337,144.7690162,9.994216803,26,19,197.3217597
5/16/2011 20:00,4,3,33.84410696,143.3661672,32.60849952,47,3,163.6005168
5/16/2011 21:00,4,1,23.28056543,185.8507413,8.291452849,1,74,212.6316072
5/16/2011 22:00,1,2,16.92756012,165.8142505,12.90051557,30,14,196.6568025
5/16/2011 23:00,4,1,21.56052832,144.0581056,13.78605076,12,56,218.7680882
5/17/2011 0:00,4,1,35.02407087,114.801407,23.93938583,1,172,289.8722269
5/17/2011 1:00,4,4,44.58389151,133.3674052,5.033080666,45,26,257.293657
5/17/2011 2:00,4,4,,,,6,19,97.74116168
5/17/2011 3:00,3,3,81.76051613,586.9897032,202.771001,10,107,257.0356832
5/17/2011 4:00,4,4,37.66898773,178.1828897,5.068539895,46,78,243.8909168
5/17/2011 5:00,2,1,40.76728171,145.2107682,34.39225118,25,133,310.9864757
5/17/2011 6:00,1,1,,,,48,17,243.0143068
5/17/2011 7:00,3,2,30.95478445,103.6335624,18.70807505,20,85,210.2944628
5/17/2011 8:00,4,1,42.08171893,110.4944957,8.785199799,48,48,314.1026764
5/17/2011 9:00,3,3,16.39936869,108.059245,5.335389695,14,151,318.5409489
5/17/2011 10:00,4,3,15.88274068,108.1565472,37.46560242,15,10,183.9281641
5/17/2011 11:00,2,4,19.98436224,128.9875428,32.82874608,8,145,257.2747531
5/17/2011 12:00,1,4,38.21205864,125.9751578,15.37265535,20,34,200.0612905
5/17/2011 13:00,4,4,16.84843565,157.6347663,44.86632405,40,54,270.5994579
5/17/2011 14:00,4,3,29.53721665,136.1001875,40.504546,5,94,252.7377518
5/17/2011 15:00,4,1,29.77431157,147.1548267,17.5547584,0,27,178.6368473
5/17/2011 16:00,4,4,,,,30,87,262.8660528
5/17/2011 17:00,1,2,,,,4,163,273.072681
5/17/2011 18:00,1,4,15.28593529,172.4181847,37.37792168,36,108,249.8922518
5/17/2011 19:00,2,3,26.80177614,115.777915,9.020986404,25,23,230.474138
5/17/2011 20:00,1,4,34.58403771,167.066413,36.8189665,0,160,333.853722
5/17/2011 21:00,4,1,,,,0,115,293.2840367
5/17/2011 22:00,2,4,34.00309311,145.5053279,32.81827276,28,164,314.6820652
5/17/2011 23:00,2,3,38.53814917,116.6288934,11.98455779,21,140,303.6303828
5/18/2011 0:00,2,3,41.184162,96.13775395,39.99357354,37,15,236.3021547
5/18/2011 1:00,4,2,40.18169559,128.4191626,6.147538297,40,111,261.479207
5/18/2011 2:00,3,3,26.8829764,165.1974564,10.59822403,18,170,369.2260408
5/18/2011 3:00,4,2,27.07843362,110.556957,12.35646007,27,72,228.7246669
5/18/2011 4:00,1,1,83.90519572,487.06613,18.2114336,4,49,174.6539259
5/18/2011 5:00,1,3,22.87636286,118.2294088,39.54333872,20,110,276.3440905
5/18/2011 6:00,4,4,14.87440036,130.4252999,53.63253437,48,12,173.782161
5/18/2011 7:00,4,1,21.76594348,178.8508302,41.87408216,21,70,181.3760335
5/18/2011 8:00,2,4,44.06747578,165.9077396,45.65995439,19,162,330.5543392
5/18/2011 9:00,4,4,,,,11,34,208.2920133
5/18/2011 10:00,2,4,29.00422216,118.9597192,10.07096767,5,23,211.7133211
5/18/2011 11:00,1,1,29.72366428,116.145088,30.94174599,28,180,373.4544174
5/18/2011 12:00,2,1,28.8942498,176.8776313,52.67816467,44,38,288.1976358
5/18/2011 13:00,4,3,41.65939861,113.6658182,36.16201369,39,146,373.0584981
5/18/2011 14:00,1,4,23.75660227,153.2046264,21.37239655,34,171,374.3591242
5/18/2011 15:00,3,2,31.20994637,123.2562753,11.13704222,10,125,296.2658235
5/18/2011 16:00,2,3,,,,32,173,389.1008056
5/18/2011 17:00,1,1,18.39038307,128.6982681,21.56240018,24,172,276.7975424
5/18/2011 18:00,2,2,30.17974352,124.8145828,40.05554182,13,159,304.7769444
5/18/2011 19:00,1,1,39.55714008,154.8922966,5.842668655,28,4,123.4146584
5/18/2011 20:00,1,2,20.9142779,169.5651218,45.39863978,12,75,254.0524372
5/18/2011 21:00,2,3,16.51935486,175.2632059,50.90204275,14,103,241.8669947
5/18/2011 22:00,3,2,16.67431136,155.5529709,46.64543352,7,133,377.7298923
5/18/2011 23:00,1,3,38.25508171,156.4415141,49.43098311,46,81,258.5928955
5/19/2011 0:00,1,1,,,,44,6,200.31192
5/19/2011 1:00,1,2,,,,32,14,181.0433689
5/19/2011 2:00,3,4,120.4043298,575.954656,87.74965128,10,72,214.4367521
5/19/2011 3:00,3,4,41.90129163,138.0525881,48.86376253,14,19,142.6963412
5/19/2011 4:00,4,1,37.30864842,141.1976154,11.75567352,20,58,186.6778083
5/19/2011 5:00,2,2,36.80990639,142.0616163,26.61580747,35,3,119.6877777
5/19/2011 6:00,3,4,41.05628156,150.1083767,4.489840536,5,105,273.4266983
5/19/2011 7:00,2,3,38.33069645,168.026729,5.813166688,24,39,197.313672
5/19/2011 8:00,4,2,28.54092395,120.8185674,51.04189671,43,64,312.0521519
5/19/2011 9:00,2,2,38.53856734,114.2351727,43.88836739,0,34,143.7093141
5/19/2011 10:00,3,4,39.08682263,130.5543755,29.29535246,41,43,275.313154
5/19/2011 11:00,2,3,15.62873226,117.8308859,29.70909768,49,6,249.1816815
5/19/2011 12:00,3,3,18.15856847,137.3324976,41.00225961,32,149,366.3153639
5/19/2011 13:00,2,3,,,,38,22,214.03814
5/19/2011 14:00,3,2,22.70206368,153.3955621,40.50748366,31,64,231.8381851
5/19/2011 15:00,3,1,39.41635216,165.8492839,26.98119864,1,87,273.2565082
5/19/2011 16:00,2,2,23.86858916,115.0567946,35.46913646,24,19,166.2206878
5/19/2011 17:00,4,2,19.63043691,168.2766207,51.26563644,39,31,225.0758991
5/19/2011 18:00,1,4,,,,32,96,273.6323064
5/19/2011 19:00,4,1,15.99550096,98.89371062,25.26662245,37,163,320.1922968
5/19/2011 20:00,2,3,25.06464694,152.6371867,45.74329517,10,145,310.2662541
5/19/2011 21:00,4,4,,,,18,96,283.1700191
5/19/2011 22:00,3,2,38.22016579,108.4661705,51.14577628,24,160,302.9800362
5/19/2011 23:00,1,1,41.28472007,149.3466097,29.60962185,27,68,255.6984835
5/20/2011 0:00,2,3,24.8953232,175.9860817,22.87735614,9,81,170.0140119
5/20/2011 1:00,2,3,29.62702571,101.6611726,15.87819372,30,8,153.4001614
5/20/2011 2:00,2,2,31.02852288,142.8924313,5.908885033,15,41,189.1443984
5/20/2011 3:00,1,3,34.14366224,144.6076794,39.51408556,47,198,402.5748201
5/20/2011 4:00,3,3,31.31108188,134.8888263,15.68062471,41,126,339.9240627
5/20/2011 5:00,2,1,14.14154182,147.1313151,31.81264264,17,109,275.3192086
5/20/2011 6:00,4,4,12.36214317,100.4611552,50.11480241,21,131,315.82228
5/20/2011 7:00,2,1,19.75285682,161.4006253,49.93395731,49,173,363.9968213
5/20/2011 8:00,2,4,15.48141579,101.1965441,2.929783627,34,71,263.9465775
5/20/2011 9:00,2,4,38.7657316,121.6166531,19.59354912,11,151,319.3512444
5/20/2011 10:00,2,4,19.93798992,132.1401494,45.422144,41,71,243.5131773
5/20/2011 11:00,3,3,44.37588498,129.7526684,30.13761706,27,123,286.1122079
5/20/2011 12:00,4,1,43.57054191,125.4152207,42.24720123,47,196,407.7672118
5/20/2011 13:00,3,3,43.35664373,168.1510099,45.99741201,8,22,231.1158078
5/20/2011 14:00,4,2,41.47979422,174.5822248,26.31546124,29,106,317.9474923
5/20/2011 15:00,2,1,21.82472036,166.5840326,20.63971493,17,182,311.8591989
5/20/2011 16:00,1,4,30.49111554,144.7934567,27.3044418,44,97,253.9549586
5/20/2011 17:00,3,3,19.75673806,169.0865177,34.98411614,23,142,295.6431849
5/20/2011 18:00,1,3,37.34274206,169.3664796,21.58065988,45,50,244.6694645
5/20/2011 19:00,3,1,40.65703876,129.8516378,43.49674424,18,122,288.1391956
5/20/2011 20:00,2,1,40.03338922,111.9588603,47.7273217,13,49,245.8895841
5/20/2011 21:00,3,4,23.07669744,104.9512878,18.3800128,1,174,360.5242273
5/20/2011 22:00,2,4,38.00842923,139.7684616,53.42798598,10,82,238.8304325
5/20/2011 23:00,3,2,15.3005748,175.3889669,34.51168459,25,24,188.819189
5/21/2011 0:00,2,4,13.23127359,150.4571361,46.58093104,7,38,207.1420849
5/21/2011 1:00,2,3,33.55116774,150.0626947,7.622517323,2,67,247.5253218
5/21/2011 2:00,4,2,23.49598637,109.4378799,17.06716753,14,173,350.1919611
5/21/2011 3:00,2,2,41.48078818,113.4087504,20.51656833,44,71,248.6620418
5/21/2011 4:00,4,2,15.82154999,146.8330607,19.77649317,39,118,285.2303437
5/21/2011 5:00,2,1,43.89401579,174.77632,11.7416562,12,105,230.269376
5/21/2011 6:00,1,4,,,,15,12,179.3816055
5/21/2011 7:00,2,2,39.47879964,172.379542,24.060278,21,165,351.2601001
5/21/2011 8:00,1,1,,,,32,35,235.6013344
5/21/2011 9:00,1,1,42.05121929,145.6745232,33.46791945,1,164,346.0982557
5/21/2011 10:00,2,2,23.0920921,150.1763447,11.72492649,44,169,403.9441831
5/21/2011 11:00,1,2,175.3262618,622.0324542,121.0604654,28,119,252.2753606
5/21/2011 12:00,4,3,21.754605,103.2635774,51.80625417,45,108,311.6566225
5/21/2011 13:00,3,2,,,,33,123,315.6809382
5/21/2011 14:00,2,3,23.88319101,111.9831564,4.206445101,15,18,177.2741497
5/21/2011 15:00,1,2,37.09832581,173.4827512,48.6738139,13,36,170.6315779
5/21/2011 16:00,2,2,27.93463381,112.4757658,15.12196605,38,100,327.8101675
5/21/2011 17:00,4,4,,,,45,192,365.8025992
5/21/2011 18:00,2,2,37.19191931,142.2996899,29.60041569,49,84,213.6728752
5/21/2011 19:00,2,2,19.11130601,138.2440114,18.61901883,48,38,233.0414206
5/21/2011 20:00,1,3,47.08582167,168.1540269,18.04602833,4,153,296.2926377
5/21/2011 21:00,4,3,18.48466275,178.061122,49.42333082,42,41,285.148746
5/21/2011 22:00,3,4,41.65656655,142.8223057,47.80172603,17,189,367.0979111
5/21/2011 23:00,3,2,,,,47,52,236.2384592
5/22/2011 0:00,1,2,136.6398342,557.5652559,58.02930285,25,194,359.4799226
5/22/2011 1:00,2,3,25.81706375,123.7239801,7.691738455,9,49,198.1226884
5/22/2011 2:00,1,1,17.8003648,165.1733088,11.2955575,5,104,321.8779977
5/22/2011 3:00,1,1,25.16692289,140.7460202,27.46372568,13,196,375.6176998
5/22/2011 4:00,1,1,21.7817434,138.4758277,15.94166826,1,106,211.1275506
5/22/2011 5:00,2,3,89.66911956,556.9954654,11.84288443,26,156,320.9983138
5/22/2011 6:00,4,3,16.72013769,132.936042,27.20458485,8,129,282.6116798
5/22/2011 7:00,1,1,,,,12,17,142.0827328
5/22/2011 8:00,2,1,38.05183208,158.9869738,47.15964459,20,59,171.8102253
5/22/2011 9:00,4,2,,,,43,115,322.1548853
5/22/2011 10:00,1,3,45.00049698,148.1446,38.86231651,1,141,264.1380733
5/22/2011 11:00,3,3,30.58124953,123.2110933,21.57255714,2,117,302.7292756
5/22/2011 12:00,4,1,35.9422136,175.076522,27.93718027,12,167,325.5010085
5/22/2011 13:00,1,1,,,,20,191,343.016144
5/22/2011 14:00,4,4,32.26954475,122.4599871,39.77023206,32,29,134.7312168
5/22/2011 15:00,4,3,148.0380237,390.3432078,103.1730349,19,28,229.8917641
5/22/2011 16:00,4,4,17.315102,104.5434123,30.08584336,35,156,346.0170204
5/22/2011 17:00,4,2,41.1795581,131.4893982,48.81752726,17,18,167.7543454
5/22/2011 18:00,4,4,37.95879207,146.5930851,34.34290391,24,89,232.4804014
5/22/2011 19:00,4,1,21.39792634,174.6992763,32.91483791,44,109,347.15082
5/22/2011 20:00,1,3,,,,37,57,208.240418
5/22/2011 21:00,3,3,9.546691615,159.359689,7.62830933,24,115,274.0964952
5/22/2011 22:00,2,4,,,,37,39,239.2371665
5/22/2011 23:00,4,4,16.42909433,154.1862407,50.95166925,14,8,211.6566918
5/23/2011 0:00,2,2,37.18956149,165.500884,21.25455178,49,120,308.6329652
5/23/2011 1:00,1,2,40.99600536,137.0369105,18.51709783,16,109,249.0668956
5/23/2011 2:00,4,1,,,,45,107,294.8980617
5/23/2011 3:00,3,1,58.76131353,474.5871869,59.57158638,35,158,366.2231755
5/23/2011 4:00,2,1,33.2386782,136.9967495,31.1264075,28,77,284.9597045
5/23/2011 5:00,4,4,33.69920638,151.7881879,10.65134617,32,94,230.8118705
5/23/2011 6:00,1,4,17.77085275,152.4196833,31.11528201,31,142,322.5036202
5/23/2011 7:00,3,3,33.40478373,151.9926019,33.76604842,7,33,143.0162106
5/23/2011 8:00,2,1,,,,42,61,275.559429
5/23/2011 9:00,2,4,20.05993291,136.0891981,22.29909774,12,73,243.6931565
5/23/2011 10:00,4,3,25.88681926,168.7223432,14.2425371,16,56,190.3747808
5/23/2011 11:00,3,1,32.74547181,172.2288416,19.06273494,20,148,360.0234118
5/23/2011 12:00,3,2,17.362836,109.9749568,27.89719636,13,102,271.0381287
5/23/2011 13:00,3,2,19.60083564,111.615712,16.10336939,24,53,229.732163
5/23/2011 14:00,3,4,21.17469484,147.3881622,40.58873186,48,164,352.5916931
5/23/2011 15:00,1,3,22.18714577,130.8054751,37.91576487,23,167,335.7125332
5/23/2011 16:00,3,2,17.43643442,99.64125962,16.0942435,32,19,185.4978146
5/23/2011 17:00,2,3,28.16406051,122.201877,7.811042868,7,108,238.6946378
5/23/2011 18:00,2,3,34.29903378,160.2391215,1.730288208,27,198,407.7933981
5/23/2011 19:00,1,2,30.09067467,160.1805869,32.64143042,18,145,294.1257752
5/23/2011 20:00,2,3,38.34771866,141.1571963,13.27583,10,171,311.1043689
5/23/2011 21:00,2,2,37.95967629,134.5989441,2.606072714,9,183,334.0063292
5/23/2011 22:00,3,4,18.90782631,148.0077158,20.84304869,0,16,204.6091129
5/23/2011 23:00,2,1,79.56057499,424.6359568,207.8829413,4,41,224.7971665
5/24/2011 0:00,1,1,41.55463841,142.4480649,38.00130778,15,198,347.0052346
5/24/2011 1:00,3,4,16.36200279,105.3227297,45.00774775,19,155,356.6427292
5/24/2011 2:00,4,2,23.16039582,129.9396247,10.33026378,19,20,188.071237
5/24/2011 3:00,3,2,,,,27,164,311.513324
5/24/2011 4:00,1,2,34.15839224,160.2892042,2.975386104,4,150,285.5206365
5/24/2011 5:00,3,2,29.07597849,147.2591795,51.06978831,47,110,343.9905527
5/24/2011 6:00,3,4,41.18965297,113.8631862,18.23457143,2,47,257.2666989
5/24/2011 7:00,1,1,41.349377,97.02699638,25.5501892,29,58,242.3642329
5/24/2011 8:00,3,3,26.7726632,118.3095601,22.44515912,22,127,277.7619892
5/24/2011 9:00,1,3,24.07104741,135.032312,38.04832232,33,111,285.9989387
5/24/2011 10:00,1,1,,,,48,51,221.8614806
5/24/2011 11:00,4,4,21.8918807,102.4753182,30.43410523,27,16,170.2202329
5/24/2011 12:00,2,3,,,,0,37,161.2600132
5/24/2011 13:00,2,1,,,,47,128,318.3194324
5/24/2011 14:00,3,4,17.33458781,116.6910593,29.933244,26,74,249.3084584
5/24/2011 15:00,3,3,85.68088125,472.235716,114.1283864,33,160,334.2314604
5/24/2011 16:00,4,2,97.88378759,605.9644399,169.3429182,30,94,263.0248586
5/24/2011 17:00,4,2,42.15332535,178.4600296,17.19077534,31,43,242.4675321
5/24/2011 18:00,4,4,30.52290984,121.2469121,12.93207484,6,87,231.7647373
5/24/2011 19:00,1,2,41.24557153,159.5681993,42.7174911,42,19,201.6787371
5/24/2011 20:00,4,4,25.03817115,140.217397,22.68703879,37,174,351.3205944
5/24/2011 21:00,4,1,26.72990044,181.3840982,48.75761326,33,68,292.9042106
5/24/2011 22:00,3,1,17.99985049,142.88725,36.48047587,45,169,344.8573006
5/24/2011 23:00,4,3,23.71232104,165.2528505,30.91140764,3,153,319.4707682
5/25/2011 0:00,1,4,20.58154238,161.2541959,5.895407412,18,48,189.1186846
5/25/2011 1:00,1,3,41.70902467,138.5740286,37.59374754,21,105,282.0564755
5/25/2011 2:00,3,3,189.8308289,557.4347456,157.7389746,28,70,259.9332264
5/25/2011 3:00,4,1,13.11355441,116.9714937,34.9152463,33,17,228.0620941
5/25/2011 4:00,4,3,22.0059228,103.6741301,15.60253715,33,101,267.9943401
5/25/2011 5:00,1,2,30.60666534,122.1887033,50.55310894,44,94,250.0915628
5/25/2011 6:00,4,3,20.00308328,178.0743046,19.15963035,44,8,173.9789194
5/25/2011 7:00,4,4,117.4403698,481.7705836,43.99723366,2,65,241.4227505
5/25/2011 8:00,4,2,18.31547603,154.084417,52.06427565,20,59,286.9270608
5/25/2011 9:00,2,1,,,,37,107,314.4961086
5/25/2011 10:00,3,4,,,,20,36,163.5863021
5/25/2011 11:00,2,2,24.91154566,131.5474895,51.33282409,16,174,359.4580351
5/25/2011 12:00,3,4,,,,28,28,173.1126644
5/25/2011 13:00,1,2,,,,32,62,228.9400519
5/25/2011 14:00,4,4,43.39765061,110.8969763,36.91236181,38,14,203.0191809
5/25/2011 15:00,3,4,,,,25,8,189.0512174
5/25/2011 16:00,2,2,40.47012491,101.5914421,48.87338819,6,79,232.3413025
5/25/2011 17:00,4,1,37.25197236,111.9537212,43.98564619,44,65,236.3325481
5/25/2011 18:00,1,1,41.19672174,129.7387422,17.24966689,8,0,185.1525181
5/25/2011 19:00,3,4,35.19915403,141.5425352,47.75502608,17,120,266.5146206
5/25/2011 20:00,3,4,35.81151916,111.7009023,4.122545659,0,8,190.9648226
5/25/2011 21:00,3,1,,,,10,56,170.535856
5/25/2011 22:00,4,1,18.63819068,153.0634145,50.72187736,21,183,355.7709602
5/25/2011 23:00,2,3,133.2653751,648.3683552,188.9263902,31,147,286.5083033
5/26/2011 0:00,2,1,43.13175868,119.9920905,19.95732904,42,120,282.2581203
5/26/2011 1:00,3,4,31.93739608,150.506468,13.42683803,9,1,139.877985
5/26/2011 2:00,1,2,42.18859652,125.0553542,13.95211307,48,0,238.8742519
5/26/2011 3:00,1,1,,,,26,73,283.48455
5/26/2011 4:00,2,3,38.27510693,147.333936,30.44145624,48,53,272.4589797
5/26/2011 5:00,1,3,34.21340492,157.497691,4.837256903,11,18,175.2177811
5/26/2011 6:00,2,3,39.92176743,109.1644735,24.38595201,29,17,196.8486537
5/26/2011 7:00,3,2,31.06876368,154.9636456,46.08147368,9,23,215.1889216
5/26/2011 8:00,2,1,,,,11,126,303.2213519
5/26/2011 9:00,2,1,35.58876661,124.4588185,12.5220835,37,51,233.7100774
5/26/2011 10:00,3,1,,,,20,19,228.7575886
5/26/2011 11:00,1,2,,,,26,138,333.5809286
5/26/2011 12:00,2,2,24.15892414,154.9380586,43.24674118,5,72,229.4052248
5/26/2011 13:00,2,4,14.0234066,103.9876714,13.15316603,37,187,355.3508967
5/26/2011 14:00,3,3,,,,7,15,150.6304888
5/26/2011 15:00,1,3,35.4693676,109.3570156,26.87024322,36,140,311.0100369
5/26/2011 16:00,2,1,24.5875668,116.5949056,28.5355889,5,180,343.7925504
5/26/2011 17:00,3,2,,,,33,5,208.1438195
5/26/2011 18:00,2,2,,,,48,24,173.7290758
5/26/2011 19:00,4,1,38.39571619,133.5738282,29.44236614,39,62,187.6473519
5/26/2011 20:00,3,1,40.80783751,121.5778344,28.67137449,21,174,311.4880842
5/26/2011 21:00,1,4,32.09941902,145.9654231,13.80271663,28,14,174.7899311
5/26/2011 22:00,1,3,,,,8,53,241.8860817
5/26/2011 23:00,1,3,23.22141316,170.944551,45.58313889,20,170,326.5825418
5/27/2011 0:00,1,3,13.2529302,119.6421887,46.18633943,31,127,310.6256934
5/27/2011 1:00,2,4,36.25904572,162.2090156,38.20392153,7,13,177.5070195
5/27/2011 2:00,2,1,17.25740106,114.8300058,10.64829799,42,33,189.2501345
5/27/2011 3:00,1,1,32.78691635,138.3577366,32.3598564,9,129,326.7412864
5/27/2011 4:00,1,3,30.10687447,142.6498485,43.54700726,48,19,191.9877911
5/27/2011 5:00,1,3,28.71665917,120.3408137,4.094677219,22,105,318.7130426
5/27/2011 6:00,2,4,44.22296563,141.9379664,28.01217224,19,15,175.1213351
5/27/2011 7:00,1,2,13.17523574,113.6906411,22.53224562,12,194,340.7688176
5/27/2011 8:00,1,2,40.60032114,98.71684803,12.2006619,21,157,289.5575273
5/27/2011 9:00,4,3,12.03842183,115.4016731,23.52096851,40,102,292.787033
5/27/2011 10:00,4,4,15.98068627,152.6521654,51.33402681,14,50,276.4872025
5/27/2011 11:00,1,3,27.80945581,152.1012203,39.87601325,30,130,317.2506209
5/27/2011 12:00,3,2,14.26492562,123.672207,18.60769024,44,76,272.9433049
5/27/2011 13:00,1,3,38.48226995,133.2479996,31.79378347,31,127,282.8193016
5/27/2011 14:00,4,2,140.6365149,347.2582278,57.99943633,44,178,384.5641195
5/27/2011 15:00,3,2,,,,12,120,281.5203231
5/27/2011 16:00,3,2,16.18128075,161.0819118,46.71984199,24,45,211.8939214
5/27/2011 17:00,1,1,27.34667988,138.9366038,32.33936048,20,39,218.6099511
5/27/2011 18:00,4,1,36.19931931,109.0423022,39.2401448,3,28,121.2778652
5/27/2011 19:00,4,3,131.6387489,443.1306744,108.2329136,41,150,332.7246319
5/27/2011 20:00,3,2,29.42193071,163.7235653,29.48879269,14,144,266.8166385
5/27/2011 21:00,1,1,35.5851533,110.737225,37.77659631,20,92,257.5815211
5/27/2011 22:00,2,3,138.2694032,429.178362,178.5019291,41,68,231.9756623
5/27/2011 23:00,2,3,24.81355388,147.3862546,36.96454391,7,84,216.0135105
5/28/2011 0:00,4,3,28.66178623,139.4730545,50.79974102,30,65,199.6725151
5/28/2011 1:00,2,3,30.67993744,129.4378566,45.46859085,9,150,337.1327355
5/28/2011 2:00,4,3,38.9448242,160.0610619,40.32245465,20,74,218.3174092
5/28/2011 3:00,4,4,36.27276611,120.0621507,45.78861259,16,150,291.9096484
5/28/2011 4:00,4,2,42.79789659,160.9374455,15.3993608,4,134,328.5422473
5/28/2011 5:00,2,3,17.36404827,103.1301838,24.02624364,12,170,343.6494914
5/28/2011 6:00,4,4,46.64123235,146.7001925,31.05268443,20,189,292.5585496
5/28/2011 7:00,3,2,,,,43,33,262.1454754
5/28/2011 8:00,1,1,35.43221375,132.0651232,44.92255777,11,101,306.0083181
5/28/2011 9:00,1,3,15.26689783,152.9512747,2.694684447,24,104,319.1897953
5/28/2011 10:00,4,4,25.23102363,160.2180759,12.20163274,27,112,303.5910889
5/28/2011 11:00,1,1,36.66573897,117.6141128,47.31477698,1,50,162.4810029
5/28/2011 12:00,2,4,,,,20,171,334.0423997
5/28/2011 13:00,2,2,18.00320674,166.2522925,13.38084466,40,69,210.0526603
5/28/2011 14:00,1,2,32.05740587,138.9928082,21.60308179,21,182,321.5123773
5/28/2011 15:00,2,1,14.39118458,116.796695,39.03630523,1,65,177.153082
5/28/2011 16:00,1,4,46.52629162,98.57938452,30.36207853,29,95,249.65558
5/28/2011 17:00,1,3,41.43692203,113.6388587,49.93544635,0,57,206.3719055
5/28/2011 18:00,1,3,15.89214541,112.1781556,14.71357464,45,119,295.0927106
5/28/2011 19:00,4,1,42.57844863,138.9460317,46.36413586,12,170,311.7909819
5/28/2011 20:00,1,1,39.23955656,103.1877612,16.74524284,2,110,247.6867519
5/28/2011 21:00,4,1,24.41841308,125.170925,13.12662806,19,60,268.3845016
5/28/2011 22:00,1,4,34.40449936,133.0539651,28.4833167,4,165,378.2997074
5/28/2011 23:00,1,3,23.99903087,130.9933184,6.037894616,1,155,286.8528632
5/29/2011 0:00,1,3,34.22550799,140.4358788,22.02882043,25,184,363.4426662
5/29/2011 1:00,2,3,29.10253649,147.3811086,19.72203595,28,40,187.108778
5/29/2011 2:00,4,1,19.86660029,106.6599525,9.792210924,17,49,233.363318
5/29/2011 3:00,4,3,26.529524,105.9150642,47.22476874,8,89,227.0269242
5/29/2011 4:00,1,2,19.51249758,107.0763059,20.19968446,21,89,232.9739127
5/29/2011 5:00,1,1,39.03489165,136.4911254,50.72616685,27,188,419.3412942
5/29/2011 6:00,2,3,24.08979972,97.84711358,49.14830164,11,68,182.5982019
5/29/2011 7:00,2,4,,,,36,190,296.6820467
5/29/2011 8:00,2,1,,,,17,120,303.2983481
5/29/2011 9:00,4,2,27.23447192,167.3201943,34.00674127,33,80,246.2111471
5/29/2011 10:00,4,2,111.9342471,490.400164,181.1499931,41,25,190.8466459
5/29/2011 11:00,4,4,,,,41,153,420.1628425
5/29/2011 12:00,1,4,42.35668903,158.119054,34.08804943,2,106,274.1063842
5/29/2011 13:00,4,1,19.0205393,154.3116275,4.885174668,45,150,337.4306638
5/29/2011 14:00,3,1,28.49266372,144.614315,27.22307877,4,179,305.9346225
5/29/2011 15:00,3,2,45.12044443,175.3190631,49.09080993,22,87,266.5326775
5/29/2011 16:00,2,4,25.44777883,126.9283866,38.15739545,12,104,208.1599187
5/29/2011 17:00,4,1,26.7844228,150.1769318,45.99569324,23,72,223.6488953
5/29/2011 18:00,3,2,,,,27,115,285.0053955
5/29/2011 19:00,2,4,19.8749227,168.4720378,4.792749719,16,197,363.509531
5/29/2011 20:00,4,2,36.66980602,119.4465749,52.90498852,5,131,275.8182328
5/29/2011 21:00,1,3,37.30361488,116.3853805,49.52404193,26,0,149.2812176
5/29/2011 22:00,3,4,40.34266229,144.9932929,8.423345273,44,133,348.6837867
5/29/2011 23:00,1,1,163.0880846,417.1731969,34.09893,28,183,305.5006681
5/30/2011 0:00,4,1,19.44341278,115.4593626,28.28548918,11,28,174.6988969
5/30/2011 1:00,3,3,,,,34,130,292.4850196
5/30/2011 2:00,4,4,41.73109777,159.8278638,21.88628641,47,127,348.3645381
5/30/2011 3:00,1,2,,,,4,108,242.2290463
5/30/2011 4:00,3,1,,,,1,87,245.1117252
5/30/2011 5:00,1,3,,,,10,169,332.9594871
5/30/2011 6:00,4,3,35.18160166,130.6747476,20.12444006,3,136,227.900783
5/30/2011 7:00,4,4,17.79232371,100.978328,33.29660299,21,80,242.9711472
5/30/2011 8:00,1,4,40.5978654,109.1935541,44.81647039,0,58,149.6447148
5/30/2011 9:00,3,1,40.99558388,138.8725222,29.96907066,44,37,235.4515522
5/30/2011 10:00,1,3,14.98844768,115.1856196,35.39828261,49,41,211.9895411
5/30/2011 11:00,4,2,37.81081884,113.1586458,33.73510273,15,49,243.4854513
5/30/2011 12:00,1,3,27.97347327,129.3370539,31.29045053,1,13,152.4484833
5/30/2011 13:00,4,2,28.69907543,152.0936764,18.04123843,40,125,285.7559849
5/30/2011 14:00,1,2,43.34552006,130.9732833,21.22097173,26,99,304.8395729
5/30/2011 15:00,3,1,,,,11,172,300.6732204
5/30/2011 16:00,3,3,113.8219209,546.431831,194.5481232,4,32,206.656881
5/30/2011 17:00,1,2,17.19153524,158.8544834,44.32980545,4,147,308.8279786
5/30/2011 18:00,1,4,81.12799776,614.6567192,129.1913814,21,161,314.8252444
5/30/2011 19:00,3,2,32.89773235,114.4737612,47.43636543,12,66,181.6949189
5/30/2011 20:00,4,4,12.21530203,141.9427234,46.293619,15,83,279.0101748
5/30/2011 21:00,3,4,28.12353255,166.4479907,47.73126339,25,66,249.7602511
5/30/2011 22:00,4,3,16.61875906,144.145196,13.25995445,8,69,197.573905
5/30/2011 23:00,1,4,25.44871696,155.9707783,38.21404547,47,166,364.0565179
5/31/2011 0:00,1,2,13.29299593,129.4080277,32.59886685,31,170,374.8891915
5/31/2011 1:00,4,4,37.35984252,151.0898462,39.31378238,18,166,331.0508709
5/31/2011 2:00,1,3,24.12487722,95.7854583,15.65759458,35,112,297.8282301
5/31/2011 3:00,4,1,23.58380736,165.2986121,37.53435409,27,84,285.6223209
5/31/2011 4:00,2,2,41.39388751,162.4642604,23.99416266,14,114,317.7660208
5/31/2011 5:00,3,2,149.8577555,594.251007,184.3858545,8,43,191.0460767
5/31/2011 6:00,2,3,18.73428446,148.1618456,43.28061806,15,128,246.4966658
5/31/2011 7:00,4,3,18.04513704,114.3039034,12.27577651,5,96,205.5285477
5/31/2011 8:00,3,3,32.48918915,102.8311505,11.23237918,7,49,178.8619235
5/31/2011 9:00,4,3,,,,32,119,266.5308183
5/31/2011 10:00,3,2,36.760736,124.585054,30.73744086,31,115,239.089339
5/31/2011 11:00,3,1,27.29259182,128.827121,29.72482835,45,61,304.9839832
5/31/2011 12:00,3,4,23.72882259,143.9680521,40.7825195,35,2,196.3780237
5/31/2011 13:00,3,4,28.03580837,133.1630246,44.34489088,41,135,303.8069161
5/31/2011 14:00,4,1,37.54703706,154.098448,14.96696696,47,47,236.5311225
5/31/2011 15:00,3,1,,,,35,113,237.9004243
5/31/2011 16:00,3,1,13.21402271,155.8503118,42.59645458,33,95,306.1978086
5/31/2011 17:00,2,3,28.84446818,167.9386454,45.73430707,1,168,253.9755801
5/31/2011 18:00,1,2,17.06944925,114.4049781,19.07814023,12,163,333.7504511
5/31/2011 19:00,1,2,,,,42,56,186.2826643
5/31/2011 20:00,2,2,37.49848624,131.86291,16.46130794,9,84,224.0007829
5/31/2011 21:00,2,3,25.23430141,170.062217,48.34442544,37,89,306.6873742
5/31/2011 22:00,4,2,37.69202468,125.3294971,26.38658859,6,118,218.3738132
5/31/2011 23:00,4,3,,,,46,77,261.9167623
6/1/2011 0:00,4,2,45.48826769,144.345081,3.160603465,2,170,334.1967885
6/1/2011 1:00,2,1,34.48407312,128.1380155,5.689553646,26,27,210.2743778
6/1/2011 2:00,2,4,15.09833448,167.3824146,36.77372451,13,91,249.4404828
6/1/2011 3:00,3,4,22.12215926,165.0272127,31.19406367,29,84,271.1934038
6/1/2011 4:00,4,3,,,,33,111,268.981361
6/1/2011 5:00,4,2,17.49281923,149.5662996,7.484619096,22,186,409.2755221
6/1/2011 6:00,4,4,29.69832203,105.3526058,19.93173808,47,117,258.9586632
6/1/2011 7:00,1,1,26.52397564,149.2987202,42.68001543,16,156,350.124859
6/1/2011 8:00,3,1,41.86771206,159.2044792,10.10445144,14,37,199.9330963
6/1/2011 9:00,4,1,28.14512528,129.373317,48.18806437,44,161,366.7470462
6/1/2011 10:00,4,3,38.05694496,116.0220275,8.603867418,43,64,274.0556445
6/1/2011 11:00,4,3,42.43458564,169.9010922,12.03067364,6,147,312.8736023
6/1/2011 12:00,1,2,170.403409,473.7705494,112.7060626,2,25,145.8595573
6/1/2011 13:00,1,1,20.63525456,154.1406527,48.77042888,8,26,168.5875709
6/1/2011 14:00,2,2,28.26475439,104.6845575,20.17200452,2,150,251.6134087
6/1/2011 15:00,3,2,24.97491552,135.6926465,35.88680053,47,198,379.1916497
6/1/2011 16:00,2,1,24.63252192,161.4657921,30.85999428,34,21,207.8074997
6/1/2011 17:00,3,2,,,,39,174,374.3311721
6/1/2011 18:00,1,4,36.4306251,150.8293546,13.85295051,7,195,356.8457338
6/1/2011 19:00,4,3,117.6279862,394.1471753,207.9351087,25,100,215.4353764
6/1/2011 20:00,2,2,27.70268219,127.5719675,12.51473077,14,66,206.2082016
6/1/2011 21:00,4,1,40.85365833,170.125437,37.13730954,4,193,320.1912714
6/1/2011 22:00,2,3,,,,12,68,183.7390403
6/1/2011 23:00,1,3,28.67135679,172.5434925,6.851501165,14,81,212.9513842
6/2/2011 0:00,1,2,38.38868341,166.8144873,21.66166413,38,97,278.0530551
6/2/2011 1:00,1,4,17.26774064,163.7869281,13.39610319,11,14,210.4136145
6/2/2011 2:00,2,2,32.76315044,168.652054,15.76172591,34,125,273.3932939
6/2/2011 3:00,3,4,21.87569,91.45070389,7.323077506,7,113,229.1045412
6/2/2011 4:00,2,3,40.50068972,163.0437453,33.21377449,9,103,236.9715372
6/2/2011 5:00,3,2,21.74687912,100.4452016,38.3142158,33,171,357.064924
6/2/2011 6:00,2,1,23.75395497,100.577589,37.18233892,7,50,236.6373767
6/2/2011 7:00,2,2,,,,21,192,353.3160661
6/2/2011 8:00,1,4,19.1036594,123.84238,9.552082411,49,152,300.5201499
6/2/2011 9:00,4,4,17.95338009,146.4459095,19.18152602,11,188,304.8891922
6/2/2011 10:00,4,2,26.39434473,133.8145712,19.4981339,21,144,313.5152691
6/2/2011 11:00,3,4,28.60545479,90.02890359,14.22789115,26,96,294.7095954
6/2/2011 12:00,4,3,28.59733855,136.4231334,10.06648656,17,51,265.3093432
6/2/2011 13:00,2,2,30.0982844,131.0053669,26.32812275,18,57,182.350168
6/2/2011 14:00,2,4,31.30815438,159.0646591,43.97001067,4,184,335.0005178
6/2/2011 15:00,1,2,33.81322949,115.6279997,50.38581259,15,165,291.8970142
6/2/2011 16:00,1,2,25.17095636,108.9767716,9.74956677,48,68,231.8186299
6/2/2011 17:00,4,1,14.82675983,116.8400329,42.77654941,40,122,275.2631287
6/2/2011 18:00,3,2,37.8322639,128.1944668,40.61587479,9,36,177.719682
6/2/2011 19:00,4,1,40.24735193,147.8740739,22.53356676,18,74,208.2641665
6/2/2011 20:00,4,4,20.96921629,130.8120643,8.829233301,43,107,367.0829286
6/2/2011 21:00,4,1,26.42788272,115.8666641,52.09908618,0,161,289.9122669
6/2/2011 22:00,4,1,30.55641892,117.1521754,35.44488073,21,34,227.3208631
6/2/2011 23:00,2,1,31.27912774,131.8539882,50.93981399,16,187,325.8866546
6/3/2011 0:00,3,3,31.02544853,168.60905,27.07184454,34,38,281.6546517
6/3/2011 1:00,2,1,16.41879087,112.5978564,23.00236604,38,173,363.8143219
6/3/2011 2:00,3,2,35.03608178,167.6224326,14.80323454,8,117,292.7352469
6/3/2011 3:00,1,1,15.52818885,144.1578147,54.05552638,4,143,271.879878
6/3/2011 4:00,4,2,27.71581345,103.4695809,13.47807768,8,87,266.8903155
6/3/2011 5:00,2,1,,,,10,158,320.628648
6/3/2011 6:00,3,3,29.43678358,150.3171892,26.82254985,13,13,157.1975165
6/3/2011 7:00,1,4,17.81290297,148.894262,22.10429208,45,46,201.1549513
6/3/2011 8:00,1,1,40.8182141,124.3389352,13.86051494,39,159,333.4102264
6/3/2011 9:00,4,1,39.39721128,142.136912,32.76561391,23,106,261.8270506
6/3/2011 10:00,3,3,36.99862222,112.5230362,19.94389447,19,76,263.5770122
6/3/2011 11:00,2,1,28.30662132,88.77636421,22.74046043,32,101,268.5234928
6/3/2011 12:00,4,2,20.22133726,161.262631,2.916704587,3,16,103.8294283
6/3/2011 13:00,2,1,,,,15,123,299.8459074
6/3/2011 14:00,1,1,,,,24,123,328.2402558
6/3/2011 15:00,2,4,39.58554994,152.4823463,12.80258425,0,183,275.447972
6/3/2011 16:00,2,4,26.29372561,152.2987684,39.69982504,23,163,382.5566391
6/3/2011 17:00,4,1,23.23645726,110.6225974,18.69583889,2,116,302.2989847
6/3/2011 18:00,2,3,44.11354378,128.1181823,10.18290404,31,169,323.4577065
6/3/2011 19:00,4,4,30.80269865,130.4934363,33.31204658,33,81,222.85402
6/3/2011 20:00,1,1,20.12708458,159.6135213,13.58425061,48,146,367.9427995
6/3/2011 21:00,4,4,22.17236246,156.6232091,14.92118304,24,134,259.2486539
6/3/2011 22:00,4,1,29.66894773,102.6516735,33.66421538,42,54,218.2725513
6/3/2011 23:00,3,4,14.10130532,123.7769174,39.86077162,2,157,261.8535017
6/4/2011 0:00,2,4,,,,6,75,223.4692394
6/4/2011 1:00,1,2,26.69053546,156.7618907,25.38786769,41,119,346.2321565
6/4/2011 2:00,4,1,38.69849318,102.2794623,25.12439579,34,28,215.5086902
6/4/2011 3:00,1,1,23.65370942,138.9660496,41.34527592,28,194,394.7879891
6/4/2011 4:00,3,1,45.05640572,169.8016733,13.45218746,39,161,331.6762347
6/4/2011 5:00,2,1,21.76820343,118.4288211,10.67177817,24,161,330.1339346
6/4/2011 6:00,4,4,,,,27,85,217.4062435
6/4/2011 7:00,2,2,14.45293641,160.4854598,23.22168868,23,1,163.2773112
6/4/2011 8:00,3,2,,,,4,154,277.7892844
6/4/2011 9:00,3,3,43.88579978,160.7498165,13.74707792,26,46,209.3447632
6/4/2011 10:00,1,1,36.94833451,126.2844164,17.52567137,9,99,243.2669805
6/4/2011 11:00,4,3,32.79876519,95.70397564,47.12484913,11,56,199.6886028
6/4/2011 12:00,1,4,28.80938204,104.5964101,23.41918876,17,121,343.3329516
6/4/2011 13:00,3,3,,,,37,144,376.1170095
6/4/2011 14:00,2,1,38.62319782,103.4454791,7.317950381,7,97,288.5593558
6/4/2011 15:00,1,2,,,,49,153,397.9112537
6/4/2011 16:00,1,2,25.8707927,104.2582153,4.468130069,37,124,345.6229505
6/4/2011 17:00,2,1,168.6705529,619.8634001,101.3177673,29,137,307.3569233
6/4/2011 18:00,1,4,20.10779515,143.1792785,51.25806718,8,38,184.2653135
6/4/2011 19:00,2,1,20.6930815,141.4474625,48.4149946,47,8,204.0589535
6/4/2011 20:00,4,4,97.86179476,473.5371698,147.564622,42,24,201.6607287
6/4/2011 21:00,2,2,26.15895102,153.1233685,46.66100429,24,147,281.7642312
6/4/2011 22:00,4,4,36.06708086,120.6840148,32.61181005,29,14,193.8480526
6/4/2011 23:00,2,1,,,,1,112,207.9505508
6/5/2011 0:00,3,1,38.74485458,162.6836236,10.66437019,16,90,252.047707
6/5/2011 1:00,3,1,35.71688886,124.7442751,34.08946192,44,138,294.0595316
6/5/2011 2:00,4,4,25.52133482,99.77614813,11.39367597,6,143,288.4557986
6/5/2011 3:00,4,4,31.06148851,145.0310854,22.13428782,21,149,317.6073005
6/5/2011 4:00,3,4,103.5227248,568.3943977,179.5555889,9,189,329.2698116
6/5/2011 5:00,4,2,39.77339924,117.7808156,9.022229021,25,151,268.6242945
6/5/2011 6:00,2,3,34.67850939,164.1147075,8.910823729,12,163,281.1832461
6/5/2011 7:00,2,3,,,,41,145,341.5552965
6/5/2011 8:00,3,1,27.03903507,141.916313,29.98831183,27,147,299.0688848
6/5/2011 9:00,1,2,35.28297218,136.1194981,16.57906918,35,7,200.6017921
6/5/2011 10:00,2,4,22.62811529,168.8956233,28.03038623,10,14,166.0514732
6/5/2011 11:00,4,1,23.12251856,124.6643872,18.27043307,8,76,219.8095988
6/5/2011 12:00,1,2,32.63875681,147.7499043,27.74630503,15,124,291.1579703
6/5/2011 13:00,1,1,,,,16,77,214.4658438
6/5/2011 14:00,2,2,41.60571843,163.7429749,49.42681702,4,46,203.7086828
6/5/2011 15:00,2,2,23.48206588,109.9902706,28.96110306,4,118,251.0956882
6/5/2011 16:00,1,3,23.49729368,97.79275456,38.8840653,37,151,405.7535191
6/5/2011 17:00,1,1,,,,30,46,183.6309215
6/5/2011 18:00,3,4,26.51543723,120.3984591,27.00674258,1,17,148.9155549
6/5/2011 19:00,4,3,26.10731052,133.4836255,14.71907958,26,159,317.1098138
6/5/2011 20:00,3,3,21.8708426,141.3622018,28.44313693,45,169,315.0450529
6/5/2011 21:00,2,4,22.6595602,156.7761855,38.04829243,42,95,300.3593796
6/5/2011 22:00,3,2,33.63715115,107.3351053,26.72221032,18,164,310.7072479
6/5/2011 23:00,3,4,17.24670457,117.4530831,5.508141678,42,32,144.1595782
6/6/2011 0:00,3,1,37.69707613,168.0715313,4.085411366,24,128,314.3907226
6/6/2011 1:00,3,4,,,,37,91,250.4357288
6/6/2011 2:00,4,2,14.66681096,125.070291,9.584374611,12,154,304.3576626
6/6/2011 3:00,4,4,34.47467421,156.3542841,46.42549882,28,16,205.7932818
6/6/2011 4:00,1,2,34.23221336,139.8749928,9.30402078,18,45,193.5312922
6/6/2011 5:00,2,2,15.88300798,113.9468421,21.88313846,34,78,242.269462
6/6/2011 6:00,3,1,,,,24,94,333.3812784
6/6/2011 7:00,1,4,26.21302612,125.1493303,43.89772971,47,161,284.8116903
6/6/2011 8:00,1,4,36.76726384,160.3091989,25.80644712,8,2,112.8289283
6/6/2011 9:00,1,1,31.5418926,96.83722275,11.56372585,34,55,197.6298811
6/6/2011 10:00,4,2,27.86060167,122.530001,17.10027258,14,139,348.0461939
6/6/2011 11:00,3,4,32.38401379,167.3914349,21.65506378,21,25,168.0209012
6/6/2011 12:00,3,1,,,,12,151,311.5493415
6/6/2011 13:00,2,2,35.88951937,142.5650568,19.79646967,48,59,234.1044903
6/6/2011 14:00,3,1,37.42683368,112.3506804,9.085725807,29,57,245.4065941
6/6/2011 15:00,3,4,23.24430553,152.4735889,48.95431438,20,190,350.912911
6/6/2011 16:00,1,1,175.0463491,469.850052,18.64590366,24,7,179.8710132
6/6/2011 17:00,2,3,31.68016467,98.27845684,24.27298509,24,25,228.8791345
6/6/2011 18:00,3,2,36.2930584,153.4390402,51.49707484,39,109,302.4535251
6/6/2011 19:00,4,3,31.2823827,149.2216668,35.49236571,21,185,325.177093
6/6/2011 20:00,3,3,20.24407889,155.3793166,18.46919804,45,165,360.5747907
6/6/2011 21:00,1,2,29.54451257,139.9028157,9.31015646,40,48,301.7560128
6/6/2011 22:00,4,2,97.26661777,441.6969369,208.0285871,2,42,202.1291818
6/6/2011 23:00,1,1,36.75975416,129.2160574,3.320328695,8,186,339.7209811
6/7/2011 0:00,3,2,28.82886578,129.2867135,35.30503876,23,20,143.0307129
6/7/2011 1:00,4,3,37.20033787,160.4589853,44.8982296,43,140,345.8634536
6/7/2011 2:00,2,3,35.56654576,148.1313528,3.180121186,46,98,311.2812867
6/7/2011 3:00,2,4,32.76446815,136.9956094,40.3796471,31,130,311.4797435
6/7/2011 4:00,4,2,18.16231388,109.3820827,51.27066163,16,88,248.5044279
6/7/2011 5:00,4,3,41.22362292,112.4357576,35.3014665,40,159,425.0413362
6/7/2011 6:00,1,4,34.91759761,118.5538711,24.45990795,23,20,209.7115061
6/7/2011 7:00,4,4,37.8195223,174.2369696,45.90826585,7,13,198.2330356
6/7/2011 8:00,1,1,,,,5,135,283.0221528
6/7/2011 9:00,3,3,26.81294732,134.4303084,40.12088376,8,6,151.0513424
6/7/2011 10:00,1,1,13.15535359,118.8884649,31.72068836,14,98,271.9456204
6/7/2011 11:00,4,3,29.17108212,107.4613284,3.184228905,23,186,345.9898217
6/7/2011 12:00,4,1,17.26926975,166.973411,12.13216584,49,129,317.4365338
6/7/2011 13:00,3,1,29.12320468,176.8575622,6.522185248,10,68,232.829156
6/7/2011 14:00,4,2,,,,30,171,326.5321087
6/7/2011 15:00,4,1,22.54549428,153.8205955,2.571091532,45,65,257.5120854
6/7/2011 16:00,2,2,29.06537977,132.3503773,23.11238777,44,17,204.2857246
6/7/2011 17:00,2,4,166.3783366,421.2851117,48.17215213,44,143,356.877347
6/7/2011 18:00,3,3,17.06270502,156.1175478,44.72431654,12,11,145.5105118
6/7/2011 19:00,1,4,,,,29,107,216.8353352
6/7/2011 20:00,2,3,80.90819587,557.4013379,123.3995561,24,59,214.4975815
6/7/2011 21:00,1,4,,,,47,53,252.718533
6/7/2011 22:00,4,3,19.898984,117.9320204,17.5662619,11,39,219.7064857
6/7/2011 23:00,2,1,35.27848397,116.0156771,25.65882382,20,170,309.9812679
6/8/2011 0:00,3,3,,,,23,149,329.0128363
6/8/2011 1:00,3,3,38.84529152,129.3846558,42.89431438,25,3,202.7877403
6/8/2011 2:00,3,4,28.8990333,113.6051026,5.994387988,49,20,232.2538845
6/8/2011 3:00,2,4,13.15869917,132.8525694,37.88405029,11,150,277.9805533
6/8/2011 4:00,1,4,34.3078965,128.5217578,39.33575013,36,169,325.1860433
6/8/2011 5:00,4,2,73.19268383,573.3553478,116.8712217,48,90,291.7161526
6/8/2011 6:00,1,2,34.82313265,138.933441,11.25660387,20,40,249.4094596
6/8/2011 7:00,1,3,16.1347299,149.649506,29.09507943,22,143,306.0573925
6/8/2011 8:00,4,3,20.70603724,108.888826,26.79897247,0,95,230.6557802
6/8/2011 9:00,4,1,32.75921223,117.3709851,27.76312236,44,35,178.5102482
6/8/2011 10:00,2,1,39.31181844,102.0552154,24.87262607,9,121,259.6533127
6/8/2011 11:00,2,3,24.57193552,100.2612595,9.567785971,34,16,169.1079079
6/8/2011 12:00,2,2,36.20405945,116.9199264,10.73812451,37,181,359.3641536
6/8/2011 13:00,2,3,19.85348468,100.3366646,8.854376243,47,90,232.146559
6/8/2011 14:00,2,1,37.39230183,137.1648511,14.69626121,27,134,291.656658
6/8/2011 15:00,4,2,28.88248177,178.9789349,15.80079047,0,117,227.2294206
6/8/2011 16:00,1,2,20.18605455,105.1597146,13.80339746,7,168,343.6873961
6/8/2011 17:00,2,1,,,,40,101,255.6883985
6/8/2011 18:00,2,3,65.31338288,378.459668,166.5918383,22,61,206.2761311
6/8/2011 19:00,1,4,25.41630981,143.982913,42.84332831,19,117,284.8934294
6/8/2011 20:00,2,3,17.47953264,151.1829639,18.07642575,31,83,240.8011782
6/8/2011 21:00,1,3,32.59446957,159.2303873,17.06672776,22,56,289.1792227
6/8/2011 22:00,1,1,40.38672901,101.5647926,45.87127063,6,98,272.2940838
6/8/2011 23:00,4,2,,,,10,32,182.877798
6/9/2011 0:00,3,1,28.53327738,101.7384368,18.1641794,7,25,183.3876004
6/9/2011 1:00,4,3,30.02804281,130.6012934,38.03779379,42,87,198.6648079
6/9/2011 2:00,3,4,39.69672756,159.5241509,19.31116309,13,23,213.26219
6/9/2011 3:00,3,4,25.8706094,164.9555832,31.79346141,13,30,198.6502527
6/9/2011 4:00,3,4,28.56545327,154.6214775,52.73735053,35,26,199.0815223
6/9/2011 5:00,2,1,27.74041909,143.5940798,16.86774937,40,48,245.2346384
6/9/2011 6:00,4,2,21.02861904,169.1964161,49.93122121,39,72,271.8775028
6/9/2011 7:00,3,1,15.08997999,130.0368832,18.42605236,46,193,366.7337141
6/9/2011 8:00,1,4,23.96131768,99.67365318,26.63162225,26,197,374.6126016
6/9/2011 9:00,2,3,16.96155138,158.3065807,25.90907338,19,158,348.652314
6/9/2011 10:00,4,2,,,,37,152,342.820334
6/9/2011 11:00,3,1,23.22636305,105.3109163,5.93011483,24,15,171.5780327
6/9/2011 12:00,1,1,136.2608753,363.7061217,140.926469,47,108,304.0385323
6/9/2011 13:00,4,2,18.01617484,128.7015545,40.37620075,47,133,361.5889652
6/9/2011 14:00,4,2,40.5958643,141.5692896,26.16767359,28,86,277.623842
6/9/2011 15:00,2,3,38.80087007,113.4238781,8.370549004,13,110,228.1953062
6/9/2011 16:00,4,2,20.78618822,150.9631757,13.75373707,27,120,304.670579
6/9/2011 17:00,2,3,20.46460914,158.564373,36.78048192,29,196,378.6775321
6/9/2011 18:00,3,4,29.46685388,172.0423701,47.93776408,14,144,332.9589177
6/9/2011 19:00,2,4,,,,20,8,169.0028011
6/9/2011 20:00,1,1,26.11548872,158.5790893,28.91434052,11,89,228.9206973
6/9/2011 21:00,2,4,21.28625189,145.2362963,13.82632839,49,189,336.9386386
6/9/2011 22:00,1,4,,,,10,12,141.1284146
6/9/2011 23:00,2,3,,,,38,134,348.1872643
6/10/2011 0:00,4,1,29.14766056,134.1100042,35.12992064,5,17,167.8702289
6/10/2011 1:00,3,2,27.17325362,97.30759266,51.29604421,2,100,238.9205236
6/10/2011 2:00,1,1,42.85713282,119.5254908,43.80128639,40,44,262.765482
6/10/2011 3:00,2,4,38.20238688,133.9145175,11.24780599,14,151,337.5674397
6/10/2011 4:00,2,2,45.26995163,90.65160885,30.72762954,33,182,332.789583
6/10/2011 5:00,2,1,18.38536342,102.8090905,5.510884775,3,31,209.8744102
6/10/2011 6:00,4,1,19.96713885,130.7667824,13.46525221,33,6,129.0696466
6/10/2011 7:00,4,1,,,,37,19,209.5959699
6/10/2011 8:00,1,1,28.89854905,160.8136559,19.86858383,43,121,314.0314043
6/10/2011 9:00,1,3,10.63863037,129.342245,35.3612337,38,146,358.2681273
6/10/2011 10:00,4,1,13.76211004,133.9847503,28.12036988,40,109,300.1875246
6/10/2011 11:00,1,4,40.57524276,120.5646759,49.22291148,5,189,326.4028593
6/10/2011 12:00,3,4,41.60655475,103.1893577,11.05577448,21,13,168.7552609
6/10/2011 13:00,3,3,21.4466079,101.3719694,20.70139181,36,159,415.5020773
6/10/2011 14:00,4,2,38.93639993,159.8747566,18.97120156,31,8,181.1662725
6/10/2011 15:00,1,2,30.44130099,137.2955045,14.17935998,27,99,283.5817679
6/10/2011 16:00,2,4,34.318806,159.4358029,51.4722653,25,176,280.0170692
6/10/2011 17:00,3,4,,,,3,89,206.8136268
6/10/2011 18:00,4,3,14.87536578,111.6452657,50.32577914,9,92,256.1797735
6/10/2011 19:00,1,2,25.53904279,135.0861064,21.36570049,26,15,132.1634418
6/10/2011 20:00,4,2,,,,19,151,326.0634546
6/10/2011 21:00,2,1,120.9106409,415.8480727,34.36889249,35,157,309.8100878
6/10/2011 22:00,3,1,16.06514886,137.6931583,43.9776473,4,135,247.5306549
6/10/2011 23:00,4,1,42.21448619,167.0624909,2.589059018,16,78,211.6634391
6/11/2011 0:00,4,3,19.47845345,164.5510205,49.78039123,49,113,347.3370118
6/11/2011 1:00,4,4,17.40170721,165.2601148,22.17818589,31,137,317.4956899
6/11/2011 2:00,2,3,29.33413841,96.21000764,13.38906223,34,163,309.162354
6/11/2011 3:00,4,2,,,,22,23,207.7179208
6/11/2011 4:00,2,4,26.35777286,105.5281496,8.462921408,12,135,311.3321423
6/11/2011 5:00,2,1,38.03668554,117.8499879,6.786753072,0,0,127.9830025
6/11/2011 6:00,2,3,25.60045336,131.777431,42.45768858,30,73,271.1796948
6/11/2011 7:00,3,3,31.48286555,140.9269138,21.42236297,18,110,297.5892024
6/11/2011 8:00,3,1,32.38904888,129.8231573,27.97642134,22,101,287.9088866
6/11/2011 9:00,4,3,10.66637588,166.9786745,12.60135792,33,160,312.1385677
6/11/2011 10:00,4,1,123.7044027,594.9314264,22.6685731,3,30,136.9617599
6/11/2011 11:00,3,2,,,,47,76,211.5294718
6/11/2011 12:00,1,4,15.27956232,151.004029,27.55062831,47,61,227.6322141
6/11/2011 13:00,3,2,25.50196984,129.6701584,40.41185353,48,34,210.2454732
6/11/2011 14:00,2,2,37.5769864,138.8109299,24.7986718,43,171,344.668855
6/11/2011 15:00,3,1,23.04625072,158.5438652,41.4597161,33,174,344.8279545
6/11/2011 16:00,2,3,27.20863393,101.81967,7.838171633,29,159,379.215826
6/11/2011 17:00,4,2,42.64272564,174.0510922,4.689818926,9,190,328.0209507
6/11/2011 18:00,1,2,15.13048267,135.5044414,9.698198542,5,21,163.7271257
6/11/2011 19:00,4,2,13.01384819,159.4468961,40.42461515,11,134,229.6446643
6/11/2011 20:00,2,3,38.4827398,171.0468201,39.68052593,11,133,349.9936206
6/11/2011 21:00,2,3,39.94988598,139.2136686,11.04791044,48,168,315.6592988
6/11/2011 22:00,2,1,,,,17,11,145.9129108
6/11/2011 23:00,1,2,27.92586604,102.4503084,36.31299309,35,167,361.9722314
6/12/2011 0:00,3,4,38.17261254,124.3293166,44.23752179,34,196,376.4683482
6/12/2011 1:00,4,3,159.1313841,358.8002045,165.9726982,24,185,397.3601551
6/12/2011 2:00,4,1,22.14502438,164.7161258,12.1936767,48,130,338.6469557
6/12/2011 3:00,3,2,14.48084505,112.0038937,30.78474905,40,99,275.5899905
6/12/2011 4:00,4,4,25.59221199,170.859721,37.81643934,21,42,233.3329811
6/12/2011 5:00,1,3,,,,29,73,275.8316434
6/12/2011 6:00,4,4,38.88876089,112.5347511,27.94832947,43,7,169.1695692
6/12/2011 7:00,2,3,43.48451286,128.8398415,17.52491588,28,140,335.8471276
6/12/2011 8:00,3,1,182.096697,469.6353151,49.17174728,6,183,321.2703122
6/12/2011 9:00,1,4,31.60510523,135.2860781,51.77444343,47,146,328.8156979
6/12/2011 10:00,3,2,26.97906369,138.9274386,48.34565836,39,22,204.1899087
6/12/2011 11:00,1,2,,,,2,42,171.4603462
6/12/2011 12:00,2,3,33.85088681,149.2749968,9.841405485,20,23,168.8278871
6/12/2011 13:00,3,2,28.64937096,130.1972301,38.84450056,44,130,342.3890832
6/12/2011 14:00,4,4,18.72399526,154.8290749,13.49765887,19,141,252.9611139
6/12/2011 15:00,1,1,38.65710226,158.6450164,12.12108771,8,160,274.962283
6/12/2011 16:00,3,3,29.65813534,112.9636957,19.99782561,40,86,285.0349083
6/12/2011 17:00,4,4,23.01087835,96.39894572,28.06481441,35,154,325.5876895
6/12/2011 18:00,3,3,34.29215319,149.609884,7.417886637,13,139,320.5018244
6/12/2011 19:00,3,1,30.15401068,163.8766528,31.18528852,17,45,211.4761718
6/12/2011 20:00,3,3,20.23579825,132.298746,3.178748887,32,110,240.7088095
6/12/2011 21:00,1,2,,,,1,198,339.5867147
6/12/2011 22:00,4,2,18.60614602,110.7493933,47.26511255,36,45,235.7198361
6/12/2011 23:00,2,3,18.7700899,116.199868,41.01434434,30,81,256.6862988
6/13/2011 0:00,1,1,26.93830423,110.7260941,25.11826648,21,143,288.598578
6/13/2011 1:00,1,1,32.95581403,125.2948598,14.40357874,45,57,232.4102749
6/13/2011 2:00,1,2,38.68399868,144.5964422,38.3195644,8,141,270.8075983
6/13/2011 3:00,2,1,,,,19,84,201.8358961
6/13/2011 4:00,4,3,40.74981959,86.87270302,9.946688397,19,170,283.6912643
6/13/2011 5:00,4,4,18.02765547,123.1989462,25.09021333,46,24,220.2557098
6/13/2011 6:00,4,3,16.74652876,164.1403949,17.95594119,0,101,213.3929471
6/13/2011 7:00,3,2,29.31483009,129.6735419,21.41552811,29,142,326.7862551
6/13/2011 8:00,3,2,25.12098535,170.6530762,21.50471502,18,73,211.647869
6/13/2011 9:00,3,2,37.98476391,130.2437007,49.44062966,35,157,291.0870145
6/13/2011 10:00,2,1,32.15975454,111.499958,14.08747672,13,43,182.2247287
6/13/2011 11:00,3,3,38.58578341,106.4946551,26.72780385,0,136,337.2758398
6/13/2011 12:00,2,4,19.7999071,145.0622185,48.80241737,4,91,230.5578073
6/13/2011 13:00,4,3,26.5787577,139.3726863,25.07322633,9,81,247.783658
6/13/2011 14:00,3,4,,,,8,138,289.4532867
6/13/2011 15:00,3,3,20.77910206,148.9178544,4.832032202,48,101,245.214733
6/13/2011 16:00,1,2,,,,13,65,259.8210603
6/13/2011 17:00,2,4,26.31123658,101.2738835,13.03028614,38,21,189.8989847
6/13/2011 18:00,4,3,27.40608282,147.8914946,51.25710006,17,86,201.9997254
6/13/2011 19:00,1,1,26.5953733,131.7740903,10.11570232,41,147,310.9295477
6/13/2011 20:00,1,1,14.94060608,125.5191093,22.64349728,24,108,264.0906679
6/13/2011 21:00,4,3,29.83357646,137.5744248,15.98968037,35,156,351.7438015
6/13/2011 22:00,1,2,22.8283376,134.4920325,22.14313111,30,89,236.8179326
6/13/2011 23:00,2,4,,,,45,190,451.8325956
6/14/2011 0:00,2,3,24.37973269,130.4382908,50.33215732,34,40,184.088545
6/14/2011 1:00,3,1,79.54561939,439.6574561,67.74627798,26,122,304.5448374
6/14/2011 2:00,1,4,23.73439132,127.7134524,33.47007888,21,111,210.9471676
6/14/2011 3:00,3,1,15.04440221,102.4600691,7.781628098,10,92,236.4367385
6/14/2011 4:00,1,1,28.61411313,107.9103251,42.37623507,9,82,240.1460629
6/14/2011 5:00,2,3,35.85251589,113.604611,30.20958928,7,47,158.5228601
6/14/2011 6:00,2,1,30.33438508,128.2210988,50.7011913,40,26,249.0630327
6/14/2011 7:00,2,4,31.94398448,160.1962424,21.48147009,27,93,271.1072656
6/14/2011 8:00,1,2,25.34640876,112.4785266,13.83719863,22,158,308.5250373
6/14/2011 9:00,2,3,30.00405221,122.7999749,17.91438214,5,91,246.7458488
6/14/2011 10:00,1,4,37.98861651,120.2608429,38.01151297,13,152,285.2173587
6/14/2011 11:00,3,3,26.28597863,158.1718859,36.02029875,23,176,374.5394277
6/14/2011 12:00,1,1,33.08586642,89.88022252,41.08311117,8,197,373.4382232
6/14/2011 13:00,3,1,23.07403592,107.8870641,4.945846785,45,191,385.162189
6/14/2011 14:00,1,4,26.14892787,110.9413028,29.53221219,39,55,250.2924576
6/14/2011 15:00,3,4,,,,37,134,264.6070064
6/14/2011 16:00,2,2,,,,24,69,274.9124298
6/14/2011 17:00,3,4,23.87806398,107.8806376,6.464045441,37,162,333.9045132
6/14/2011 18:00,2,4,18.14198469,114.3468786,37.75588914,29,20,217.617776
6/14/2011 19:00,2,3,22.11674001,107.2615289,17.34398746,21,46,227.3428192
6/14/2011 20:00,3,1,19.28984877,109.5843319,34.62124414,1,59,228.1201289
6/14/2011 21:00,1,4,29.4629575,158.821867,27.9475517,24,111,241.3769182
6/14/2011 22:00,1,2,38.74185054,133.3386704,51.31922904,23,144,277.1759347
6/14/2011 23:00,4,4,36.52723445,138.3728094,47.4544307,36,89,330.2202536
6/15/2011 0:00,1,1,22.02735524,122.5069862,35.4589406,2,16,110.1728314
6/15/2011 1:00,4,4,45.98771418,138.5912482,14.61726689,42,198,344.8058534
6/15/2011 2:00,1,3,30.46166105,119.6578303,14.90037705,25,152,316.0125418
6/15/2011 3:00,1,1,,,,29,161,329.0456591
6/15/2011 4:00,2,4,36.38900699,135.7050475,30.08830109,28,25,174.4767577
6/15/2011 5:00,4,3,35.1578953,96.12438778,42.62169711,6,5,167.1406864
6/15/2011 6:00,1,1,35.63008556,145.6420005,24.6198988,8,9,181.701831
6/15/2011 7:00,4,4,14.62476601,157.9012258,6.885185138,44,80,261.075294
6/15/2011 8:00,2,3,30.60081133,104.3746221,19.54757226,29,130,288.5466098
6/15/2011 9:00,2,2,40.94774404,164.9205286,8.580101423,15,58,209.9144099
6/15/2011 10:00,4,3,26.83825599,98.06374154,41.31204021,43,111,276.6424094
6/15/2011 11:00,2,2,30.80429615,119.9547005,37.15813651,39,79,204.5970699
6/15/2011 12:00,3,4,30.84014536,137.0281189,5.180205257,13,196,355.5528438
6/15/2011 13:00,3,3,37.94460153,137.1747299,33.22413292,25,47,232.4811021
6/15/2011 14:00,2,2,21.74872553,97.27969572,45.68463555,45,150,327.8691198
6/15/2011 15:00,3,1,30.13672142,154.5294173,36.38042894,36,90,195.5154877
6/15/2011 16:00,1,3,17.20222511,168.7009842,28.10982239,9,132,261.2972643
6/15/2011 17:00,4,4,36.09052854,105.8242851,16.70308947,29,183,376.6012479
6/15/2011 18:00,1,1,35.57829507,168.6671333,46.30300496,21,165,280.2629879
6/15/2011 19:00,4,2,11.66894669,136.3258189,22.68885103,29,75,262.2678091
6/15/2011 20:00,2,3,35.46954992,172.4117843,43.83367019,31,84,239.0096372
6/15/2011 21:00,1,3,28.19181738,114.1910395,41.32909501,13,6,155.7896867
6/15/2011 22:00,2,4,22.49086327,160.0349727,42.276319,22,144,282.7567637
6/15/2011 23:00,2,1,22.8159208,99.84106928,49.68889381,16,8,127.2470691
6/16/2011 0:00,4,3,18.77482947,164.6713574,37.3086808,35,88,303.3227213
6/16/2011 1:00,4,3,20.76102213,150.6224522,4.156652118,28,173,362.7512687
6/16/2011 2:00,4,1,25.08766946,122.4209171,10.7148434,23,36,215.5984866
6/16/2011 3:00,1,3,,,,46,134,344.4942658
6/16/2011 4:00,3,1,39.5205585,160.7215298,11.21609644,10,16,178.2997807
6/16/2011 5:00,4,1,,,,40,118,323.522993
6/16/2011 6:00,4,1,9.737586679,125.6171127,28.6935185,14,40,171.2627414
6/16/2011 7:00,1,4,,,,21,63,262.4910664
6/16/2011 8:00,4,1,29.06725315,157.874026,26.03819347,26,82,283.7940752
6/16/2011 9:00,1,1,14.95656185,117.002093,46.87523285,33,56,237.5362738
6/16/2011 10:00,2,2,,,,32,44,204.4626372
6/16/2011 11:00,4,2,80.20561072,612.2581388,200.7291234,20,72,192.3772436
6/16/2011 12:00,4,4,25.63712723,127.6729526,14.43253604,23,108,274.9234876
6/16/2011 13:00,2,1,25.76827963,121.8635947,29.27995968,19,109,315.5918316
6/16/2011 14:00,2,2,28.29175345,111.5632096,19.52170306,48,135,285.1998705
6/16/2011 15:00,2,2,39.81241235,170.3518337,26.54922207,3,109,279.5478373
6/16/2011 16:00,4,3,23.79024632,108.8418691,28.60850739,36,108,266.8430014
6/16/2011 17:00,3,1,14.59094106,137.5329441,3.002793106,36,90,251.3838066
6/16/2011 18:00,3,2,40.82549381,169.1340295,12.10339858,45,86,232.6835306
6/16/2011 19:00,3,4,40.95083034,92.29781767,37.63608874,32,137,283.3530604
6/16/2011 20:00,4,3,30.17796003,154.9933397,39.69099725,30,181,367.3118464
6/16/2011 21:00,2,3,27.60291596,116.0023555,27.03946571,33,193,386.0227341
6/16/2011 22:00,4,1,9.755100346,147.6180661,17.62643057,21,43,207.9451605
6/16/2011 23:00,2,1,,,,41,47,209.8255308
6/17/2011 0:00,4,3,13.64953295,143.9869479,5.841809744,29,70,202.7236871
6/17/2011 1:00,4,4,15.68882911,115.3677104,50.94788695,4,1,143.6636313
6/17/2011 2:00,2,1,28.52352954,97.43440977,43.83589953,40,79,244.8427101
6/17/2011 3:00,3,1,14.34323165,164.6245525,6.028633708,44,117,304.1072315
6/17/2011 4:00,2,3,10.61045898,92.69056907,9.342463352,22,5,154.1150952
6/17/2011 5:00,1,3,25.43389028,153.6066181,29.33398945,12,79,218.8627077
6/17/2011 6:00,1,1,16.30447815,102.8158546,14.93138289,8,88,237.4818848
6/17/2011 7:00,2,2,,,,13,44,204.2592388
6/17/2011 8:00,4,1,,,,16,9,198.391492
6/17/2011 9:00,1,2,19.87318189,107.2414625,15.62696817,34,136,296.5445794
6/17/2011 10:00,1,3,32.75153354,153.9172227,2.50629902,17,31,200.999429
6/17/2011 11:00,4,2,36.41680656,137.453748,40.33292526,11,1,202.723607
6/17/2011 12:00,4,4,30.23893014,123.7975039,22.90458117,40,20,213.7575745
6/17/2011 13:00,3,3,24.66775717,148.9098942,32.78209548,15,130,316.503142
6/17/2011 14:00,4,1,,,,29,92,238.9371072
6/17/2011 15:00,2,1,15.95442542,115.5756739,9.137591549,12,120,246.9255612
6/17/2011 16:00,2,3,18.67601814,148.7979404,36.51267935,17,22,170.7352974
6/17/2011 17:00,3,3,27.98288494,107.2139081,23.71905368,11,164,309.9086034
6/17/2011 18:00,1,4,32.92310054,123.6483545,13.12830347,33,199,400.601802
6/17/2011 19:00,1,3,29.92186389,155.7364659,7.320060707,32,35,181.5668024
6/17/2011 20:00,4,1,27.24458884,161.4861774,30.60332463,5,13,151.7787258
6/17/2011 21:00,2,4,17.43781555,125.4698702,38.61408087,17,14,199.6625506
6/17/2011 22:00,1,1,37.42404925,138.9507488,16.55343091,2,34,178.8643186
6/17/2011 23:00,3,2,88.3185822,564.2969122,159.8159486,5,119,260.0537078
6/18/2011 0:00,3,3,32.04937465,132.2536426,10.10927226,35,21,199.5133393
6/18/2011 1:00,2,2,21.97956112,120.1087478,17.83547623,48,174,324.5120172
6/18/2011 2:00,3,1,32.8049907,170.687275,39.59891273,49,35,186.0061683
6/18/2011 3:00,3,2,41.39319018,92.45554381,35.38341132,21,14,123.6525065
6/18/2011 4:00,2,2,40.9197059,138.9980051,14.91732268,6,120,268.479518
6/18/2011 5:00,4,1,27.85881298,166.7303542,7.241052186,29,95,287.82484
6/18/2011 6:00,4,1,27.55326316,146.544803,4.842378758,1,185,345.2069132
6/18/2011 7:00,3,3,18.83611445,160.7809588,43.09309172,31,158,359.5282674
6/18/2011 8:00,4,2,40.71942269,121.2675554,6.056882477,14,168,361.8261912
6/18/2011 9:00,4,4,27.50767847,116.48789,7.152018095,21,99,260.5190311
6/18/2011 10:00,3,4,12.8301629,151.4962816,12.38924066,48,88,270.2214509
6/18/2011 11:00,4,1,25.80724401,123.6579607,25.4369989,37,73,290.418684
6/18/2011 12:00,3,1,17.89882813,160.6218008,41.15266512,7,25,147.089336
6/18/2011 13:00,1,2,26.46976516,96.80481598,13.19977287,7,29,136.7438501
6/18/2011 14:00,2,1,30.4573719,151.6908179,27.32762795,38,121,284.9134698
6/18/2011 15:00,2,4,27.9712821,145.2646502,4.766350748,35,102,259.3875668
6/18/2011 16:00,4,3,14.14928775,118.6347958,24.39135922,19,139,295.4896691
6/18/2011 17:00,4,3,41.30058517,128.6049298,12.33731975,36,30,176.5192646
6/18/2011 18:00,4,2,,,,7,108,262.0918263
6/18/2011 19:00,2,3,,,,13,110,241.9064354
6/18/2011 20:00,1,1,24.12249311,138.8354906,39.46519484,19,110,301.8058641
6/18/2011 21:00,1,1,35.39762268,134.5225535,37.54273298,34,81,215.1027249
6/18/2011 22:00,2,1,24.7045331,107.7719406,21.7985982,24,1,156.7354342
6/18/2011 23:00,1,1,18.62263063,152.343466,6.168748646,17,77,219.8521067
6/19/2011 0:00,2,2,18.83027992,112.0657482,14.69169646,46,147,335.8061379
6/19/2011 1:00,1,3,23.41913814,107.2825088,25.89984635,20,185,368.6604675
6/19/2011 2:00,3,4,,,,36,147,326.8255411
6/19/2011 3:00,3,3,41.63979263,154.1570408,51.43425296,46,33,210.9613469
6/19/2011 4:00,2,1,15.13958845,166.2003785,33.5904069,30,59,245.536591
6/19/2011 5:00,1,4,25.94429266,101.1193021,18.35104562,5,33,199.069528
6/19/2011 6:00,4,2,23.80990216,126.9455999,36.39701708,41,164,348.834612
6/19/2011 7:00,1,1,21.80472987,96.01146552,17.47771541,46,194,387.3661941
6/19/2011 8:00,3,1,,,,19,126,300.117315
6/19/2011 9:00,3,4,15.37384866,127.2192651,16.64576389,27,18,131.3802443
6/19/2011 10:00,1,2,,,,40,51,216.1536752
6/19/2011 11:00,1,4,22.69600959,113.4015412,4.665940329,35,43,224.9446232
6/19/2011 12:00,4,2,27.48900847,161.4478665,20.56898086,39,85,250.8891425
6/19/2011 13:00,4,1,35.70139492,135.5357375,30.90668936,25,154,305.9727102
6/19/2011 14:00,1,3,173.2829076,599.4229329,175.0608436,12,37,195.8439012
6/19/2011 15:00,1,1,35.77585934,95.14715983,43.50866816,48,91,286.5059303
6/19/2011 16:00,1,3,27.28608948,129.2836264,51.85789164,3,148,300.568076
6/19/2011 17:00,1,3,,,,33,165,309.769294
6/19/2011 18:00,2,2,26.31125026,142.4641086,27.65054808,36,12,140.9815876
6/19/2011 19:00,1,4,35.38535436,92.52140635,27.99830721,33,92,284.6269707
6/19/2011 20:00,4,2,37.69877351,170.5113602,42.36140072,15,148,276.202569
6/19/2011 21:00,3,1,11.18602414,114.9432402,15.24060006,22,41,174.1089286
6/19/2011 22:00,2,4,22.86017265,111.6932297,3.435395956,22,95,225.3817869
6/19/2011 23:00,1,3,34.75155461,129.0961536,15.96217739,14,47,230.9448684
6/20/2011 0:00,3,3,26.29603882,134.6960132,50.15807655,24,45,210.7543882
6/20/2011 1:00,2,1,20.64823901,166.0141174,47.07989198,28,113,286.6488937
6/20/2011 2:00,3,4,27.76790693,124.2298443,19.84377892,35,77,268.0393234
6/20/2011 3:00,1,1,,,,14,56,204.0612564
6/20/2011 4:00,1,1,44.67472397,136.177285,2.923522485,36,51,252.6925988
6/20/2011 5:00,4,2,26.3996632,121.4108193,17.96083395,34,21,154.387411
6/20/2011 6:00,1,1,20.0233807,170.7925789,38.47072924,45,16,163.7028446
6/20/2011 7:00,1,4,17.09972138,157.7945364,11.51379641,38,96,235.0275081
6/20/2011 8:00,2,1,,,,46,101,294.8801725
6/20/2011 9:00,4,4,,,,36,25,211.4021623
6/20/2011 10:00,2,3,26.18058586,158.3836175,33.34016275,40,166,327.0116724
6/20/2011 11:00,3,1,21.03473335,102.8781554,50.34574777,27,70,225.1954734
6/20/2011 12:00,1,4,32.66265922,105.1255197,8.337789163,44,190,407.1902206
6/20/2011 13:00,3,3,34.69863084,105.9447428,19.4778224,29,178,321.2944836
6/20/2011 14:00,2,4,22.26090877,99.48342155,17.19751529,6,157,306.9700085
6/20/2011 15:00,1,3,20.27338317,153.6868408,46.12228115,3,40,157.5149921
6/20/2011 16:00,1,2,,,,6,160,333.9451298
6/20/2011 17:00,2,1,22.05927454,181.6380272,19.88738284,32,49,234.8981058
6/20/2011 18:00,2,1,34.56060704,101.2650394,9.036331328,46,190,329.057086
6/20/2011 19:00,2,3,25.72538304,129.901544,38.93523496,46,166,339.1800947
6/20/2011 20:00,2,2,32.79625842,174.8966278,13.58746933,17,27,116.613307
6/20/2011 21:00,2,4,33.50490275,162.2796601,4.281781586,14,145,320.9765516
6/20/2011 22:00,1,2,34.72059499,153.5120582,22.07437143,34,73,303.3615146
6/20/2011 23:00,2,4,39.39670163,104.4868158,20.70177763,36,186,291.5083626
6/21/2011 0:00,1,4,40.03490781,159.2460056,10.48283793,4,127,223.0879741
6/21/2011 1:00,1,1,29.86229927,123.3051125,8.347263353,47,65,251.8998643
6/21/2011 2:00,2,3,18.5034304,134.4172443,47.30160026,22,113,269.3058128
6/21/2011 3:00,2,1,26.64094292,140.8362322,6.110873022,9,170,301.5135256
6/21/2011 4:00,4,1,34.31292941,138.1212905,6.717834315,24,12,118.6895723
6/21/2011 5:00,1,1,31.95317485,144.4502119,14.17665064,21,0,165.5008582
6/21/2011 6:00,2,4,,,,30,159,350.4021378
6/21/2011 7:00,2,1,11.93645294,102.8846277,6.442754868,22,88,330.165543
6/21/2011 8:00,2,4,35.55462342,123.0105895,42.69051191,27,9,209.9538629
6/21/2011 9:00,4,3,16.41196906,143.1797498,45.94703124,44,142,281.7529797
6/21/2011 10:00,4,4,30.18802066,113.7790931,22.44149867,14,126,274.3369397
6/21/2011 11:00,3,4,33.58922744,115.6804563,15.54133071,39,144,335.4352247
6/21/2011 12:00,1,2,,,,6,190,310.0042491
6/21/2011 13:00,3,1,10.64623574,129.0030756,35.16922067,45,53,256.0316405
6/21/2011 14:00,2,1,16.58250193,165.9801876,41.2051317,37,150,342.7117905
6/21/2011 15:00,4,1,,,,39,70,280.7104132
6/21/2011 16:00,4,1,18.43846231,139.4343637,12.90030284,14,49,221.6360576
6/21/2011 17:00,3,2,,,,48,58,249.1022263
6/21/2011 18:00,4,2,28.94099265,85.48105151,8.84894751,4,163,282.3890947
6/21/2011 19:00,2,2,18.40643989,160.3180498,27.17350466,11,5,111.7138081
6/21/2011 20:00,4,2,14.54240795,119.9609003,32.39770578,12,193,346.0557574
6/21/2011 21:00,3,1,14.84183503,167.9834351,9.603783008,2,108,232.3493463
6/21/2011 22:00,2,4,,,,18,31,174.2275362
6/21/2011 23:00,3,3,29.54195528,108.0411188,13.48162906,25,52,245.0762409
6/22/2011 0:00,4,2,36.42991545,120.5408208,21.89805922,29,107,311.469308
6/22/2011 1:00,3,4,,,,27,68,192.319639
6/22/2011 2:00,3,2,26.7358128,154.9953949,27.32078828,14,82,224.0467578
6/22/2011 3:00,1,1,,,,17,1,139.3425479
6/22/2011 4:00,4,1,19.78427403,136.9310546,9.149150792,6,42,191.7649778
6/22/2011 5:00,4,4,35.05312938,100.0255935,5.214076646,13,39,118.308392
6/22/2011 6:00,3,4,,,,23,195,308.4505758
6/22/2011 7:00,1,4,36.03445323,153.5157344,16.44085831,23,3,156.7298487
6/22/2011 8:00,4,1,14.24489241,137.087604,28.25165829,10,74,241.8171227
6/22/2011 9:00,2,1,,,,38,173,347.4713472
6/22/2011 10:00,3,3,,,,42,104,300.3367843
6/22/2011 11:00,4,4,38.28256127,96.76079065,26.57336834,39,147,326.0897591
6/22/2011 12:00,2,3,,,,9,121,302.4381193
6/22/2011 13:00,4,2,34.73238846,144.3186741,3.31792374,42,13,233.7049714
6/22/2011 14:00,2,3,27.21406853,168.6918351,4.962089238,32,98,241.2933599
6/22/2011 15:00,3,2,23.43053305,164.487315,37.1421799,19,108,287.5954969
6/22/2011 16:00,4,2,28.13518145,133.0903476,25.65792042,41,141,331.308602
6/22/2011 17:00,4,3,34.97731632,125.1878799,11.00951106,38,176,423.1839273
6/22/2011 18:00,1,4,13.82129928,173.0687916,29.50341474,21,130,261.0876885
6/22/2011 19:00,3,2,39.18066832,142.9110015,28.49300021,34,20,184.499518
6/22/2011 20:00,2,4,,,,27,60,190.0122084
6/22/2011 21:00,4,1,,,,35,1,140.7711525
6/22/2011 22:00,4,2,23.1868026,109.3099472,38.93631016,29,148,322.504971
6/22/2011 23:00,2,1,,,,5,9,154.0831524
6/23/2011 0:00,3,3,38.02134934,135.4098563,36.25115652,0,90,240.1391709
6/23/2011 1:00,1,4,22.73103642,98.07357284,9.792920369,3,117,269.4670268
6/23/2011 2:00,1,3,,,,24,146,296.784018
6/23/2011 3:00,4,2,11.94212484,117.6245961,48.32942317,38,180,344.5557629
6/23/2011 4:00,2,1,17.57520897,125.6162104,24.64970087,10,75,189.686716
6/23/2011 5:00,4,2,30.05306055,165.3700493,13.56261416,37,176,325.7547807
6/23/2011 6:00,2,3,,,,36,79,247.0640771
6/23/2011 7:00,1,4,29.3977044,120.2761001,12.64601199,11,7,157.6577289
6/23/2011 8:00,3,4,16.07076484,98.30913286,2.690117635,28,184,367.0491745
6/23/2011 9:00,2,2,26.06049899,139.8419707,32.83896167,33,100,284.9700444
6/23/2011 10:00,1,2,21.84928853,153.6198737,4.279524965,17,88,285.3952031
6/23/2011 11:00,4,1,22.92959334,130.7375713,13.17488255,8,151,263.4809218
6/23/2011 12:00,2,3,36.97249577,109.2475873,37.46905329,45,46,217.6626554
6/23/2011 13:00,3,2,36.59140886,144.4816758,35.5565679,11,81,199.0597229
6/23/2011 14:00,4,1,13.64474592,128.4892427,6.814656261,8,148,327.9161025
6/23/2011 15:00,4,2,37.93245518,102.7110683,34.56304661,0,123,241.5018933
6/23/2011 16:00,1,4,27.83369667,121.5773913,47.64783849,6,7,181.2055419
6/23/2011 17:00,2,1,32.60271664,118.755223,4.954351173,38,146,361.1168995
6/23/2011 18:00,4,1,12.81677386,166.6177701,21.32628109,41,29,215.9150104
6/23/2011 19:00,3,2,31.49683302,147.6594874,36.9917514,33,90,265.2822411
6/23/2011 20:00,2,3,17.8154601,158.3923142,35.11780939,31,153,318.6283944
6/23/2011 21:00,3,4,22.90702586,156.4814866,12.44952148,27,147,297.9344114
6/23/2011 22:00,4,3,11.84446987,156.826251,9.759110393,25,115,260.304591
6/23/2011 23:00,3,1,17.21394412,162.503221,38.99967622,35,104,267.9821624
6/24/2011 0:00,1,3,,,,39,77,304.114535
6/24/2011 1:00,3,1,19.4763004,124.0630158,40.68587624,13,172,287.1060348
6/24/2011 2:00,2,3,18.29485302,150.7937613,48.31490899,44,63,246.4784649
6/24/2011 3:00,3,2,31.73797706,139.9036525,31.53843579,30,29,213.6578528
6/24/2011 4:00,3,3,13.08612698,107.3110512,45.86537742,15,180,319.7658733
6/24/2011 5:00,1,1,29.1666957,121.0792342,34.48260331,38,177,360.7580833
6/24/2011 6:00,3,4,14.17809349,113.5307752,47.51380606,41,189,318.1160102
6/24/2011 7:00,3,4,38.8266859,108.4477053,9.034941968,10,169,351.9838004
6/24/2011 8:00,4,4,167.8209733,393.720436,180.3274993,10,155,332.1453977
6/24/2011 9:00,4,1,19.12682272,133.7197084,11.53283528,37,57,224.2365787
6/24/2011 10:00,2,3,34.76170434,163.7025519,3.159072657,11,30,147.7726879
6/24/2011 11:00,4,4,11.03714533,157.327605,26.06008101,41,89,286.9331054
6/24/2011 12:00,4,4,38.74165881,158.2205914,16.779545,8,99,205.6809631
6/24/2011 13:00,4,4,117.9609836,563.9891133,11.10018567,21,127,250.9642002
6/24/2011 14:00,4,2,13.70785494,114.653291,49.20538702,37,58,226.4730015
6/24/2011 15:00,1,1,22.40902947,122.7241172,35.23281294,8,110,296.6008863
6/24/2011 16:00,4,1,16.48578784,85.45140592,47.201528,2,115,269.2554369
6/24/2011 17:00,1,1,,,,38,11,162.6064572
6/24/2011 18:00,1,1,26.92506671,93.94524521,20.01513331,34,44,160.531694
6/24/2011 19:00,4,1,24.70283191,148.7264891,14.31202661,29,65,228.2185537
6/24/2011 20:00,3,2,25.29484823,120.1997566,8.51671549,25,103,268.4938928
6/24/2011 21:00,1,3,12.0246092,166.3484536,28.32050173,7,195,332.7461239
6/24/2011 22:00,3,2,12.9162958,111.2378651,30.23744211,31,159,377.0995528
6/24/2011 23:00,3,4,,,,21,168,317.9282608
6/25/2011 0:00,4,2,36.28017877,101.1807151,20.70708797,7,97,168.4007104
6/25/2011 1:00,2,1,13.44809615,117.2966293,9.84405885,44,182,346.6283781
6/25/2011 2:00,4,2,119.1271347,484.2324688,95.56178982,1,68,215.4601344
6/25/2011 3:00,2,1,19.90031624,158.7342274,4.375982297,13,4,161.4059376
6/25/2011 4:00,2,2,18.55651639,127.0053139,45.60756559,4,62,193.4768802
6/25/2011 5:00,4,1,,,,12,3,137.4888826
6/25/2011 6:00,4,4,26.24485119,158.4936682,18.7671671,22,114,208.7449302
6/25/2011 7:00,2,1,,,,12,40,187.2849171
6/25/2011 8:00,4,2,27.6142885,126.2162014,38.70242564,18,139,279.5312779
6/25/2011 9:00,2,4,24.02151548,126.4269784,18.07739856,23,164,327.1456135
6/25/2011 10:00,3,2,20.11657104,104.4570358,5.694673565,34,97,278.3849402
6/25/2011 11:00,4,4,,,,13,54,236.8564472
6/25/2011 12:00,3,3,,,,3,44,150.9355663
6/25/2011 13:00,1,3,,,,25,155,273.761167
6/25/2011 14:00,3,3,25.58272958,120.6001578,15.57246648,9,58,182.3397312
6/25/2011 15:00,3,2,14.35403761,102.0305854,37.26470965,37,134,281.4690264
6/25/2011 16:00,2,2,20.80627559,173.1857754,1.698629633,37,187,331.7526164
6/25/2011 17:00,3,4,27.35506257,87.23041837,7.686720117,33,180,388.8401658
6/25/2011 18:00,4,4,38.13312336,159.9788024,25.60118742,33,167,336.9235069
6/25/2011 19:00,2,4,34.36209003,127.2190212,11.92678805,18,120,329.6208819
6/25/2011 20:00,1,4,8.801510508,121.9013755,41.25496032,2,124,258.3350019
6/25/2011 21:00,4,1,25.74057681,154.721306,47.4305315,35,51,183.2488468
6/25/2011 22:00,1,3,28.95551046,99.73209312,0.658156136,3,10,121.1379177
6/25/2011 23:00,3,1,79.1455982,417.8103886,51.77050759,25,95,283.0948197
6/26/2011 0:00,4,1,31.68102476,174.6548851,23.7156083,10,177,285.3236006
6/26/2011 1:00,4,1,34.83323133,146.2812424,30.29118095,2,49,200.0534346
6/26/2011 2:00,1,1,,,,48,95,264.5925312
6/26/2011 3:00,4,3,12.54402483,147.2624132,45.46783429,8,122,234.3783009
6/26/2011 4:00,4,1,,,,45,47,265.8466103
6/26/2011 5:00,4,4,36.28290374,102.4585998,12.86479209,1,181,296.5719768
6/26/2011 6:00,3,2,,,,13,133,253.379756
6/26/2011 7:00,1,4,40.97810683,116.3226875,11.45158954,2,49,180.8180124
6/26/2011 8:00,4,2,51.77143119,427.8041699,205.3479682,1,81,198.9155813
6/26/2011 9:00,2,4,30.34708827,162.2985714,1.537038878,21,130,349.5901858
6/26/2011 10:00,2,4,25.36763032,85.29062143,28.77707682,28,40,231.9292135
6/26/2011 11:00,2,2,,,,32,27,173.3755972
6/26/2011 12:00,2,3,128.8555901,331.863709,91.97776689,35,159,311.8141211
6/26/2011 13:00,3,1,29.00581307,97.42179294,33.46518976,9,166,246.46864
6/26/2011 14:00,4,4,,,,46,198,380.152041
6/26/2011 15:00,1,3,,,,43,190,342.5959836
6/26/2011 16:00,4,1,,,,37,146,317.6259272
6/26/2011 17:00,3,3,27.22681458,134.8806464,13.78195159,20,128,220.975174
6/26/2011 18:00,2,3,35.94845484,142.1499243,45.6149827,30,160,321.1385073
6/26/2011 19:00,3,1,23.05117508,99.7019995,42.34662061,34,32,248.8791265
6/26/2011 20:00,4,4,,,,2,10,145.5210013
6/26/2011 21:00,1,3,,,,18,187,313.6340695
6/26/2011 22:00,3,4,39.02904815,126.7555781,50.36871809,21,27,179.2382914
6/26/2011 23:00,1,4,16.62845438,101.8541405,33.52064437,19,189,337.9025784
6/27/2011 0:00,3,4,35.46752836,141.1083471,15.92823823,35,46,278.5627715
6/27/2011 1:00,1,1,14.55206518,145.3535658,32.45598133,18,144,283.8002455
6/27/2011 2:00,1,2,14.3233306,88.5308995,19.56725823,45,73,213.6644199
6/27/2011 3:00,2,4,19.97952173,100.1676826,34.70010937,3,71,206.3846692
6/27/2011 4:00,1,2,19.84279214,103.1009712,29.6929232,31,136,304.5846155
6/27/2011 5:00,2,2,33.73601011,106.3977697,47.94602676,7,82,237.5651812
6/27/2011 6:00,4,3,33.12249116,112.6455289,32.6821343,25,113,292.346831
6/27/2011 7:00,4,4,42.85121449,120.2785758,13.21132431,0,7,197.3174208
6/27/2011 8:00,2,4,31.00373379,110.1023441,38.13461085,25,186,324.7593794
6/27/2011 9:00,2,4,26.72037806,161.7704678,17.08171906,46,68,225.0104398
6/27/2011 10:00,3,2,32.1035006,135.2784829,14.35448115,42,77,194.9604689
6/27/2011 11:00,3,1,39.51689774,154.1257416,22.21038871,8,44,203.4117968
6/27/2011 12:00,3,2,,,,34,160,298.9203629
6/27/2011 13:00,4,4,33.57989022,96.90531357,49.70450172,17,106,281.2703219
6/27/2011 14:00,3,4,40.96802628,133.495528,28.83769174,18,37,171.7459351
6/27/2011 15:00,1,4,14.12099496,152.6001749,42.37263051,47,190,420.2513003
6/27/2011 16:00,1,2,32.31037355,107.3514291,12.83405945,15,139,242.4449225
6/27/2011 17:00,3,4,37.79265777,95.64528033,37.63743657,27,66,255.1154519
6/27/2011 18:00,1,3,40.4928409,108.7462299,32.15466104,2,103,263.5205108
6/27/2011 19:00,4,4,13.61549056,123.6137191,22.74423841,17,156,320.1800638
6/27/2011 20:00,1,1,24.14957189,107.8427179,49.82660238,12,149,258.8423859
6/27/2011 21:00,4,3,33.54638249,99.73082071,25.67853738,26,161,334.2723372
6/27/2011 22:00,2,4,18.41879041,107.1515887,35.18055085,39,69,243.1215601
6/27/2011 23:00,2,3,28.22109996,147.8210749,4.481555184,38,98,212.3851265
6/28/2011 0:00,2,4,,,,23,166,367.018487
6/28/2011 1:00,2,1,82.8375799,508.5100109,186.7630583,28,143,291.8794288
6/28/2011 2:00,1,4,,,,21,158,354.6617658
6/28/2011 3:00,3,3,26.9179762,130.0860868,28.66595795,25,176,330.1728447
6/28/2011 4:00,1,1,23.51915104,90.41207747,47.32368594,19,43,222.6499129
6/28/2011 5:00,4,2,24.09833691,140.8750309,27.02042612,23,45,173.3718101
6/28/2011 6:00,1,1,,,,11,128,276.5680341
6/28/2011 7:00,1,1,16.7204207,119.3707009,22.71523169,17,121,273.430657
6/28/2011 8:00,4,1,16.82435557,128.8406007,31.50935066,46,43,210.3817677
6/28/2011 9:00,2,3,14.06967106,100.7220699,16.19776914,11,83,198.9905051
6/28/2011 10:00,2,1,30.9876761,112.7311397,21.81986133,37,86,162.0405482
6/28/2011 11:00,2,4,36.73059119,96.71273958,49.52155802,31,83,219.6491581
6/28/2011 12:00,3,1,63.8817538,336.5942713,21.66918525,48,95,295.0145737
6/28/2011 13:00,4,1,14.86180189,125.2691993,6.019083958,22,45,156.1197634
6/28/2011 14:00,4,4,32.75553133,161.2226618,3.499018163,3,71,169.30998
6/28/2011 15:00,1,4,,,,11,180,278.8854339
6/28/2011 16:00,3,2,42.73998938,136.4017311,19.9651279,16,160,313.1752803
6/28/2011 17:00,2,1,33.81840149,143.9423252,5.590375959,20,172,296.0837476
6/28/2011 18:00,3,3,21.98986539,141.027565,27.46168949,36,191,394.4735325
6/28/2011 19:00,4,1,82.43578655,601.0852486,126.9055377,28,93,273.8791222
6/28/2011 20:00,4,1,23.90544837,155.0963584,36.66885763,5,130,271.8215304
6/28/2011 21:00,1,4,13.11207873,158.4952019,49.95130915,46,151,336.9135657
6/28/2011 22:00,1,2,17.09768286,162.5967495,32.54861717,27,158,292.8838905
6/28/2011 23:00,4,1,13.37558018,97.11383963,6.546790421,7,70,184.8688007
6/29/2011 0:00,2,3,,,,30,39,221.0576123
6/29/2011 1:00,2,1,26.81334391,154.5687527,38.56322312,19,177,354.1058029
6/29/2011 2:00,3,3,9.486942068,136.9327849,32.87092317,15,73,239.7491293
6/29/2011 3:00,4,4,,,,12,14,142.5409843
6/29/2011 4:00,4,2,22.98993475,102.3985117,14.43119782,14,118,250.8959972
6/29/2011 5:00,2,1,23.72133418,126.9941706,38.7752131,12,20,134.6601415
6/29/2011 6:00,2,2,15.58976032,167.8603395,31.49830508,46,20,219.6376352
6/29/2011 7:00,4,1,29.07029285,118.695584,29.48738811,1,59,131.7235182
6/29/2011 8:00,1,3,37.86412841,142.1923139,10.14642132,19,105,188.4172507
6/29/2011 9:00,4,2,,,,27,64,161.3757033
6/29/2011 10:00,4,1,18.35967382,144.4549714,38.13702803,17,148,231.2179404
6/29/2011 11:00,2,4,19.84905964,167.0286519,45.97918951,6,182,359.1899702
6/29/2011 12:00,2,3,18.15672784,118.350045,36.89569825,20,68,242.0570182
6/29/2011 13:00,1,2,21.5168301,87.28370516,27.78329276,40,109,243.4720632
6/29/2011 14:00,1,1,35.71012862,92.7967439,34.31607146,38,25,190.2290679
6/29/2011 15:00,3,2,34.9754129,159.1738223,26.18860068,8,74,256.35785
6/29/2011 16:00,4,1,78.67867458,555.8059617,45.81972565,43,54,242.367171
6/29/2011 17:00,2,3,28.12452524,102.8966072,45.71169035,9,112,314.7695639
6/29/2011 18:00,1,4,127.3777428,350.3596632,116.8217545,30,45,201.8873452
6/29/2011 19:00,3,3,28.72032352,156.3540941,29.47040568,41,189,340.6376041
6/29/2011 20:00,3,2,21.81888893,146.5008063,50.30258661,12,69,178.8361307
6/29/2011 21:00,2,2,19.06510373,101.1028258,51.84567614,4,181,315.9557684
6/29/2011 22:00,2,1,26.00367568,114.1356948,30.98744867,39,131,328.3053735
6/29/2011 23:00,3,3,22.40698375,153.5523904,2.453619655,41,172,346.1741957
6/30/2011 0:00,1,1,34.86574024,132.59951,21.23866499,37,53,209.4315875
6/30/2011 1:00,3,3,33.72635454,166.8864651,47.18636493,42,180,389.8500334
6/30/2011 2:00,4,2,17.48684441,140.0731682,16.54358396,35,171,351.998156
6/30/2011 3:00,4,1,11.52831291,141.8440852,52.08140973,1,86,213.7052609
6/30/2011 4:00,2,1,36.73202323,133.512872,5.347318291,5,95,207.0875703
6/30/2011 5:00,1,3,29.15505602,161.1224017,29.64538257,12,119,253.4289675
6/30/2011 6:00,1,4,35.5467669,123.8667182,25.77414491,28,35,207.2216005
6/30/2011 7:00,4,3,14.54428745,111.0862633,12.41917207,43,33,182.6056402
6/30/2011 8:00,3,4,,,,13,179,284.983431
6/30/2011 9:00,2,3,26.3703943,164.5481878,31.87034419,29,133,277.5653841
6/30/2011 10:00,3,2,38.17208754,123.3867085,13.5686441,24,165,317.4705237
6/30/2011 11:00,3,1,11.60735486,113.8581136,21.11671639,39,85,294.8224021
6/30/2011 12:00,3,3,19.69958056,132.5422423,37.2373949,34,32,161.0994487
6/30/2011 13:00,1,2,,,,36,54,226.6798755
6/30/2011 14:00,4,3,37.89693364,89.23971884,44.02562658,6,22,149.5271412
6/30/2011 15:00,1,1,,,,49,124,295.9929047
6/30/2011 16:00,4,3,37.4194254,132.9763273,13.42524014,37,43,255.9889502
6/30/2011 17:00,2,4,40.74346095,139.097978,9.463643441,17,99,248.2211482
6/30/2011 18:00,2,1,7.005513129,155.5276,6.178883838,7,27,136.3549498
6/30/2011 19:00,3,4,11.74297908,161.5871388,14.00222636,6,63,225.4008019
6/30/2011 20:00,4,2,17.25540244,123.5134347,51.66895427,33,47,234.172414
6/30/2011 21:00,4,2,21.79219084,146.9181747,6.506628273,35,58,192.6568435
6/30/2011 22:00,4,3,39.73043535,92.07115122,11.16878921,40,58,191.8806484
6/30/2011 23:00,3,4,39.75932107,92.01262044,14.18239778,47,42,230.9611056
7/1/2011 0:00,3,4,15.22665672,97.89760498,31.77240151,9,170,307.6331999
7/1/2011 1:00,2,1,29.56442902,122.1245003,36.31508575,39,140,294.4815302
7/1/2011 2:00,1,4,38.34040764,103.6297869,36.20380151,28,71,260.2647005
7/1/2011 3:00,4,4,93.97247698,391.0495908,11.09338612,15,42,168.7840484
7/1/2011 4:00,4,1,12.13503888,143.8308357,32.73105028,24,12,178.1760706
7/1/2011 5:00,1,1,23.50965578,117.3536378,34.35867821,28,162,354.745219
7/1/2011 6:00,4,4,,,,7,138,264.3086567
7/1/2011 7:00,3,3,28.31684039,121.4690831,21.48720574,19,148,241.5863052
7/1/2011 8:00,3,1,23.54904475,98.42727796,40.17801166,35,199,351.3439087
7/1/2011 9:00,4,1,8.056733657,106.9209413,16.53821096,26,105,266.0911195
7/1/2011 10:00,3,4,,,,12,153,324.4794409
7/1/2011 11:00,3,4,,,,25,93,231.7310874
7/1/2011 12:00,4,1,25.53257773,140.0560412,20.5582951,41,49,271.0353473
7/1/2011 13:00,2,4,,,,24,48,162.3544985
7/1/2011 14:00,1,1,16.72204151,117.4357419,31.126462,27,102,263.220096
7/1/2011 15:00,3,3,17.89491921,113.0230127,43.86202868,8,89,219.0975015
7/1/2011 16:00,2,3,,,,25,90,284.6617159
7/1/2011 17:00,3,1,17.01589072,98.72103913,23.05247444,11,85,181.0161607
7/1/2011 18:00,3,1,35.37363219,96.17947778,41.13767318,25,12,178.971196
7/1/2011 19:00,1,2,21.37670545,123.9691452,37.448879,46,166,333.8517718
7/1/2011 20:00,3,2,46.16058876,507.3494441,80.49495117,21,182,378.029507
7/1/2011 21:00,1,4,30.53224398,137.1197271,31.28318179,0,6,110.2750661
7/1/2011 22:00,1,4,15.6704111,146.9807484,37.47154074,11,170,322.5679127
7/1/2011 23:00,1,1,33.62179272,93.42741894,12.5509612,23,41,167.9391472
7/2/2011 0:00,2,1,28.70731129,118.6627207,17.90791753,29,185,348.7032777
7/2/2011 1:00,4,2,38.964126,105.2077355,7.916072259,13,139,269.9569755
7/2/2011 2:00,2,2,30.80844086,152.7406335,50.93825071,22,12,151.4575286
7/2/2011 3:00,4,1,15.12609863,162.5538301,6.222002314,1,11,81.36785197
7/2/2011 4:00,4,3,32.60923587,104.1565193,9.270968203,2,37,180.4049133
7/2/2011 5:00,1,3,30.30944909,87.33167901,24.74890103,5,2,103.4766878
7/2/2011 6:00,3,4,32.84295933,103.9877468,44.6719161,18,199,312.4199345
7/2/2011 7:00,1,1,37.04136722,100.8841024,16.87489937,20,61,163.2382721
7/2/2011 8:00,3,1,23.24132446,119.1883497,38.23327691,44,158,299.1917352
7/2/2011 9:00,4,4,,,,19,199,361.864041
7/2/2011 10:00,1,2,30.45577397,166.722189,32.39002336,20,36,198.3612691
7/2/2011 11:00,3,2,18.14749837,128.4036466,42.28323085,39,23,210.7138121
7/2/2011 12:00,2,3,16.55003314,106.9438893,1.954071758,3,91,191.9694597
7/2/2011 13:00,3,1,29.60343568,107.7006845,47.45105133,24,67,226.198729
7/2/2011 14:00,1,2,16.43263542,106.0726314,43.76080962,6,63,179.2701583
7/2/2011 15:00,2,3,13.53744109,98.08382973,50.27004628,6,143,306.3499294
7/2/2011 16:00,3,3,9.541936167,147.2407351,39.32178044,32,17,190.4648224
7/2/2011 17:00,3,3,28.17342783,92.25022785,44.98028082,25,67,200.9652093
7/2/2011 18:00,3,2,20.21486271,167.4929299,11.19684777,16,167,342.854371
7/2/2011 19:00,3,2,,,,7,57,207.8337714
7/2/2011 20:00,3,1,22.26962654,132.7372846,15.573194,25,122,233.9796832
7/2/2011 21:00,2,1,,,,14,44,136.4204198
7/2/2011 22:00,4,3,103.9186088,488.6386769,154.6366651,19,52,159.1118183
7/2/2011 23:00,2,3,,,,18,26,221.9941426
7/3/2011 0:00,2,2,22.02767639,114.2938141,3.680700293,6,117,221.0311011
7/3/2011 1:00,2,2,38.53880081,109.4951937,39.4138344,44,35,263.7554653
7/3/2011 2:00,4,1,40.44883348,162.534642,46.25979931,0,195,291.4279713
7/3/2011 3:00,1,1,,,,38,99,230.2078373
7/3/2011 4:00,4,4,,,,36,140,330.7986142
7/3/2011 5:00,2,1,22.21685607,118.6370811,29.78226873,17,178,351.1419804
7/3/2011 6:00,3,2,28.92061471,87.62576242,45.43227964,7,175,327.0272681
7/3/2011 7:00,3,3,151.0567581,340.2123963,111.2415978,14,187,349.6120442
7/3/2011 8:00,2,4,141.0949245,367.5816007,207.8504556,49,105,258.256295
7/3/2011 9:00,3,1,,,,5,100,258.2712477
7/3/2011 10:00,2,1,,,,36,110,281.4572461
7/3/2011 11:00,3,2,41.28389637,152.3171402,31.53985984,21,197,335.275269
7/3/2011 12:00,4,4,20.85159233,139.9958402,31.62071071,10,178,319.0483029
7/3/2011 13:00,1,1,37.32093857,106.7057364,36.10457148,25,13,198.0052464
7/3/2011 14:00,1,3,31.3319572,129.6650957,43.75819617,7,170,316.9175464
7/3/2011 15:00,4,2,30.59774931,142.4753701,44.75382024,8,2,73.40411267
7/3/2011 16:00,4,4,93.22845783,456.2772548,35.90206227,12,152,318.8511493
7/3/2011 17:00,2,1,35.94042665,135.3661759,11.72255069,2,33,187.529603
7/3/2011 18:00,2,1,36.28662173,142.8605996,2.169856535,2,197,315.6946202
7/3/2011 19:00,2,4,17.0463827,91.84775404,9.340403007,6,183,320.545119
7/3/2011 20:00,3,2,27.24687284,133.8244739,14.24218509,2,192,325.4009631
7/3/2011 21:00,2,4,,,,10,187,265.6110743
7/3/2011 22:00,4,4,40.6851079,120.3769601,24.13081189,45,47,207.9208339
7/3/2011 23:00,1,2,26.16721382,111.5879106,37.01060527,27,71,215.0577032
7/4/2011 0:00,3,1,17.95874933,156.4733033,24.86412047,41,146,310.1612725
7/4/2011 1:00,2,3,18.14070302,123.7861555,28.35483852,30,104,246.1236993
7/4/2011 2:00,3,2,29.49333648,140.9787053,6.661185353,8,34,189.7604298
7/4/2011 3:00,3,3,36.50889885,523.0752677,157.2647987,26,96,225.5773449
7/4/2011 4:00,2,1,31.41484975,158.6882202,38.51689963,11,108,274.1295527
7/4/2011 5:00,3,4,36.32854169,149.2158227,16.80055764,7,108,261.2755168
7/4/2011 6:00,1,3,,,,43,32,243.5918132
7/4/2011 7:00,4,1,,,,40,169,388.7692307
7/4/2011 8:00,4,1,38.54506898,136.0155284,42.2359044,21,114,314.9448031
7/4/2011 9:00,1,4,29.2358757,134.4028687,37.94132384,17,53,162.1386891
7/4/2011 10:00,3,4,16.10738011,167.6054281,31.11128821,29,38,205.0087734
7/4/2011 11:00,2,1,9.213183822,100.8859901,10.41018645,48,109,263.1255718
7/4/2011 12:00,3,1,15.87199156,102.6452706,10.91667709,10,191,427.0440991
7/4/2011 13:00,1,3,34.70655563,118.0472873,3.518310319,1,165,312.0331948
7/4/2011 14:00,3,1,7.605080685,154.1736258,1.5784579,28,37,235.0763473
7/4/2011 15:00,4,1,13.04164634,121.0862964,10.56352818,25,72,237.623997
7/4/2011 16:00,3,3,33.6811339,135.0412518,6.201214721,13,179,240.4755344
7/4/2011 17:00,1,2,26.95983109,122.4464263,29.85769149,27,111,242.007782
7/4/2011 18:00,4,3,32.87194631,138.505557,18.41387103,34,100,240.9231415
7/4/2011 19:00,3,3,34.26503114,153.9967274,23.08396971,5,46,166.762459
7/4/2011 20:00,3,4,14.35536371,114.1448585,29.87758108,35,125,298.2294448
7/4/2011 21:00,4,3,159.3328413,519.4775649,141.3236411,11,64,217.4582468
7/4/2011 22:00,2,1,16.60762764,147.100248,32.44373319,33,99,180.5740321
7/4/2011 23:00,4,1,28.07428133,119.3852021,12.96265243,5,41,166.2623894
7/5/2011 0:00,2,1,27.08529252,110.3036962,41.22626622,36,101,249.7695346
7/5/2011 1:00,1,2,15.97063633,79.96380604,45.47662219,36,54,258.7528008
7/5/2011 2:00,1,1,40.85326691,150.3478059,18.21304078,7,58,210.0648129
7/5/2011 3:00,4,2,26.45511831,116.5213142,3.586601288,36,193,350.7809638
7/5/2011 4:00,4,1,8.306313593,111.862639,45.31417087,39,73,245.9595197
7/5/2011 5:00,1,3,160.7374906,392.9012032,187.4609976,32,181,289.6142003
7/5/2011 6:00,2,4,26.27360926,133.800133,3.691209969,40,50,237.0412402
7/5/2011 7:00,1,1,31.61506534,135.3734585,0.570945998,45,150,310.3102895
7/5/2011 8:00,4,2,27.15193445,137.702244,42.79616163,30,138,270.9308632
7/5/2011 9:00,1,2,,,,33,35,234.5549418
7/5/2011 10:00,4,4,10.42081661,131.6100791,47.07286189,10,183,328.3111625
7/5/2011 11:00,4,1,,,,35,41,183.1165521
7/5/2011 12:00,1,3,26.80038666,108.1796054,43.17896092,3,101,212.9234187
7/5/2011 13:00,2,1,,,,16,98,252.0081274
7/5/2011 14:00,3,1,34.11663349,163.5386623,14.70063435,15,127,277.6517912
7/5/2011 15:00,1,4,22.78392769,136.9027408,49.5373921,29,12,168.86511
7/5/2011 16:00,3,1,16.25737788,141.9002804,12.44627144,38,98,226.8573639
7/5/2011 17:00,1,3,7.82049203,98.42686022,6.564647937,43,51,189.2698231
7/5/2011 18:00,3,2,28.86886007,149.2973412,44.78008216,48,157,309.4600035
7/5/2011 19:00,2,4,,,,4,139,264.0007001
7/5/2011 20:00,2,3,106.7439211,549.6590402,21.55086606,39,148,312.6214224
7/5/2011 21:00,1,2,30.9960056,168.6823346,16.82693532,36,139,297.0372758
7/5/2011 22:00,4,4,18.87862065,154.799784,33.96389607,42,61,226.3847011
7/5/2011 23:00,3,4,,,,25,119,327.2250523
7/6/2011 0:00,4,2,9.5526293,84.98164732,45.44087124,27,92,271.2408124
7/6/2011 1:00,4,2,22.69495365,152.4587318,27.26642491,18,166,346.3854291
7/6/2011 2:00,4,3,,,,20,43,203.6424538
7/6/2011 3:00,2,1,38.72338807,153.0164468,18.77540131,27,131,286.862213
7/6/2011 4:00,1,1,21.98803328,112.0095013,44.38079316,18,158,314.9644699
7/6/2011 5:00,1,1,,,,35,151,319.4159088
7/6/2011 6:00,2,1,28.89974612,84.90081891,44.78881031,10,169,329.856222
7/6/2011 7:00,2,1,40.69612152,145.8878965,48.73154382,18,122,237.338225
7/6/2011 8:00,1,3,,,,4,176,328.3104062
7/6/2011 9:00,4,4,20.96714848,114.1160958,26.73200441,1,89,221.555299
7/6/2011 10:00,3,3,,,,24,147,243.3064644
7/6/2011 11:00,3,3,12.80704579,141.8741526,8.739720985,25,135,289.066254
7/6/2011 12:00,3,3,13.46168502,83.51854492,1.346708741,29,160,276.2835884
7/6/2011 13:00,4,4,14.27225587,122.9387733,44.69943064,16,195,321.3957024
7/6/2011 14:00,1,3,,,,20,165,306.6454142
7/6/2011 15:00,2,3,12.70710842,137.0075582,28.93197105,19,163,263.1835705
7/6/2011 16:00,1,4,33.73537619,172.4078023,30.05517664,17,47,188.7598749
7/6/2011 17:00,4,3,24.38112365,133.5305036,40.27333559,46,135,309.4016277
7/6/2011 18:00,2,1,8.694302399,102.5611647,7.453510263,15,59,222.9752635
7/6/2011 19:00,4,2,,,,27,23,162.6855485
7/6/2011 20:00,3,3,15.78694109,157.1522371,23.66369313,11,16,161.5082078
7/6/2011 21:00,3,2,25.79036761,111.4061935,45.30757873,39,64,226.3870152
7/6/2011 22:00,4,3,,,,5,166,284.6767067
7/6/2011 23:00,2,3,23.7142087,118.428545,46.16708046,23,105,204.0829324
7/7/2011 0:00,2,1,13.21742644,138.6938178,18.49496771,49,54,225.8276558
7/7/2011 1:00,1,4,29.91286537,156.8743489,49.36656764,42,76,266.4864449
7/7/2011 2:00,3,2,36.27613522,118.7329895,43.82589169,5,60,163.1149625
7/7/2011 3:00,1,4,129.8111523,519.0740012,127.5781204,16,30,165.568338
7/7/2011 4:00,1,1,33.93678208,132.9080058,17.98779984,41,100,264.9626129
7/7/2011 5:00,4,1,15.31324331,102.2641339,18.89516368,18,27,204.1258219
7/7/2011 6:00,4,2,38.58899784,108.9423957,39.89737549,46,31,203.9311991
7/7/2011 7:00,1,4,23.22541762,132.0299151,28.21668867,47,6,187.6459385
7/7/2011 8:00,3,1,8.985388779,88.93497892,21.71454941,27,13,165.71898
7/7/2011 9:00,4,3,37.64449568,144.8260002,32.12420236,28,72,211.1848222
7/7/2011 10:00,1,3,34.09650992,95.51838089,38.37416015,48,181,320.8951063
7/7/2011 11:00,1,3,27.4625496,97.4930141,3.161508586,6,69,192.3524791
7/7/2011 12:00,1,4,15.19843341,105.1650558,5.852036913,18,178,333.6807308
7/7/2011 13:00,1,3,,,,7,29,165.5475436
7/7/2011 14:00,1,3,20.99893221,124.034844,11.06806686,7,157,334.2160528
7/7/2011 15:00,1,1,,,,4,143,301.1813898
7/7/2011 16:00,4,1,14.21808538,140.0360557,41.99883007,42,150,354.9978409
7/7/2011 17:00,3,3,35.69008488,164.9197397,18.1296318,33,158,255.7880721
7/7/2011 18:00,1,3,20.26727105,149.9381209,0.983724089,49,11,233.111656
7/7/2011 19:00,2,1,34.93260955,98.02745201,24.74937913,20,2,155.7112257
7/7/2011 20:00,4,2,39.06195008,160.3380339,51.62059932,3,66,206.9498825
7/7/2011 21:00,4,4,22.81240561,113.5218024,18.93723615,43,165,360.5381713
7/7/2011 22:00,1,4,18.70252816,131.5777395,49.20552221,35,85,246.2720939
7/7/2011 23:00,4,1,36.30718633,118.4933142,6.413423229,4,114,211.4963734
7/8/2011 0:00,1,4,24.81837504,103.1796763,9.534232076,48,107,324.0052255
7/8/2011 1:00,3,1,28.77044634,153.3557872,37.21469676,22,143,267.5115329
7/8/2011 2:00,3,1,28.43084111,112.5338836,25.98213434,18,81,194.9618629
7/8/2011 3:00,4,1,12.86609124,135.3617951,38.95957471,41,3,162.479538
7/8/2011 4:00,4,1,34.60188684,97.81110858,44.63153812,45,19,177.90362
7/8/2011 5:00,2,2,16.64988827,158.3036413,13.60797605,14,44,183.5731072
7/8/2011 6:00,4,3,38.75349503,148.7438111,33.95451006,13,140,275.4878094
7/8/2011 7:00,2,3,15.80618086,111.2778028,31.60263205,47,94,306.823098
7/8/2011 8:00,3,2,31.12145798,139.2646585,44.01953875,7,129,275.1640216
7/8/2011 9:00,3,4,20.76056079,141.6219792,22.8122406,8,93,200.6255645
7/8/2011 10:00,1,4,,,,39,30,172.7194679
7/8/2011 11:00,3,3,23.51207189,138.3248053,30.20964265,10,27,150.6640496
7/8/2011 12:00,2,4,34.85721914,131.0912454,48.56503354,43,72,228.7587838
7/8/2011 13:00,4,3,29.04056823,95.54119736,2.138862972,45,58,212.8175863
7/8/2011 14:00,1,3,33.7612626,136.5917615,12.2370544,17,138,247.182738
7/8/2011 15:00,2,2,20.78973634,123.6842496,16.09481594,31,162,326.9221423
7/8/2011 16:00,4,4,,,,43,48,202.5170144
7/8/2011 17:00,1,2,31.52007886,159.9787686,16.50738905,35,171,302.6061686
7/8/2011 18:00,3,3,14.90308405,82.77242389,14.83349353,44,185,368.6995227
7/8/2011 19:00,2,3,23.93248566,103.5512905,33.67270565,20,178,348.5449729
7/8/2011 20:00,4,3,,,,26,117,260.7162378
7/8/2011 21:00,1,1,,,,47,16,241.504971
7/8/2011 22:00,1,1,21.15199805,110.6837195,20.59123839,41,125,357.5010221
7/8/2011 23:00,3,1,29.31690768,162.5029595,19.37348921,20,131,290.9171184
7/9/2011 0:00,4,2,16.91044988,113.5808736,18.92426664,10,160,280.9210966
7/9/2011 1:00,3,3,30.66538271,133.9838731,7.351123966,43,189,365.0290209
7/9/2011 2:00,3,4,,,,49,80,217.20211
7/9/2011 3:00,4,2,,,,33,105,236.7544732
7/9/2011 4:00,4,2,26.23668306,165.7960754,20.74311937,4,199,277.4046784
7/9/2011 5:00,4,2,15.93245321,108.1864406,29.69020775,27,89,222.0063659
7/9/2011 6:00,2,4,32.25488184,151.9758517,10.50761557,9,170,266.8596624
7/9/2011 7:00,4,3,17.32670786,170.6385045,6.343983148,47,83,273.5319181
7/9/2011 8:00,1,1,29.14745461,128.6793831,45.00220202,11,41,154.3103984
7/9/2011 9:00,3,3,,,,40,178,351.0587226
7/9/2011 10:00,2,3,,,,2,165,314.1721986
7/9/2011 11:00,4,2,,,,0,170,329.850191
7/9/2011 12:00,2,2,24.1180649,92.54301754,38.23040996,36,47,197.0820874
7/9/2011 13:00,4,2,11.27980513,117.6832465,40.24625529,39,41,213.9788454
7/9/2011 14:00,2,1,,,,48,184,366.909654
7/9/2011 15:00,3,1,12.6505961,116.5089395,7.060862948,0,53,215.7722308
7/9/2011 16:00,3,1,32.68252101,154.1246363,49.37845049,12,96,256.0911039
7/9/2011 17:00,1,3,37.6196936,456.0977619,189.3431797,37,144,344.6595752
7/9/2011 18:00,1,2,35.61803941,112.9520652,11.7167571,14,178,266.5945376
7/9/2011 19:00,4,4,14.03085389,131.0499361,40.82107577,6,136,246.5807986
7/9/2011 20:00,3,3,23.31555093,109.9370436,21.53281545,29,7,191.4382734
7/9/2011 21:00,2,1,28.5220483,105.2502479,33.37542939,23,190,354.8796548
7/9/2011 22:00,2,4,,,,7,111,238.6820565
7/9/2011 23:00,2,4,21.41245522,119.7378,26.74031017,2,109,221.1867413
7/10/2011 0:00,1,2,21.76622581,106.7668531,7.978675493,14,183,345.043581
7/10/2011 1:00,2,4,22.64964991,78.98953508,26.89371919,35,69,168.9705313
7/10/2011 2:00,1,1,21.2138615,130.9394462,13.14024263,40,136,324.0983696
7/10/2011 3:00,1,2,21.07008799,155.3891202,22.55059817,42,110,279.0280646
7/10/2011 4:00,4,4,,,,13,110,232.6170055
7/10/2011 5:00,2,2,15.85011061,105.5048929,42.77705823,26,4,169.3301844
7/10/2011 6:00,2,4,41.21128041,131.2654122,9.362256081,29,71,212.6502431
7/10/2011 7:00,3,3,,,,40,63,228.0770278
7/10/2011 8:00,4,3,18.56047698,121.4578266,19.6142885,43,179,344.7938339
7/10/2011 9:00,3,1,24.16948692,167.2549711,43.01841276,36,34,216.4918397
7/10/2011 10:00,4,3,34.62331077,156.4952627,26.50618946,5,59,192.9061226
7/10/2011 11:00,2,3,9.872713637,100.2853367,43.95870709,18,88,172.8317964
7/10/2011 12:00,1,3,31.82385771,101.5903354,33.90979868,36,99,217.3172818
7/10/2011 13:00,1,4,25.08204897,101.5601891,25.41481602,0,38,129.5298117
7/10/2011 14:00,1,4,13.39718295,92.35638665,16.08121917,24,112,273.7258316
7/10/2011 15:00,1,2,33.87776231,160.9129434,49.09552018,9,133,282.7097502
7/10/2011 16:00,1,4,,,,45,87,306.089571
7/10/2011 17:00,3,3,22.24179288,91.44746621,19.60543741,25,118,236.520613
7/10/2011 18:00,4,4,33.49284827,132.5380385,9.679326357,22,148,333.2057763
7/10/2011 19:00,2,1,30.60380181,137.1465959,39.68174242,16,163,244.7664812
7/10/2011 20:00,3,2,37.1444376,119.9264596,50.3083024,29,17,170.4102259
7/10/2011 21:00,4,2,26.70135694,131.8158892,14.17294653,26,111,268.2082272
7/10/2011 22:00,1,4,31.97344164,157.1401579,45.34178086,10,0,141.074463
7/10/2011 23:00,4,3,36.41828104,93.50245738,7.026877087,3,16,133.5135119
7/11/2011 0:00,4,2,11.01867565,96.65201163,49.41892104,17,196,340.3128594
7/11/2011 1:00,1,1,35.41634547,81.91966413,38.31396453,18,120,224.6940108
7/11/2011 2:00,1,1,30.19807004,118.7620785,17.11123913,35,113,297.6800409
7/11/2011 3:00,1,2,13.66778706,117.8447386,16.64210433,43,133,307.1934997
7/11/2011 4:00,2,3,24.07556032,114.2795402,32.43087994,45,57,236.5413717
7/11/2011 5:00,1,3,,,,49,172,336.2784501
7/11/2011 6:00,2,4,30.57752695,144.8872114,46.17447095,25,71,209.7841221
7/11/2011 7:00,1,4,26.51209583,119.9487576,39.25521036,0,122,261.3399966
7/11/2011 8:00,2,2,,,,19,123,313.2718363
7/11/2011 9:00,4,4,47.10869275,510.4814766,191.0644589,10,47,138.7382313
7/11/2011 10:00,3,4,120.9280883,541.6150116,117.8283389,24,177,281.1995941
7/11/2011 11:00,4,4,16.36542383,101.3876527,43.57854186,18,55,204.4823863
7/11/2011 12:00,4,1,27.55906081,102.2490987,43.00528113,31,136,280.504744
7/11/2011 13:00,1,4,,,,0,189,316.1684316
7/11/2011 14:00,2,2,32.19751266,92.54070226,4.237735376,0,120,242.7060831
7/11/2011 15:00,3,3,36.74923558,108.7131608,29.00880365,2,30,174.0545399
7/11/2011 16:00,1,4,151.2325185,403.6617652,102.6341797,45,64,223.7838444
7/11/2011 17:00,1,3,13.86360058,113.3463503,26.10113514,39,104,230.0968743
7/11/2011 18:00,1,4,23.23367297,99.71150986,22.78877166,31,60,190.6220821
7/11/2011 19:00,4,2,32.8918201,118.5237703,42.97778788,46,137,301.4786164
7/11/2011 20:00,2,1,97.32632651,499.6115629,71.40564551,35,180,300.6175093
7/11/2011 21:00,2,2,14.86086245,152.4681746,23.24287956,42,125,289.1354558
7/11/2011 22:00,3,1,25.53277357,161.44824,10.30560133,7,191,323.0381546
7/11/2011 23:00,2,4,22.83649888,80.39135237,13.69441109,29,191,332.4558411
7/12/2011 0:00,2,4,,,,38,177,344.4410395
7/12/2011 1:00,1,1,32.23997349,148.3879066,5.32910621,33,192,299.7104367
7/12/2011 2:00,1,2,21.98831806,136.8380113,8.966513514,7,76,177.517675
7/12/2011 3:00,4,2,6.367667024,111.8983921,25.16863872,24,141,253.8066419
7/12/2011 4:00,1,1,14.23629082,105.8026188,3.838562908,25,22,196.4577062
7/12/2011 5:00,1,4,34.27252991,105.4830586,4.924160843,26,126,344.221312
7/12/2011 6:00,1,1,38.53388232,117.7137325,44.07407432,18,155,269.5861848
7/12/2011 7:00,1,4,29.62772952,103.415982,43.68131954,22,92,229.9278776
7/12/2011 8:00,4,1,22.81395708,169.2295922,17.65471415,40,57,199.1566324
7/12/2011 9:00,1,4,32.0717605,98.87580362,17.28861792,15,167,311.5706241
7/12/2011 10:00,3,1,29.42842262,157.2631145,47.61850491,7,191,302.6559571
7/12/2011 11:00,3,3,34.69487419,150.7447407,1.846173865,29,96,256.3659548
7/12/2011 12:00,3,4,,,,7,129,278.8076914
7/12/2011 13:00,3,2,24.38869702,141.590342,27.79318097,10,170,266.1164715
7/12/2011 14:00,1,1,22.14644884,139.342611,39.02167748,6,11,147.9509682
7/12/2011 15:00,3,2,16.67956242,104.8307942,48.70064617,20,103,191.9581696
7/12/2011 16:00,1,1,,,,33,91,239.0581353
7/12/2011 17:00,4,2,35.40872863,133.1164211,23.18847656,20,34,167.0180379
7/12/2011 18:00,3,2,35.02616971,133.0044381,34.36715115,4,73,192.8286279
7/12/2011 19:00,2,1,29.79946633,120.2160466,48.76908438,49,110,272.315207
7/12/2011 20:00,3,1,25.68239868,123.2219496,44.78022475,42,107,256.8034807
7/12/2011 21:00,3,2,,,,16,120,250.6520951
7/12/2011 22:00,1,2,8.140089114,121.0350121,44.91484742,20,196,345.7439498
7/12/2011 23:00,3,2,19.66620399,121.7286769,5.294102449,5,190,325.5617863
7/13/2011 0:00,2,4,24.19242803,130.3177171,19.47575894,44,168,338.004294
7/13/2011 1:00,1,4,29.45003837,155.51074,1.724126773,6,63,174.3146269
7/13/2011 2:00,1,3,8.330894327,134.1626905,10.23152961,10,17,181.9068776
7/13/2011 3:00,4,4,33.35568786,136.6754535,32.47222373,17,197,382.2316517
7/13/2011 4:00,4,4,21.45548892,119.8588173,44.06072057,37,138,258.7927833
7/13/2011 5:00,3,1,32.48324238,129.3323977,33.95531659,11,64,202.3474935
7/13/2011 6:00,4,3,21.49404588,127.7546497,33.98572067,21,150,279.3493594
7/13/2011 7:00,4,3,7.718909848,91.05779853,7.732150582,2,3,155.1357501
7/13/2011 8:00,4,4,35.02636015,162.859555,33.95407764,18,6,145.9641661
7/13/2011 9:00,1,1,31.01046858,83.48457244,22.99998789,42,168,333.9115068
7/13/2011 10:00,1,1,24.82675467,110.5292751,34.47849395,22,176,335.1393719
7/13/2011 11:00,1,3,27.67094844,95.05272827,17.13425486,33,144,290.3383298
7/13/2011 12:00,4,1,13.34237986,97.88497733,29.7252061,2,74,248.5630848
7/13/2011 13:00,1,2,32.35515989,152.124858,20.52013631,22,54,213.5049909
7/13/2011 14:00,4,4,33.99191669,120.4129114,29.10943687,48,121,319.135163
7/13/2011 15:00,1,2,12.16311273,140.0085782,7.374628729,4,26,145.544402
7/13/2011 16:00,1,3,14.1036121,103.3427453,19.85886944,28,139,285.4495244
7/13/2011 17:00,2,3,36.03309759,113.5221079,18.73483483,33,174,353.458057
7/13/2011 18:00,3,1,,,,43,161,347.4188889
7/13/2011 19:00,4,1,131.4145192,449.253431,140.9976527,4,135,223.5974671
7/13/2011 20:00,2,3,25.53745137,148.1410182,45.74071639,28,115,268.8605959
7/13/2011 21:00,1,3,,,,44,22,202.220844
7/13/2011 22:00,4,2,23.27283743,109.7170792,14.99335238,23,25,166.0707671
7/13/2011 23:00,1,2,98.50482646,538.067318,163.7857719,38,161,332.3216857
7/14/2011 0:00,3,1,10.21499156,92.99087483,24.72508733,20,159,298.2880969
7/14/2011 1:00,2,2,,,,31,5,90.49945431
7/14/2011 2:00,3,1,32.24737395,111.8864115,39.5291105,42,192,316.5492904
7/14/2011 3:00,2,1,,,,4,120,275.0996103
7/14/2011 4:00,1,4,31.63874429,103.8860887,10.17706606,17,58,189.4927062
7/14/2011 5:00,3,1,16.1031925,85.31347177,37.96224844,37,177,341.4888728
7/14/2011 6:00,3,2,8.893280221,148.8033494,38.48125521,34,195,350.6624607
7/14/2011 7:00,1,3,32.66660444,130.57666,38.92610084,37,7,140.9872305
7/14/2011 8:00,3,3,,,,15,39,161.7078327
7/14/2011 9:00,4,2,18.23334342,126.2917075,43.63375104,34,173,338.5626713
7/14/2011 10:00,2,3,,,,49,83,266.5980639
7/14/2011 11:00,2,1,,,,23,160,370.2944497
7/14/2011 12:00,2,3,18.08088913,160.2056172,35.75111851,35,57,199.2838787
7/14/2011 13:00,4,2,,,,4,115,290.7092901
7/14/2011 14:00,2,3,38.17742819,113.0005987,5.468088944,8,130,233.751633
7/14/2011 15:00,1,1,,,,3,78,217.1960422
7/14/2011 16:00,3,1,37.86291822,143.0376919,33.49981017,32,154,312.8481647
7/14/2011 17:00,4,2,34.41697038,160.5947427,15.01524774,26,64,207.7099621
7/14/2011 18:00,2,2,26.75753838,119.5470513,36.84715476,21,56,198.2901105
7/14/2011 19:00,1,2,13.94145644,97.75923317,27.27708475,10,162,274.7553426
7/14/2011 20:00,3,4,150.1704851,332.3373953,116.8500285,4,179,331.5248501
7/14/2011 21:00,3,4,17.89799162,146.0962565,17.76715997,9,178,283.1031762
7/14/2011 22:00,4,1,,,,2,16,148.8813119
7/14/2011 23:00,4,4,16.7685201,99.81773945,11.27977677,14,51,209.005184
7/15/2011 0:00,4,4,24.24806345,153.2468788,39.56548126,45,175,382.8294195
7/15/2011 1:00,1,3,17.75260329,98.45322445,15.29010128,36,57,243.4302963
7/15/2011 2:00,1,4,16.81228751,132.1425883,0.322537307,39,75,252.423974
7/15/2011 3:00,4,3,21.44600196,126.609122,52.21091877,16,102,220.0930031
7/15/2011 4:00,2,2,33.38563311,78.24201816,10.81772953,19,25,141.6255717
7/15/2011 5:00,3,3,27.68527458,118.8088361,34.06928635,3,26,116.015317
7/15/2011 6:00,3,3,33.98703313,96.33965208,48.75069753,33,23,140.1185666
7/15/2011 7:00,1,2,13.20394837,134.329235,30.59727831,33,80,234.0782557
7/15/2011 8:00,3,2,11.34163406,122.3315339,39.0432249,30,138,267.2717119
7/15/2011 9:00,2,1,110.7293255,308.9489237,202.9876949,33,85,275.044811
7/15/2011 10:00,3,1,22.94294276,161.075507,42.87267639,2,135,240.6730163
7/15/2011 11:00,1,1,29.49931927,111.9340142,28.0886734,27,175,325.8433542
7/15/2011 12:00,1,1,34.94050991,103.7917094,20.63686997,40,31,184.050174
7/15/2011 13:00,2,3,32.78645347,97.33501385,23.35791884,36,28,142.847565
7/15/2011 14:00,2,3,,,,28,105,286.6203071
7/15/2011 15:00,3,1,20.7357825,163.8444944,42.25054387,14,95,250.7753318
7/15/2011 16:00,3,4,16.38724481,106.6935352,42.43940092,35,120,300.200312
7/15/2011 17:00,1,1,28.24682483,107.566193,31.06069642,34,103,275.7068223
7/15/2011 18:00,2,4,12.73906614,145.4843799,24.62281477,40,132,270.0476377
7/15/2011 19:00,2,2,16.89292789,139.247776,15.79841681,9,176,283.604479
7/15/2011 20:00,2,3,13.41020806,110.43285,-0.027551479,16,140,290.3393295
7/15/2011 21:00,3,3,18.16027861,157.2456942,38.98712832,29,127,323.0410327
7/15/2011 22:00,2,4,13.81797618,136.955711,16.00753965,7,88,227.3065511
7/15/2011 23:00,1,1,11.2561402,93.28482008,16.0273053,22,41,213.0549161
7/16/2011 0:00,1,3,29.98965514,129.6868012,44.52912696,18,9,131.8984705
7/16/2011 1:00,3,4,27.18235276,155.0661896,4.255767879,36,153,342.5838856
7/16/2011 2:00,4,2,33.18828332,118.76754,48.19443266,42,25,175.0380174
7/16/2011 3:00,3,2,27.96091765,147.5171315,0.82232206,35,150,312.8005513
7/16/2011 4:00,4,3,14.45443255,160.9292987,48.57383136,3,171,283.5846375
7/16/2011 5:00,2,1,17.76114635,146.8005895,22.17268372,25,75,247.2178459
7/16/2011 6:00,3,4,11.77666731,92.53214729,4.882286034,46,38,231.5997039
7/16/2011 7:00,1,3,,,,39,170,285.1870884
7/16/2011 8:00,2,2,32.32211037,135.1687224,45.52380943,26,51,237.2231257
7/16/2011 9:00,1,1,15.85151625,96.75495409,22.18840462,12,122,325.7301294
7/16/2011 10:00,2,4,19.48485881,159.9995742,32.50299601,43,57,209.7515294
7/16/2011 11:00,3,3,38.00124569,110.7876753,48.96895339,33,75,224.5811121
7/16/2011 12:00,4,4,31.66850435,129.5088363,11.29919772,32,99,288.5416957
7/16/2011 13:00,2,1,35.46500082,145.5274522,41.94561139,45,159,326.3354613
7/16/2011 14:00,4,1,80.04647964,433.3382312,61.66426452,25,17,162.1868374
7/16/2011 15:00,2,2,15.57953611,112.101025,21.12143227,19,41,237.188751
7/16/2011 16:00,1,1,34.5849753,89.50497304,17.16147345,7,1,87.62438964
7/16/2011 17:00,1,3,30.6613722,134.1732183,23.76556911,15,187,298.5580193
7/16/2011 18:00,2,4,29.52251256,151.6760687,1.732099975,4,32,168.7352051
7/16/2011 19:00,4,1,25.00769346,131.8399918,17.7972777,33,173,277.5877728
7/16/2011 20:00,3,1,,,,46,58,212.9574236
7/16/2011 21:00,3,3,24.75340473,92.27035962,31.26178256,26,99,233.6563121
7/16/2011 22:00,1,4,17.54017291,153.5391986,31.40367951,35,184,367.9480708
7/16/2011 23:00,3,4,18.61673276,159.5202441,30.57531944,3,189,332.8540157
7/17/2011 0:00,1,2,38.34373728,109.2181172,13.00990475,41,190,300.5451689
7/17/2011 1:00,3,2,18.31179644,143.5411888,47.71032327,49,72,220.2218412
7/17/2011 2:00,2,4,23.00989115,112.9185298,17.84582393,6,158,263.2874014
7/17/2011 3:00,1,3,29.97276603,126.609619,11.35463874,36,166,315.4653554
7/17/2011 4:00,1,3,36.89499119,161.5167522,28.99871394,35,84,206.0097511
7/17/2011 5:00,2,2,22.98875389,86.82168531,38.1429092,23,21,177.4591335
7/17/2011 6:00,1,1,22.39853815,128.3679561,1.960454536,14,16,129.057605
7/17/2011 7:00,3,3,36.16702573,95.35707274,16.19602516,49,130,316.5153904
7/17/2011 8:00,3,1,31.5542846,108.5168257,41.51651435,48,31,198.7446136
7/17/2011 9:00,1,3,30.95876478,133.5800572,28.56655966,5,32,127.6114887
7/17/2011 10:00,3,4,20.12540407,83.07792469,21.04043646,25,191,377.4255574
7/17/2011 11:00,4,2,20.07313499,141.6755047,47.90579073,25,9,196.2825261
7/17/2011 12:00,1,1,28.24258423,102.9815602,4.274423637,24,4,156.4345688
7/17/2011 13:00,2,1,36.22114704,138.3128687,32.80366255,32,67,211.5214986
7/17/2011 14:00,4,4,35.44746888,83.4822581,18.55492252,2,165,254.9823697
7/17/2011 15:00,1,3,13.0084691,142.8067528,5.413528904,8,101,260.7780177
7/17/2011 16:00,2,1,,,,36,168,348.2972586
7/17/2011 17:00,3,3,22.28811589,156.8169265,30.5443952,37,72,204.1716437
7/17/2011 18:00,2,4,38.52028336,142.0878683,2.269080078,29,188,315.9605829
7/17/2011 19:00,4,2,27.07542767,104.189782,28.31053424,26,142,301.2460153
7/17/2011 20:00,3,1,19.38584433,83.983018,47.90024119,12,51,147.2485188
7/17/2011 21:00,1,3,9.872677515,137.741528,40.33638191,22,7,129.7146619
7/17/2011 22:00,3,1,28.0596014,139.9597181,20.05140178,2,183,273.2417016
7/17/2011 23:00,1,3,11.25385474,81.94898092,7.621603647,22,97,208.1820617
7/18/2011 0:00,1,3,33.43926412,87.17185092,23.78147159,34,29,160.8035511
7/18/2011 1:00,2,3,132.9648393,441.1050044,82.12913088,23,73,242.559008
7/18/2011 2:00,2,4,21.62094154,155.5517577,47.63760599,36,77,179.71588
7/18/2011 3:00,2,2,22.3350747,156.5121667,49.96440642,11,123,266.3301874
7/18/2011 4:00,4,1,142.2651988,327.3797021,86.41514482,19,161,307.0374571
7/18/2011 5:00,4,2,20.06636091,116.226859,6.857744076,17,186,351.3227217
7/18/2011 6:00,2,3,14.98831022,87.33438482,44.72849526,6,183,315.9572437
7/18/2011 7:00,4,3,38.46763356,119.2876382,39.58256003,25,140,272.8539532
7/18/2011 8:00,3,2,30.57849988,137.2534176,26.00795507,11,178,283.7331936
7/18/2011 9:00,3,2,,,,33,58,239.8781817
7/18/2011 10:00,4,1,16.03172344,109.2547262,21.73993401,47,61,242.0476137
7/18/2011 11:00,4,3,13.89090503,90.31643799,45.7589777,31,28,163.3184347
7/18/2011 12:00,3,2,,,,29,92,267.3531831
7/18/2011 13:00,1,4,71.25531783,564.8115349,167.8892621,1,61,167.6828055
7/18/2011 14:00,3,3,29.67038087,102.3110748,0.723419952,7,134,260.0042102
7/18/2011 15:00,3,3,15.4956283,108.9125719,47.00014584,32,171,303.8712628
7/18/2011 16:00,4,1,32.72464132,140.5855295,25.19367122,45,133,312.9943327
7/18/2011 17:00,3,4,17.94387802,140.3047627,10.52403004,41,61,191.1266303
7/18/2011 18:00,4,1,89.71717555,530.1412037,6.364953172,29,67,205.9679991
7/18/2011 19:00,4,4,36.32017532,109.4707622,28.70443686,44,197,340.2623289
7/18/2011 20:00,2,1,75.52819293,441.7273867,51.26671647,41,16,183.7835775
7/18/2011 21:00,3,4,20.09786021,115.0180253,30.3576979,44,176,350.5001262
7/18/2011 22:00,1,4,13.15311929,159.8120054,13.68280278,27,151,263.6939246
7/18/2011 23:00,2,4,13.61366163,139.5320455,6.785143258,12,139,281.9849516
7/19/2011 0:00,4,2,23.40458655,148.8606837,24.10715152,23,56,153.4635596
7/19/2011 1:00,4,3,22.51260371,92.47593193,28.33306188,32,156,372.4977012
7/19/2011 2:00,1,4,27.40180792,148.3084348,22.97699452,4,87,194.3675527
7/19/2011 3:00,4,2,,,,47,61,258.1627972
7/19/2011 4:00,3,2,25.61980842,86.53508516,28.34400223,5,97,226.6931953
7/19/2011 5:00,2,1,10.27941206,75.45882312,26.85427318,3,77,205.8852886
7/19/2011 6:00,4,3,23.90958422,141.3635232,5.302916766,41,26,150.6224196
7/19/2011 7:00,4,3,8.41856991,118.5432481,10.30537788,42,132,317.8810708
7/19/2011 8:00,1,1,32.71064478,148.1700064,6.794479559,33,39,192.0104604
7/19/2011 9:00,3,3,,,,28,174,334.6284324
7/19/2011 10:00,4,1,16.09140411,78.37430007,27.61955607,20,136,271.7760011
7/19/2011 11:00,1,2,31.97280309,126.2904757,21.60806571,25,143,290.3719056
7/19/2011 12:00,4,2,31.8381523,92.76269796,40.74631735,31,12,134.8286427
7/19/2011 13:00,1,4,142.0377483,403.6305964,70.49734894,21,181,315.8302288
7/19/2011 14:00,1,1,17.296816,129.2398217,30.03043386,40,142,287.7934493
7/19/2011 15:00,3,2,25.47290031,146.0433999,2.861161862,13,152,262.196148
7/19/2011 16:00,4,2,35.87800557,113.8247359,38.48737605,33,143,298.3722084
7/19/2011 17:00,3,1,18.81045301,145.6107178,35.12376435,36,43,208.211191
7/19/2011 18:00,1,2,32.95631057,139.7584985,40.08812203,43,115,283.8058826
7/19/2011 19:00,2,3,6.403158921,116.8311354,43.41594152,0,117,232.1880324
7/19/2011 20:00,4,2,,,,31,94,255.5622558
7/19/2011 21:00,2,1,27.53167767,148.8632023,41.64086305,31,46,202.4670323
7/19/2011 22:00,4,3,27.37432941,89.02353264,18.13984424,23,160,304.1010378
7/19/2011 23:00,3,3,33.77802725,153.3645141,19.43882007,43,83,249.1328619
7/20/2011 0:00,3,2,37.53832753,139.3615395,48.53991953,20,153,326.6115246
7/20/2011 1:00,3,4,,,,11,39,131.9423256
7/20/2011 2:00,3,3,12.7826278,160.9635542,27.03884876,19,70,197.5097389
7/20/2011 3:00,3,1,34.30232003,92.60786029,19.42954444,36,172,336.1859478
7/20/2011 4:00,2,4,13.39726432,157.8569304,42.49155584,19,105,194.531712
7/20/2011 5:00,3,4,25.87558458,99.76162748,16.27124886,1,94,254.4643971
7/20/2011 6:00,1,3,23.02392871,140.6039589,9.754966333,13,170,308.6044664
7/20/2011 7:00,1,2,12.391259,120.0490873,31.69481614,16,199,361.6400446
7/20/2011 8:00,2,4,19.99582017,138.2257076,3.572980156,23,22,196.4989036
7/20/2011 9:00,4,2,23.34694985,92.15368606,20.30623789,29,46,205.2526847
7/20/2011 10:00,1,3,35.65340479,101.582355,41.78430114,14,43,107.8743293
7/20/2011 11:00,4,1,25.96691548,84.50710067,13.82152821,48,81,251.2560048
7/20/2011 12:00,2,4,28.53854446,155.7584306,47.422703,33,169,326.1548173
7/20/2011 13:00,4,1,,,,7,11,103.165233
7/20/2011 14:00,4,2,78.64347662,495.8941129,173.5014154,41,93,198.0540519
7/20/2011 15:00,4,2,11.62794908,148.3186012,48.04942652,2,163,296.5673487
7/20/2011 16:00,4,1,23.44888355,147.9810571,27.23119289,10,78,168.2145675
7/20/2011 17:00,2,3,,,,26,140,345.5057961
7/20/2011 18:00,1,3,,,,8,80,213.5303946
7/20/2011 19:00,3,4,20.93283839,103.3007723,24.07492823,14,192,364.1546181
7/20/2011 20:00,4,4,20.75983927,133.805436,18.82918069,31,119,268.5171531
7/20/2011 21:00,1,3,,,,10,100,250.1013947
7/20/2011 22:00,1,3,,,,2,112,233.1261206
7/20/2011 23:00,2,1,24.962036,91.36220817,38.05166078,25,26,198.6683576
7/21/2011 0:00,1,2,10.70952973,127.790555,33.89468584,6,147,209.3241738
7/21/2011 1:00,2,2,37.26189774,116.7821251,36.56452977,27,17,188.0915215
7/21/2011 2:00,4,4,11.63301744,154.6434886,35.16372204,38,63,238.4829606
7/21/2011 3:00,4,3,35.724585,105.9329029,24.31344711,3,8,123.7684298
7/21/2011 4:00,3,1,10.33020072,159.9176095,7.094967403,29,117,251.0910009
7/21/2011 5:00,3,4,,,,37,122,267.3657821
7/21/2011 6:00,3,1,10.7899002,161.5052621,0.857916131,13,24,162.794785
7/21/2011 7:00,1,3,28.81426646,134.9982616,50.16681114,35,112,300.7058775
7/21/2011 8:00,4,3,20.47723406,143.4820284,42.15072891,30,128,259.2319352
7/21/2011 9:00,2,3,31.83558168,92.51972426,33.31070288,18,58,142.1775078
7/21/2011 10:00,3,2,16.668051,131.5311911,49.28765059,48,163,402.7408534
7/21/2011 11:00,2,3,10.7512228,94.71315759,31.40140813,11,17,165.3235585
7/21/2011 12:00,2,4,30.52285046,98.85115748,3.02211755,48,46,199.412865
7/21/2011 13:00,3,2,,,,14,78,244.7875012
7/21/2011 14:00,4,1,38.78070068,139.1414818,14.68486523,8,160,313.1057972
7/21/2011 15:00,3,4,8.6362127,79.12430813,19.55880262,26,21,178.8363261
7/21/2011 16:00,2,4,21.17539094,129.5592482,23.34224706,19,87,208.7291732
7/21/2011 17:00,3,1,131.2382372,408.1971431,165.0516445,27,64,228.033263
7/21/2011 18:00,2,2,,,,24,138,311.6732099
7/21/2011 19:00,2,4,14.62856229,117.6877459,22.2379393,15,106,186.3571153
7/21/2011 20:00,3,4,33.48916984,123.0495679,13.99052839,17,153,293.6669932
7/21/2011 21:00,1,4,32.97294823,77.42184507,28.46668371,49,89,263.8502556
7/21/2011 22:00,3,2,31.6991413,144.0731394,12.46670033,35,197,356.8601196
7/21/2011 23:00,1,2,18.59119592,126.3718077,13.50667583,3,190,311.2361578
7/22/2011 0:00,2,2,22.43101044,154.619764,39.29081863,20,37,209.4056654
7/22/2011 1:00,2,4,20.20798021,105.2539071,17.41414657,26,125,261.4567835
7/22/2011 2:00,1,3,10.81418674,148.8866944,2.896856648,0,48,164.6855408
7/22/2011 3:00,2,1,,,,4,104,234.2118709
7/22/2011 4:00,1,3,19.59499478,112.6684833,32.58765075,43,144,298.3726271
7/22/2011 5:00,1,2,21.4752554,82.69709528,41.57320442,45,56,176.1074712
7/22/2011 6:00,2,4,22.80519531,143.1033821,47.80784789,9,13,145.0842007
7/22/2011 7:00,4,4,34.39392496,136.8732281,36.67274744,49,82,254.3967756
7/22/2011 8:00,1,3,37.59266601,85.07364671,24.35009874,20,7,132.6509112
7/22/2011 9:00,3,3,30.21335368,82.15553151,15.14994326,9,183,304.6091899
7/22/2011 10:00,3,1,22.72166119,98.76851859,6.078203201,25,22,68.15529852
7/22/2011 11:00,2,4,31.40178219,96.0615325,32.36752737,15,43,210.77635
7/22/2011 12:00,4,3,26.57779426,137.7303756,25.71919385,37,65,245.527831
7/22/2011 13:00,2,1,,,,2,2,80.3347421
7/22/2011 14:00,4,2,9.784456559,160.1734509,12.62114008,19,180,295.1784064
7/22/2011 15:00,1,3,6.72192099,153.2129698,15.60401722,46,140,345.8708054
7/22/2011 16:00,1,2,21.82583708,137.9224106,16.45264944,4,68,153.7423796
7/22/2011 17:00,1,1,,,,5,81,216.7143905
7/22/2011 18:00,1,2,18.03850389,111.0777902,8.55742223,24,0,125.5728523
7/22/2011 19:00,3,4,19.70855342,122.6608031,30.80270764,24,20,172.6103319
7/22/2011 20:00,3,4,35.82962794,119.0898365,3.745708294,11,82,210.7829275
7/22/2011 21:00,2,2,32.31603583,123.7208845,27.93744255,0,55,162.75454
7/22/2011 22:00,4,4,34.34856025,156.1638352,5.592653449,41,101,269.8798538
7/22/2011 23:00,1,1,18.95961077,155.471945,10.19547578,2,129,232.4054793
7/23/2011 0:00,1,4,9.254832354,86.20437304,6.406281482,20,30,112.6426006
7/23/2011 1:00,4,2,9.174190832,105.4321003,16.67075567,4,140,232.3106052
7/23/2011 2:00,4,2,10.2169786,150.004326,17.30992244,14,13,111.6791957
7/23/2011 3:00,2,2,,,,3,75,145.9640555
7/23/2011 4:00,4,3,22.08191598,108.6101809,10.72209186,18,184,329.1423026
7/23/2011 5:00,1,2,10.99102651,136.292046,5.877453889,16,12,138.8499649
7/23/2011 6:00,1,1,10.9283646,140.9111095,29.46894499,7,87,220.6238573
7/23/2011 7:00,1,4,15.561308,119.6376028,33.99495352,36,94,261.6008204
7/23/2011 8:00,1,4,29.13775019,95.61122769,14.4389585,23,141,302.6449939
7/23/2011 9:00,1,3,,,,3,113,244.1312248
7/23/2011 10:00,2,3,22.99446866,133.3264254,38.254483,23,93,202.5079531
7/23/2011 11:00,1,1,16.64450005,92.0225089,15.838526,18,154,305.2546099
7/23/2011 12:00,2,2,20.56320283,129.5934013,27.61562619,23,99,244.4956141
7/23/2011 13:00,1,3,10.11446256,137.7103796,7.142287441,40,69,290.5172379
7/23/2011 14:00,3,4,58.16309472,526.8634801,1.509789967,44,125,285.024262
7/23/2011 15:00,3,3,38.30090611,100.2155532,48.56999265,20,117,264.2463175
7/23/2011 16:00,3,3,37.99137789,165.0705608,16.96070506,16,126,254.8871624
7/23/2011 17:00,3,2,28.84284195,85.55814096,13.54599131,7,187,311.1714078
7/23/2011 18:00,2,3,33.99127369,136.0278158,48.78876117,30,69,214.1187279
7/23/2011 19:00,2,1,24.971375,131.3170766,36.21430677,18,142,262.6110124
7/23/2011 20:00,4,4,7.985561558,108.0182764,28.27766003,10,55,185.9429153
7/23/2011 21:00,1,2,37.77093447,121.1457056,34.47670303,45,87,266.2476995
7/23/2011 22:00,3,4,8.955052324,148.3782046,34.44741378,49,189,340.9822613
7/23/2011 23:00,2,1,,,,22,12,174.6072306
7/24/2011 0:00,1,1,12.31550904,117.046167,3.707607211,36,134,306.941907
7/24/2011 1:00,1,3,17.61693656,85.47740457,23.36851126,27,108,224.0772895
7/24/2011 2:00,2,3,28.81336486,83.48461226,14.29602971,22,148,256.5470201
7/24/2011 3:00,3,3,,,,11,101,240.8748635
7/24/2011 4:00,4,4,14.81680766,148.5484246,22.40691883,15,101,213.7767324
7/24/2011 5:00,1,1,,,,15,141,240.0040259
7/24/2011 6:00,4,2,,,,13,2,181.8548029
7/24/2011 7:00,3,3,36.09754524,76.28594435,14.37680738,6,62,154.3305818
7/24/2011 8:00,3,4,33.30762352,139.5587906,33.94461161,20,170,259.5850693
7/24/2011 9:00,4,3,23.66958171,76.71757148,29.13663022,20,108,219.75465
7/24/2011 10:00,3,1,13.04452962,130.120555,43.24717787,40,11,173.1874113
7/24/2011 11:00,1,2,30.06510999,112.720592,40.93993394,34,54,205.4170365
7/24/2011 12:00,4,1,13.29228286,85.2504696,48.49380188,45,186,402.7993808
7/24/2011 13:00,3,4,12.69402537,123.4450103,28.92955129,23,117,232.1036881
7/24/2011 14:00,4,3,17.96908875,99.91428012,35.19464995,0,147,269.2126623
7/24/2011 15:00,1,1,37.08064392,132.9886249,42.4821261,13,123,284.9551253
7/24/2011 16:00,3,4,13.6188193,127.9301691,39.22326291,19,90,204.3024667
7/24/2011 17:00,1,3,11.99503276,142.8078268,35.29002459,27,68,231.1571469
7/24/2011 18:00,3,2,20.27974083,151.0295841,24.71313154,17,172,249.0527611
7/24/2011 19:00,2,1,16.71086566,112.1585922,12.73435591,2,54,223.7529988
7/24/2011 20:00,3,3,,,,26,186,356.805559
7/24/2011 21:00,4,3,20.78578959,139.532912,38.28082585,5,74,173.5150347
7/24/2011 22:00,3,3,23.7337758,120.0959706,42.60583849,3,59,201.8022715
7/24/2011 23:00,1,3,13.92152791,86.99398307,6.033232825,0,188,342.2756737
7/25/2011 0:00,1,1,15.52799172,141.4072744,16.87491334,20,41,137.1925727
7/25/2011 1:00,3,3,33.20550003,79.98172164,20.18835535,34,171,301.8287319
7/25/2011 2:00,4,4,35.71428392,96.98504637,39.80245251,27,133,315.180005
7/25/2011 3:00,2,1,17.82236085,87.20566499,46.10039214,17,68,201.7941181
7/25/2011 4:00,4,3,12.24325892,76.0896948,13.60638397,34,21,182.8273402
7/25/2011 5:00,2,1,8.540486617,89.61416022,36.29835665,20,64,200.820691
7/25/2011 6:00,1,4,25.29035197,80.56225912,4.675170908,15,83,239.4318535
7/25/2011 7:00,4,4,29.86902938,112.181972,21.48999533,25,87,242.0475466
7/25/2011 8:00,2,1,16.52527748,100.2881222,25.59435911,38,147,302.8185195
7/25/2011 9:00,3,3,28.02436236,92.00802457,38.61072214,8,46,105.5536215
7/25/2011 10:00,1,3,31.49845333,141.2515988,44.94125599,22,175,330.7771144
7/25/2011 11:00,3,4,31.58732933,88.51917034,18.35769998,1,23,160.4264145
7/25/2011 12:00,1,3,12.9232782,84.36270302,26.71687942,2,71,150.3354038
7/25/2011 13:00,4,4,,,,32,97,208.3459827
7/25/2011 14:00,4,3,9.033735784,102.8239705,17.2296062,23,38,190.9942829
7/25/2011 15:00,1,4,35.01452074,108.0895857,47.37936998,22,54,196.2684474
7/25/2011 16:00,1,2,31.66850764,118.9380066,45.32173954,5,115,175.1672535
7/25/2011 17:00,1,3,27.57666506,125.230239,16.37178882,20,182,291.7227705
7/25/2011 18:00,4,3,,,,46,197,366.7710705
7/25/2011 19:00,2,3,13.26548429,145.7830659,12.90946432,4,190,328.6284347
7/25/2011 20:00,3,1,17.96461983,114.3237036,25.85469077,12,76,184.7708984
7/25/2011 21:00,3,3,24.26330762,115.0647516,34.27135903,39,107,255.849122
7/25/2011 22:00,4,1,15.75469583,105.2417946,3.257578252,12,146,245.8645903
7/25/2011 23:00,3,1,8.57715331,137.4192082,45.46443811,18,57,228.9351958
7/26/2011 0:00,1,4,33.25423672,89.6142183,29.41055881,8,153,280.4274612
7/26/2011 1:00,2,1,18.88255075,124.9476743,50.02464401,2,100,196.1314871
7/26/2011 2:00,3,1,19.91734836,110.6890814,1.737987292,30,90,199.4454105
7/26/2011 3:00,2,2,,,,45,87,208.1001456
7/26/2011 4:00,1,3,31.12446977,149.7712709,38.05763841,38,174,380.4257167
7/26/2011 5:00,3,1,25.64928108,161.0147865,6.847088158,12,141,261.8460236
7/26/2011 6:00,4,3,35.3351473,92.18853183,16.51693513,40,130,272.0380454
7/26/2011 7:00,2,1,25.16546016,109.0008748,44.35044569,10,196,313.5986581
7/26/2011 8:00,1,4,,,,40,126,261.0619687
7/26/2011 9:00,2,2,36.48724754,116.6002838,20.48321411,10,141,261.7302327
7/26/2011 10:00,3,1,111.634016,413.2881107,190.0361216,45,7,166.9606801
7/26/2011 11:00,3,3,33.0184233,130.9149717,5.311991934,46,14,174.3352098
7/26/2011 12:00,4,4,17.07007794,123.1222599,23.53952888,48,172,295.9794411
7/26/2011 13:00,1,3,20.85610781,178.3532062,31.81326082,0,172,312.602571
7/26/2011 14:00,1,4,9.017334873,130.0942647,30.88898436,34,2,133.2131207
7/26/2011 15:00,4,2,26.44101295,119.8499866,13.48736322,34,108,236.0142606
7/26/2011 16:00,4,4,28.77178614,118.5619467,29.27783265,2,138,232.6316334
7/26/2011 17:00,1,3,,,,3,8,93.14451131
7/26/2011 18:00,2,3,11.98149303,132.7216215,29.13375099,23,3,147.7248357
7/26/2011 19:00,2,1,21.67072386,139.3659934,34.18080367,29,112,281.512604
7/26/2011 20:00,4,4,,,,31,177,299.9457029
7/26/2011 21:00,2,3,27.11009939,120.2391192,43.27563884,48,79,185.3138359
7/26/2011 22:00,1,1,10.5770405,103.0187035,23.80757297,19,133,234.766397
7/26/2011 23:00,3,2,37.068901,128.4222944,48.33413132,35,171,306.1034774
7/27/2011 0:00,3,3,14.03594294,126.1548601,2.150327821,12,4,92.58121293
7/27/2011 1:00,2,1,19.34480793,80.82515234,17.36059475,38,184,317.5345335
7/27/2011 2:00,4,3,36.28123403,112.6371977,10.19011079,3,48,147.9228869
7/27/2011 3:00,4,4,21.27608698,147.8575294,27.26769445,27,82,221.9761939
7/27/2011 4:00,4,1,6.385721141,127.4912552,12.70317041,39,68,176.764459
7/27/2011 5:00,4,4,79.60558304,505.1482733,144.3914208,42,155,327.7886882
7/27/2011 6:00,4,2,7.267421165,123.861117,43.07302033,6,119,288.1856411
7/27/2011 7:00,2,4,34.47826268,164.1084701,11.18965729,8,166,330.2031778
7/27/2011 8:00,3,1,28.05730771,99.15757257,7.509277513,21,161,277.7805179
7/27/2011 9:00,3,3,15.58645287,75.28833437,43.1094558,3,189,325.3336733
7/27/2011 10:00,2,1,,,,35,11,175.7538044
7/27/2011 11:00,4,4,5.512829511,118.0479039,24.11884866,32,196,339.9126028
7/27/2011 12:00,2,4,29.24217126,106.8768405,12.16414118,5,53,176.5006898
7/27/2011 13:00,3,3,37.16669539,97.72374895,20.35448607,2,103,238.6539931
7/27/2011 14:00,1,2,34.4305149,131.9559883,13.50912699,34,79,252.6361075
7/27/2011 15:00,2,1,17.57698608,110.6526136,31.91341801,32,72,192.7568153
7/27/2011 16:00,4,3,18.51551044,122.2948674,24.80960304,6,164,305.5098703
7/27/2011 17:00,3,3,,,,40,160,363.0451454
7/27/2011 18:00,3,3,26.70259636,136.4959631,17.73662561,34,176,349.4888557
7/27/2011 19:00,3,1,23.78784737,108.8172343,26.36449596,46,0,205.0894263
7/27/2011 20:00,3,1,21.75872722,127.9976494,12.68732978,2,174,211.4620862
7/27/2011 21:00,4,1,39.6021774,107.6118755,45.94538347,42,164,336.8110625
7/27/2011 22:00,1,2,,,,17,136,273.8394482
7/27/2011 23:00,3,3,9.233251075,147.437744,8.305490151,2,17,162.6965661
7/28/2011 0:00,2,4,,,,38,101,218.0873513
7/28/2011 1:00,1,4,15.39919198,89.53609305,2.947588421,26,84,207.6440099
7/28/2011 2:00,3,3,7.245323873,87.48826515,2.125883081,8,171,318.8164469
7/28/2011 3:00,1,4,22.54655852,104.2464638,26.9545823,16,114,210.9823862
7/28/2011 4:00,2,2,18.3917285,119.2371263,15.78353063,40,197,357.0139644
7/28/2011 5:00,3,2,,,,41,62,215.2084687
7/28/2011 6:00,2,1,31.65381467,101.6610063,9.288428406,44,2,152.8107915
7/28/2011 7:00,4,1,11.96602731,133.2967025,40.60297522,4,111,244.8417518
7/28/2011 8:00,3,1,27.30905451,162.4782471,15.58354226,45,145,269.1678457
7/28/2011 9:00,3,1,17.09416018,129.3488731,11.52044896,3,164,256.2014385
7/28/2011 10:00,3,1,19.27411573,95.79650964,48.70414462,13,19,140.3995465
7/28/2011 11:00,3,4,34.86963454,132.2562152,40.14187017,28,92,196.5136037
7/28/2011 12:00,4,4,43.78303245,453.4338514,130.9764672,10,35,194.4487887
7/28/2011 13:00,3,1,19.96017387,147.0719078,36.27503802,21,3,112.5301764
7/28/2011 14:00,1,2,35.22001376,108.7096842,50.80282535,41,119,296.0551303
7/28/2011 15:00,3,4,26.10300761,104.8654809,28.6352953,4,108,198.1721906
7/28/2011 16:00,4,2,14.32340001,121.4353842,6.24184068,11,77,221.5352494
7/28/2011 17:00,3,2,19.12321523,116.3554476,4.586866735,20,16,100.1159123
7/28/2011 18:00,1,3,,,,14,184,352.6118697
7/28/2011 19:00,4,3,35.65218337,76.56234067,33.54274431,23,48,217.3794289
7/28/2011 20:00,4,1,8.707060442,118.3210956,38.05758821,12,108,215.7199604
7/28/2011 21:00,1,2,9.128531066,81.8720882,4.742910884,31,180,298.5002695
7/28/2011 22:00,1,4,17.35151959,105.3639632,47.02021379,25,115,265.9755826
7/28/2011 23:00,1,3,58.14304201,471.3287811,117.0090769,39,9,114.4303353
7/29/2011 0:00,1,3,11.17760749,95.3351144,32.13493783,25,156,294.2280951
7/29/2011 1:00,1,2,18.15586363,105.3608218,2.86555704,35,119,241.929886
7/29/2011 2:00,4,3,13.60655831,126.6157757,49.50432896,44,122,270.5002381
7/29/2011 3:00,4,3,,,,29,75,196.7860769
7/29/2011 4:00,3,4,35.31889138,91.35076439,30.29776404,46,122,256.1224754
7/29/2011 5:00,3,2,10.26887136,122.3908237,47.23653103,8,136,307.1893495
7/29/2011 6:00,2,3,13.16165327,94.9284658,46.79376989,23,89,247.4338157
7/29/2011 7:00,3,2,11.58910919,96.62529139,11.47653898,37,148,252.5936041
7/29/2011 8:00,3,3,39.93646738,109.078601,46.63478674,17,0,102.6870698
7/29/2011 9:00,1,4,27.58766527,84.39376391,37.516674,8,163,308.6569172
7/29/2011 10:00,1,2,29.00715078,151.7930011,-0.617397036,21,5,166.9660221
7/29/2011 11:00,3,3,9.634958231,87.52866611,12.33802597,37,110,217.3249023
7/29/2011 12:00,2,4,,,,20,145,297.8074912
7/29/2011 13:00,1,3,19.64327885,146.040808,28.31912934,6,100,225.7721777
7/29/2011 14:00,3,2,55.39714596,535.0757147,147.7664648,11,199,263.5431599
7/29/2011 15:00,3,3,27.13171863,111.2622857,10.45127488,35,138,272.669278
7/29/2011 16:00,4,2,33.47943251,144.0392151,42.67732728,10,68,185.6522568
7/29/2011 17:00,2,2,,,,2,148,263.1638533
7/29/2011 18:00,4,3,35.4676761,91.50204594,32.99476734,26,106,204.0635545
7/29/2011 19:00,2,4,39.95931843,112.5895245,45.94860686,6,105,199.762508
7/29/2011 20:00,1,1,18.83517065,88.68563255,38.83209724,1,8,101.9365921
7/29/2011 21:00,2,4,,,,9,1,105.5265601
7/29/2011 22:00,3,4,11.00152099,129.3603945,37.89681707,2,112,209.9988316
7/29/2011 23:00,3,3,34.4544713,90.77985378,46.34228904,16,131,254.5616873
7/30/2011 0:00,2,4,12.9407097,135.92506,6.131398054,42,89,251.8016888
7/30/2011 1:00,2,4,29.75235878,80.28085098,48.05597137,0,11,175.711274
7/30/2011 2:00,2,1,16.83051053,140.6221043,0.837967931,33,82,252.5830729
7/30/2011 3:00,4,4,16.70001573,75.94287292,25.20029042,12,82,244.9342162
7/30/2011 4:00,2,1,,,,13,92,201.9775444
7/30/2011 5:00,1,3,19.22658333,82.91567714,41.19287787,16,38,135.2544171
7/30/2011 6:00,4,1,29.7698282,94.88605545,36.18224196,33,187,355.3867628
7/30/2011 7:00,4,2,7.989108987,137.9812713,24.36896485,16,161,287.8295654
7/30/2011 8:00,2,2,21.69127879,102.5281976,32.31816175,40,58,231.1973129
7/30/2011 9:00,1,1,7.818574161,123.1497953,34.00369831,24,127,235.7906537
7/30/2011 10:00,4,2,19.83443493,143.6624452,23.9728126,43,71,244.6888512
7/30/2011 11:00,3,3,13.12301339,82.6973389,30.6174752,29,133,267.9459277
7/30/2011 12:00,4,2,15.48837698,137.957841,41.99832921,47,159,303.3482531
7/30/2011 13:00,2,1,33.01679988,75.80621846,14.61324597,35,27,162.1444762
7/30/2011 14:00,1,3,17.87064081,84.66839606,26.73145344,10,74,209.8320146
7/30/2011 15:00,2,2,13.18511395,91.54804765,1.694499748,20,40,194.3151107
7/30/2011 16:00,3,3,26.31125037,154.3060443,35.03079169,19,71,190.070302
7/30/2011 17:00,3,1,11.50583222,98.85802041,7.439726191,28,87,236.3638734
7/30/2011 18:00,3,2,,,,3,154,278.2309185
7/30/2011 19:00,2,3,22.73787413,153.8865103,10.67945964,33,52,218.1283769
7/30/2011 20:00,4,3,,,,41,122,303.5575677
7/30/2011 21:00,2,2,,,,40,10,215.2585906
7/30/2011 22:00,1,3,21.24826834,134.2034726,20.37736062,16,86,198.9386709
7/30/2011 23:00,4,3,27.65099305,117.2233806,19.97390522,11,149,314.6659094
7/31/2011 0:00,3,1,,,,3,4,121.3496699
7/31/2011 1:00,2,1,10.22209893,111.2795377,47.50534911,40,111,228.9652251
7/31/2011 2:00,3,1,17.2590078,133.9409849,0.939736812,13,161,265.2665458
7/31/2011 3:00,3,1,19.95573577,144.8094288,44.70324469,3,61,188.7316994
7/31/2011 4:00,1,1,11.64382042,97.46120173,37.01272234,33,158,323.437529
7/31/2011 5:00,4,1,32.02767054,93.56410048,8.653651985,17,46,143.2084803
7/31/2011 6:00,1,2,27.57581715,147.5033357,22.6046929,12,36,135.751793
7/31/2011 7:00,1,1,21.21868547,84.07457598,48.0400343,9,110,213.6466222
7/31/2011 8:00,1,3,24.47143599,139.7062197,32.68013577,13,25,122.7108788
7/31/2011 9:00,3,2,5.795995249,76.71633696,6.671141059,8,42,104.1811639
7/31/2011 10:00,1,3,24.18279102,136.2783518,23.93096944,42,60,145.9760928
7/31/2011 11:00,1,1,31.04704039,151.65324,24.25744088,19,165,283.0730777
7/31/2011 12:00,4,1,,,,0,127,245.0614534
7/31/2011 13:00,4,3,,,,43,159,332.138423
7/31/2011 14:00,1,3,,,,28,68,165.5726091
7/31/2011 15:00,4,3,20.87902468,106.2219687,16.50050397,16,189,275.0542309
7/31/2011 16:00,4,4,21.44005577,107.637485,17.27838886,48,125,267.5483159
7/31/2011 17:00,1,4,21.97343717,134.951129,51.95242212,7,126,243.4582138
7/31/2011 18:00,3,4,,,,16,152,308.5931509
7/31/2011 19:00,1,4,26.49178344,109.7408323,44.66246803,20,32,183.8331242
7/31/2011 20:00,4,2,35.48723359,149.0656385,22.48833219,24,63,186.2383728
7/31/2011 21:00,3,1,,,,19,198,338.0496295
7/31/2011 22:00,2,3,35.01933171,103.6902102,13.865665,24,143,251.9105421
7/31/2011 23:00,3,1,23.39773516,142.996991,46.36832674,20,176,308.4188376
8/1/2011 0:00,4,3,28.22107837,137.6590684,22.00784194,12,92,212.2875083
8/1/2011 1:00,3,1,31.26921984,123.7881089,40.88650185,12,122,286.2610146
8/1/2011 2:00,1,2,17.3892157,99.16470352,13.0499805,46,14,184.9103338
8/1/2011 3:00,2,4,30.6535357,76.27065233,33.92637583,49,19,154.951862
8/1/2011 4:00,2,1,9.555511649,131.7221553,20.38785167,29,21,137.2304973
8/1/2011 5:00,2,3,15.19197764,147.4827573,2.976487614,12,9,121.0261214
8/1/2011 6:00,4,1,26.4878985,121.7896116,20.83319897,39,199,301.0566093
8/1/2011 7:00,4,2,32.40062296,80.02342661,27.68680029,6,182,291.0616968
8/1/2011 8:00,2,2,35.53511234,128.8175428,8.018663679,41,95,241.6242472
8/1/2011 9:00,3,1,24.0476449,139.8407292,9.758294315,11,155,289.9015419
8/1/2011 10:00,2,4,21.20176078,103.6279841,23.00769435,1,136,265.2412048
8/1/2011 11:00,3,3,17.04597449,96.14580937,17.58822652,13,30,155.816642
8/1/2011 12:00,3,2,38.42170837,118.6469372,21.08832741,41,95,196.9210713
8/1/2011 13:00,4,2,17.55188026,135.8644019,22.33776063,16,73,162.1611549
8/1/2011 14:00,3,1,29.77949958,81.14111782,6.425118139,12,184,287.6110988
8/1/2011 15:00,2,2,,,,0,158,287.3046823
8/1/2011 16:00,4,2,26.00199731,121.0562112,42.66537609,46,74,248.2633471
8/1/2011 17:00,1,3,19.1391686,127.1823511,8.100224149,0,170,272.1961657
8/1/2011 18:00,1,4,33.81025477,130.113036,34.08479581,46,73,299.4429089
8/1/2011 19:00,4,3,24.16669366,124.4848306,21.40233163,25,136,317.4697036
8/1/2011 20:00,2,4,,,,46,41,233.7919343
8/1/2011 21:00,1,3,,,,45,73,248.5857701
8/1/2011 22:00,1,1,23.12624318,131.1944243,40.79210175,12,177,312.2939479
8/1/2011 23:00,3,2,33.50063565,75.71165116,23.19445135,33,164,318.0766431
8/2/2011 0:00,3,4,29.16641634,129.7420578,0.501282276,39,198,292.3301517
8/2/2011 1:00,2,1,31.23205805,131.7276126,12.40802748,8,83,168.9141552
8/2/2011 2:00,4,2,6.74650821,99.18114236,19.97429846,18,199,319.7602396
8/2/2011 3:00,2,2,34.4016053,445.104634,64.42585239,22,144,279.2321721
8/2/2011 4:00,4,2,24.39025753,113.7889614,19.2525319,40,175,320.6339525
8/2/2011 5:00,1,3,6.568954408,94.15108186,46.84678739,27,1,145.5075995
8/2/2011 6:00,3,1,32.9373322,114.3408318,18.08275005,29,41,116.2119243
8/2/2011 7:00,2,1,15.1501905,157.4318713,22.29242537,6,105,235.4525115
8/2/2011 8:00,2,2,,,,13,190,314.1183476
8/2/2011 9:00,4,4,7.802860388,129.949451,41.65307406,1,138,242.6023576
8/2/2011 10:00,4,1,,,,11,126,274.0168498
8/2/2011 11:00,2,3,18.0945567,82.2738146,35.38759497,42,183,302.8031165
8/2/2011 12:00,4,4,9.546477771,89.56143032,23.32290355,48,72,222.0338987
8/2/2011 13:00,2,4,15.50520493,141.5488834,6.335669054,1,172,290.6449198
8/2/2011 14:00,2,4,,,,27,172,282.4936484
8/2/2011 15:00,2,4,,,,27,156,231.9552855
8/2/2011 16:00,1,1,,,,11,161,246.4360156
8/2/2011 17:00,4,2,23.33542036,89.70868824,12.12314881,29,196,332.0572124
8/2/2011 18:00,3,4,37.28609918,89.3580623,18.26127921,46,94,241.4998459
8/2/2011 19:00,3,3,,,,39,89,236.3940618
8/2/2011 20:00,4,3,37.36799732,105.3856549,37.46994855,39,120,248.1353401
8/2/2011 21:00,2,2,,,,21,19,109.5173296
8/2/2011 22:00,3,1,18.29692184,102.433381,35.48055306,17,71,200.9670886
8/2/2011 23:00,3,2,27.75614222,119.1136295,43.39169585,13,69,185.8327443
8/3/2011 0:00,4,4,11.02901998,148.4307765,43.76734096,24,145,296.9350709
8/3/2011 1:00,3,1,21.44220476,144.8055618,43.78810245,9,199,294.3410683
8/3/2011 2:00,2,1,29.63393771,137.3873875,8.956267088,35,187,270.1176366
8/3/2011 3:00,4,4,20.58487702,139.5444452,11.27727782,47,116,193.5809785
8/3/2011 4:00,2,3,26.66906995,122.4689205,24.07801915,47,182,325.6422801
8/3/2011 5:00,3,4,30.17441426,124.4508741,17.70226884,48,51,211.4952071
8/3/2011 6:00,3,2,16.39366314,128.1164219,9.813973114,8,24,133.6601295
8/3/2011 7:00,2,4,,,,10,65,166.6465616
8/3/2011 8:00,1,3,22.32045309,122.3889181,48.72225542,26,27,113.8311699
8/3/2011 9:00,3,4,,,,12,88,151.8633404
8/3/2011 10:00,1,2,32.41458205,136.5183664,21.99998087,0,19,138.5340114
8/3/2011 11:00,3,2,18.80469686,142.2207836,0.562346342,38,69,208.6592897
8/3/2011 12:00,1,3,,,,10,36,143.5533329
8/3/2011 13:00,1,2,23.7772427,95.89896986,19.55761349,2,15,79.17790667
8/3/2011 14:00,1,2,22.69204795,99.14421089,4.46501044,1,162,242.4142875
8/3/2011 15:00,2,4,127.0124101,356.0671302,204.1661738,45,182,336.7266633
8/3/2011 16:00,1,1,25.23521887,112.1428823,38.95107528,41,99,256.8835559
8/3/2011 17:00,1,2,17.3249218,85.22875225,35.11720068,23,192,318.3894151
8/3/2011 18:00,1,2,,,,19,77,245.6656409
8/3/2011 19:00,3,3,,,,48,13,151.9948775
8/3/2011 20:00,1,3,7.980950524,91.69005869,36.00034403,39,23,208.8373855
8/3/2011 21:00,3,4,38.37689882,130.1175709,10.84512375,14,82,210.7087614
8/3/2011 22:00,1,4,17.06656568,143.5086876,34.59821151,5,37,153.4182898
8/3/2011 23:00,1,2,,,,19,81,236.1214934
8/4/2011 0:00,2,1,34.83948832,115.598079,5.949264613,21,8,118.393514
8/4/2011 1:00,3,1,7.018490784,71.15046361,22.54978356,1,120,219.2127505
8/4/2011 2:00,1,4,,,,14,58,143.3541245
8/4/2011 3:00,3,3,29.56842776,123.639386,22.77232009,47,50,233.0882616
8/4/2011 4:00,3,2,30.91988032,140.0769372,26.68440282,33,108,259.068561
8/4/2011 5:00,4,2,,,,45,50,235.9087075
8/4/2011 6:00,2,1,24.32214344,104.9701926,5.222244764,30,18,162.0923155
8/4/2011 7:00,2,4,29.01235542,141.1286492,9.766342412,29,61,231.0091837
8/4/2011 8:00,2,1,30.27564202,89.97926922,31.20145643,27,9,121.4707447
8/4/2011 9:00,4,1,27.16605829,92.03304476,32.50112709,32,165,334.4781067
8/4/2011 10:00,4,4,17.80627215,85.55959651,2.678273496,40,130,265.8979651
8/4/2011 11:00,2,3,33.91361016,142.1827356,27.28294268,48,175,330.8798644
8/4/2011 12:00,4,2,18.7658256,91.94428654,38.92602637,20,168,317.6260624
8/4/2011 13:00,4,3,,,,45,144,366.5821225
8/4/2011 14:00,4,4,18.52304052,122.9861025,20.60371906,22,86,240.319957
8/4/2011 15:00,2,4,13.97083095,87.85811293,16.64443157,41,72,248.1202378
8/4/2011 16:00,2,2,7.569090869,86.61212223,45.91448501,12,196,299.2999955
8/4/2011 17:00,2,3,11.27052545,73.02005636,9.218708643,44,82,238.3427518
8/4/2011 18:00,4,2,,,,25,92,221.7282694
8/4/2011 19:00,2,1,27.20654763,131.5561947,44.13272546,18,14,181.8057442
8/4/2011 20:00,4,1,9.16676471,124.1282517,17.18383228,26,105,234.1692046
8/4/2011 21:00,1,1,11.71109862,88.54877765,24.86850003,39,99,285.3749538
8/4/2011 22:00,4,3,8.886754104,84.29278056,0.40835113,6,183,257.4407623
8/4/2011 23:00,3,1,9.127346076,142.2794197,51.13171389,24,75,248.424946
8/5/2011 0:00,2,2,,,,48,77,206.5910612
8/5/2011 1:00,2,3,19.73081133,123.3812645,29.81517237,39,142,314.0210691
8/5/2011 2:00,3,2,34.67732106,104.0535929,1.863288462,35,114,230.4460858
8/5/2011 3:00,4,4,33.1671081,96.43304045,5.534336957,6,94,225.8978703
8/5/2011 4:00,1,3,,,,19,132,229.4412882
8/5/2011 5:00,3,2,15.20040946,123.5365407,13.34762056,23,43,204.3847792
8/5/2011 6:00,3,2,13.13153955,88.1824542,29.73482226,27,2,161.6191605
8/5/2011 7:00,4,3,8.654062564,104.725276,29.6884672,48,46,183.212617
8/5/2011 8:00,2,4,30.90298028,100.3204404,41.54615879,4,157,285.5472157
8/5/2011 9:00,4,3,7.342654173,88.87848361,13.64100813,35,11,181.5990982
8/5/2011 10:00,3,1,19.43636484,147.916894,30.79748503,30,14,123.4479831
8/5/2011 11:00,3,1,13.0064886,139.9051193,37.72186416,32,165,273.0989029
8/5/2011 12:00,2,4,15.776965,92.13667313,24.48834159,23,27,124.9512775
8/5/2011 13:00,2,2,35.4585794,107.7827127,41.91872216,9,176,255.6717672
8/5/2011 14:00,2,2,27.41378634,131.1268997,5.629504841,37,86,197.7504894
8/5/2011 15:00,4,2,33.36228419,97.28916754,37.22589892,43,174,351.7483451
8/5/2011 16:00,2,3,22.89367434,122.0832799,46.79909494,48,74,245.7116153
8/5/2011 17:00,3,3,31.4991864,131.353919,17.01281264,4,93,153.0674745
8/5/2011 18:00,3,4,26.04270363,117.9742268,18.26010411,30,11,132.6139477
8/5/2011 19:00,1,1,36.30957484,121.6079117,2.177173577,8,53,133.1552745
8/5/2011 20:00,4,2,19.575784,131.3776526,33.42340661,31,82,245.7076906
8/5/2011 21:00,1,1,112.3058906,558.6242245,122.2510283,40,31,164.3438229
8/5/2011 22:00,3,3,29.38060052,98.44585954,1.889764841,4,128,192.4717802
8/5/2011 23:00,1,3,17.13326933,152.7060747,36.75817501,26,143,280.8809607
8/6/2011 0:00,3,3,30.68774621,79.46312714,43.01174948,27,10,161.9421754
8/6/2011 1:00,1,1,35.85842537,92.54958174,47.295731,42,96,216.1078603
8/6/2011 2:00,2,4,,,,11,54,163.7427348
8/6/2011 3:00,1,4,15.89529633,138.4816111,22.45589512,4,163,246.5897445
8/6/2011 4:00,2,3,20.13601166,75.82698214,43.77428093,7,29,179.9544254
8/6/2011 5:00,2,2,32.69951439,144.2639872,18.29926109,16,67,176.6636518
8/6/2011 6:00,4,1,26.395944,124.0617489,32.5223037,7,55,146.9206401
8/6/2011 7:00,2,3,8.658010498,79.77278583,32.52799271,33,187,325.0074091
8/6/2011 8:00,2,1,23.1556414,137.4275041,18.48398506,22,88,210.2920798
8/6/2011 9:00,1,1,5.803971337,140.9227805,3.34226375,17,97,241.1447451
8/6/2011 10:00,3,4,28.62446368,132.3613562,1.608610102,9,16,167.9427415
8/6/2011 11:00,4,3,13.73863799,87.40563934,20.78435354,38,160,341.1414015
8/6/2011 12:00,2,4,24.01036629,142.8038223,24.03472973,40,157,291.9468602
8/6/2011 13:00,4,3,131.3158437,490.684487,164.0379093,43,12,170.528865
8/6/2011 14:00,1,1,,,,43,139,333.0018262
8/6/2011 15:00,2,4,9.166055765,100.1772163,14.83773954,4,123,279.1281639
8/6/2011 16:00,1,1,24.06922946,111.2803655,23.25558319,42,31,153.0123836
8/6/2011 17:00,4,3,11.0055309,147.1112405,11.16329679,16,86,226.0282913
8/6/2011 18:00,1,2,15.528764,99.92275924,4.728528735,46,92,256.9284665
8/6/2011 19:00,4,4,37.022406,81.25392275,5.081487973,10,33,176.995288
8/6/2011 20:00,1,4,32.19543032,150.5431274,15.21451724,46,82,271.483549
8/6/2011 21:00,4,1,34.66514015,83.43806534,1.831956193,47,11,132.9170999
8/6/2011 22:00,3,1,37.9487643,150.7849106,11.83044539,18,3,106.3973873
8/6/2011 23:00,1,2,17.46013343,95.5333217,39.39594267,20,88,241.3173533
8/7/2011 0:00,1,4,13.01002695,111.2371216,11.91120221,43,153,306.5013654
8/7/2011 1:00,3,3,12.71246832,80.13716894,5.568117848,2,81,122.2145566
8/7/2011 2:00,3,3,137.6264912,541.7071349,197.2188572,39,191,286.0146677
8/7/2011 3:00,1,4,30.7213495,127.5158512,30.35632116,42,127,294.8516813
8/7/2011 4:00,3,4,10.48355528,150.881687,3.897983516,0,157,288.1191589
8/7/2011 5:00,2,4,19.89858768,122.8047573,3.498702235,23,121,209.4325422
8/7/2011 6:00,4,2,21.73753144,92.43083869,30.38173933,35,161,334.8635404
8/7/2011 7:00,4,3,23.68763141,98.26200893,26.55667856,5,32,136.9454318
8/7/2011 8:00,4,3,,,,9,158,242.1569641
8/7/2011 9:00,2,1,15.89563919,127.7687862,11.10329708,46,55,189.9936456
8/7/2011 10:00,3,1,34.91651648,154.7596398,45.78455619,39,61,169.0915578
8/7/2011 11:00,3,4,20.69789907,111.4712046,28.24854706,45,30,162.2678556
8/7/2011 12:00,1,1,30.47741666,130.3980623,22.82199067,33,23,105.6495745
8/7/2011 13:00,3,2,34.02095878,144.4987388,10.93190367,23,68,194.4728518
8/7/2011 14:00,1,3,32.16218895,80.32288372,6.356720472,22,178,323.2727256
8/7/2011 15:00,2,3,4.718523578,131.9640501,21.23238621,19,192,276.2077388
8/7/2011 16:00,4,1,13.9291083,101.6027561,45.98326258,37,97,240.1124169
8/7/2011 17:00,4,4,21.27240455,132.277995,2.743973562,34,8,123.4335671
8/7/2011 18:00,4,1,17.12732377,94.0083962,50.66760492,33,7,165.6084702
8/7/2011 19:00,3,4,24.25600477,99.12877833,11.3128464,45,106,187.0835478
8/7/2011 20:00,1,2,33.50389721,77.92582159,20.03014041,49,163,338.8437396
8/7/2011 21:00,1,3,6.495708313,149.4647052,2.149489725,46,92,188.925688
8/7/2011 22:00,2,2,,,,35,68,202.1314854
8/7/2011 23:00,3,3,9.582540069,80.48443401,25.14872592,15,183,282.1334604
8/8/2011 0:00,2,2,32.06950402,148.6909337,33.28089538,22,45,161.5512224
8/8/2011 1:00,1,1,33.53132795,120.2522364,27.10509057,43,137,239.461892
8/8/2011 2:00,1,2,17.16897366,148.2028353,20.20601229,48,101,304.1190467
8/8/2011 3:00,4,2,13.22242415,77.14920455,38.28492332,0,73,139.6893261
8/8/2011 4:00,3,1,32.11658499,113.1692984,2.345284443,8,126,203.0279095
8/8/2011 5:00,1,3,25.39772418,133.865469,27.77080237,11,138,308.0734327
8/8/2011 6:00,4,3,17.22486496,78.73353996,4.638445397,36,115,265.8811599
8/8/2011 7:00,3,1,33.48921114,106.6572241,21.55198193,16,7,90.54370911
8/8/2011 8:00,2,2,37.68071112,108.2328474,39.36423098,2,67,170.2790668
8/8/2011 9:00,3,2,21.12558747,96.11503139,8.564706659,37,145,280.0421035
8/8/2011 10:00,3,2,25.17126886,94.62021134,46.57706287,28,127,209.4557513
8/8/2011 11:00,1,4,13.84550211,154.9443897,45.70907737,30,121,233.3086858
8/8/2011 12:00,1,3,20.87384501,102.1489094,20.20464482,34,2,140.2364277
8/8/2011 13:00,3,2,20.63809969,86.19935146,-0.165829858,37,107,286.99167
8/8/2011 14:00,1,3,17.64559984,112.5019935,39.99622047,25,142,266.3055197
8/8/2011 15:00,1,2,13.18415703,130.2083274,45.63262699,12,187,300.5323392
8/8/2011 16:00,1,1,48.44022556,474.0127145,35.15919366,18,127,225.4579741
8/8/2011 17:00,4,1,13.31468966,129.8402432,43.27114523,31,119,287.7609749
8/8/2011 18:00,4,3,21.41150291,74.10241395,44.15944859,46,199,376.9251795
8/8/2011 19:00,3,3,25.58207761,104.0434828,23.8813141,26,54,208.5068441
8/8/2011 20:00,1,1,21.27863555,126.9745718,38.44827872,38,69,215.1532392
8/8/2011 21:00,4,4,15.07832925,149.0798219,21.40723579,12,120,188.8121371
8/8/2011 22:00,3,1,17.03637298,118.6309069,28.2348661,33,99,269.3407101
8/8/2011 23:00,1,2,31.13030423,63.08854729,13.56288409,18,31,155.4317731
8/9/2011 0:00,2,4,,,,18,5,118.425401
8/9/2011 1:00,1,1,36.87899091,75.02479037,36.18690212,2,143,263.108183
8/9/2011 2:00,1,4,21.16892403,141.0995153,-1.407736879,2,193,306.3513651
8/9/2011 3:00,4,4,26.60854215,74.91093609,28.19899222,25,15,112.5209955
8/9/2011 4:00,3,4,10.6612143,82.11270026,42.18170321,5,13,112.9442593
8/9/2011 5:00,3,3,26.33954394,108.6233354,11.55012949,12,61,120.4166696
8/9/2011 6:00,4,1,29.00834861,106.4141893,17.85691486,45,145,297.0915092
8/9/2011 7:00,1,3,36.89314612,101.3118983,29.02570168,37,7,188.3857985
8/9/2011 8:00,2,3,34.60033137,112.2894384,11.76374487,26,132,208.5847651
8/9/2011 9:00,1,2,16.1757313,124.5123464,41.97540942,40,87,235.2833136
8/9/2011 10:00,1,2,26.2866129,94.89106511,17.24117275,23,40,187.4500783
8/9/2011 11:00,2,4,20.30677036,125.070173,27.81036505,9,110,247.8576812
8/9/2011 12:00,4,4,19.78532629,99.77042543,9.68330125,15,58,154.9525268
8/9/2011 13:00,3,2,8.745468873,99.55463319,0.759085158,22,8,101.2425441
8/9/2011 14:00,4,2,34.18163114,121.6510406,10.3403492,46,41,173.6691521
8/9/2011 15:00,4,1,32.80214556,114.3204946,1.637690887,11,17,167.9780855
8/9/2011 16:00,1,4,19.49378643,135.2406053,20.50623884,27,45,124.9365274
8/9/2011 17:00,3,4,15.76653635,113.5767861,28.76056743,12,122,201.7154277
8/9/2011 18:00,3,2,11.45578111,138.6201388,0.656968545,17,175,282.4025924
8/9/2011 19:00,4,1,26.89498261,105.4186281,4.596628395,1,27,102.8667784
8/9/2011 20:00,2,2,14.77429356,110.7999847,24.24855183,45,36,183.8579695
8/9/2011 21:00,4,2,32.48054046,126.8510964,40.03255482,16,73,235.5151649
8/9/2011 22:00,2,3,27.65592178,90.09697951,31.37570846,22,19,108.9360672
8/9/2011 23:00,3,4,26.28150969,106.9609464,4.883491247,22,165,286.6308679
8/10/2011 0:00,4,1,22.06401687,124.8212834,42.94007411,0,168,271.7455552
8/10/2011 1:00,1,3,9.327087463,67.14774246,45.81108649,42,111,246.9267267
8/10/2011 2:00,4,4,,,,13,123,192.5827934
8/10/2011 3:00,3,2,22.91802964,118.4054785,32.6289593,11,189,284.7720043
8/10/2011 4:00,1,1,34.07765777,158.8599238,24.39707021,13,147,244.8329053
8/10/2011 5:00,1,4,86.4924885,497.3847861,193.1573748,48,150,320.8543392
8/10/2011 6:00,2,2,26.51926873,93.71115275,25.95504434,43,49,208.4078228
8/10/2011 7:00,1,3,9.915781736,110.1732694,49.50763902,37,132,226.2347934
8/10/2011 8:00,1,1,,,,40,187,319.148796
8/10/2011 9:00,4,4,29.06377277,92.39166248,17.98661436,43,72,203.72645
8/10/2011 10:00,3,3,27.78768622,141.2170811,38.26092907,48,42,252.3461831
8/10/2011 11:00,2,2,28.31469025,84.35576699,39.52338427,15,125,252.4459371
8/10/2011 12:00,4,2,9.499469075,88.79099969,37.59392806,33,104,208.3246049
8/10/2011 13:00,1,4,,,,17,35,132.3150345
8/10/2011 14:00,1,2,35.19062635,138.4569774,34.61776137,47,100,239.2338236
8/10/2011 15:00,2,1,9.062855447,131.8007339,32.76748278,9,2,125.4324251
8/10/2011 16:00,3,4,34.24308359,148.3400472,23.57865617,18,188,324.0802372
8/10/2011 17:00,2,3,11.98397949,129.7269381,24.39823799,29,181,319.518298
8/10/2011 18:00,4,4,,,,3,35,135.18207
8/10/2011 19:00,2,4,16.24985307,109.034527,30.68078715,6,111,216.3662252
8/10/2011 20:00,1,3,35.1102753,114.7406168,22.54088273,15,44,158.5483646
8/10/2011 21:00,4,2,8.709364615,97.92842629,7.518406133,36,99,184.9013497
8/10/2011 22:00,1,3,19.56645525,145.1911716,2.28559242,4,156,261.5211021
8/10/2011 23:00,3,1,18.94181543,118.6374608,45.94876189,38,153,277.0134321
8/11/2011 0:00,1,2,16.391628,71.13831693,0.781745553,48,135,236.717349
8/11/2011 1:00,1,4,,,,32,72,279.8099338
8/11/2011 2:00,2,2,8.501409555,83.19227417,21.82935359,34,149,295.5837643
8/11/2011 3:00,1,2,26.63327701,137.6935911,14.25932244,47,68,218.6089525
8/11/2011 4:00,4,1,35.56975168,119.6951841,20.85826701,33,171,296.0532126
8/11/2011 5:00,4,2,32.15827178,119.2431325,4.879894043,32,168,325.0649226
8/11/2011 6:00,3,2,29.88240722,112.5727459,6.419429696,38,163,269.2604365
8/11/2011 7:00,4,2,15.41420404,123.0347028,39.26408978,9,157,259.7195099
8/11/2011 8:00,2,4,62.22250814,478.5012303,156.8528249,2,48,124.5067055
8/11/2011 9:00,3,2,19.51554969,119.1322626,4.437777721,49,108,281.68991
8/11/2011 10:00,4,3,27.24416181,540.5629402,137.6104615,28,118,224.2119813
8/11/2011 11:00,2,2,35.49868564,155.4120778,30.20661486,34,16,186.0252404
8/11/2011 12:00,4,1,7.793648078,160.5041313,35.52652586,30,157,286.9783337
8/11/2011 13:00,4,2,33.53118553,125.1998583,25.77951966,38,123,287.1624866
8/11/2011 14:00,1,2,4.685989751,143.7439378,13.14792588,14,3,131.8947376
8/11/2011 15:00,4,4,29.1313555,107.1497751,31.25381151,0,162,296.6475025
8/11/2011 16:00,4,3,9.46928998,134.7535317,19.5939059,18,83,175.786045
8/11/2011 17:00,2,2,10.05222483,141.0239958,11.96587248,36,144,309.9812229
8/11/2011 18:00,2,3,,,,26,134,206.9060514
8/11/2011 19:00,1,1,9.558491772,137.5022943,37.46669559,20,102,226.0486965
8/11/2011 20:00,4,4,22.97743725,98.12468289,24.23324757,6,116,208.3484173
8/11/2011 21:00,1,3,,,,42,61,163.5610146
8/11/2011 22:00,4,4,10.02122892,98.56464501,41.59240186,32,57,164.8627723
8/11/2011 23:00,3,2,34.23883472,138.6732517,44.10479781,1,171,255.4199433
8/12/2011 0:00,3,1,19.42729885,95.8392048,20.72823302,13,57,166.7142427
8/12/2011 1:00,1,4,29.87091329,110.3635848,16.33682231,41,180,307.8364809
8/12/2011 2:00,1,2,19.46144693,126.8064352,32.68603013,2,105,211.9539261
8/12/2011 3:00,1,3,25.4246856,119.3004916,1.937708992,13,71,161.619573
8/12/2011 4:00,2,1,11.31506966,145.6644602,34.75273708,4,136,228.1897661
8/12/2011 5:00,2,1,9.69343854,111.5628231,38.95724018,16,5,114.7946891
8/12/2011 6:00,2,3,,,,38,18,163.9007308
8/12/2011 7:00,1,3,,,,0,85,212.8744348
8/12/2011 8:00,4,1,17.08351512,145.9379194,1.59910946,42,110,279.990078
8/12/2011 9:00,3,4,25.87847468,88.3496419,29.2312137,27,147,283.4758782
8/12/2011 10:00,1,1,26.30827237,90.49477864,12.62205798,37,63,215.2301188
8/12/2011 11:00,2,3,4.983632824,150.7206136,23.93989687,47,154,312.6497049
8/12/2011 12:00,2,4,,,,13,134,239.8256005
8/12/2011 13:00,1,2,14.80231333,113.6452177,7.793349524,16,117,262.2535234
8/12/2011 14:00,1,1,11.07789799,109.9407701,23.84684553,14,23,111.7727674
8/12/2011 15:00,2,3,,,,45,122,207.7340022
8/12/2011 16:00,4,2,6.002134092,111.0126045,28.30784857,6,7,83.90485005
8/12/2011 17:00,2,1,38.49201992,79.65164513,11.44582512,41,66,251.2143208
8/12/2011 18:00,2,1,25.03387899,101.8576359,12.49453887,6,10,109.2288661
8/12/2011 19:00,1,4,5.781430475,94.81707637,42.16932521,46,99,255.2868937
8/12/2011 20:00,4,3,3.824396567,119.4255337,35.60138899,23,65,181.8156856
8/12/2011 21:00,2,2,26.84532683,121.9544661,38.92135935,25,128,271.8553078
8/12/2011 22:00,2,1,19.4385651,155.7642805,4.213737331,13,6,123.0978892
8/12/2011 23:00,3,4,,,,46,23,168.8899095
8/13/2011 0:00,1,2,38.22775657,140.080249,28.48851467,18,139,277.3321797
8/13/2011 1:00,3,2,18.85913288,115.2180901,42.14415959,25,62,174.9196508
8/13/2011 2:00,3,1,12.1997007,124.0975755,44.26322174,15,71,199.0234811
8/13/2011 3:00,2,2,27.72219998,81.52380045,42.9025829,33,140,269.5906558
8/13/2011 4:00,1,1,32.85786231,83.35543097,1.631430476,1,197,296.5806754
8/13/2011 5:00,4,4,21.52537971,122.9627376,40.70221109,0,87,164.2166949
8/13/2011 6:00,2,4,23.99161587,101.224122,45.69257995,47,115,257.2671066
8/13/2011 7:00,4,2,18.83243601,129.9444413,1.423473005,35,23,143.4796552
8/13/2011 8:00,4,1,18.47221201,114.1388058,19.97264587,34,37,206.5856921
8/13/2011 9:00,1,3,27.41824021,142.6014692,26.09503125,42,198,291.1370914
8/13/2011 10:00,3,4,35.85811055,142.7605602,11.69825104,23,9,160.308192
8/13/2011 11:00,1,1,21.1652518,76.08731876,25.48760355,48,157,254.2738182
8/13/2011 12:00,4,1,26.35313004,104.7705524,43.98913309,4,87,208.6891706
8/13/2011 13:00,2,1,26.48202965,439.3840497,175.4894357,28,26,130.4119468
8/13/2011 14:00,4,2,,,,40,29,187.5046736
8/13/2011 15:00,2,3,21.58062846,90.45323089,24.82135207,0,127,224.8453868
8/13/2011 16:00,2,2,,,,8,116,182.4867072
8/13/2011 17:00,1,4,,,,35,1,178.1870144
8/13/2011 18:00,4,2,11.20780796,126.5529964,19.73033196,15,7,146.6989974
8/13/2011 19:00,3,1,30.63046099,110.0484884,1.436637172,14,144,274.4660212
8/13/2011 20:00,4,2,29.98763633,110.4551652,35.78061801,9,47,138.1308141
8/13/2011 21:00,4,1,,,,36,63,224.6455934
8/13/2011 22:00,3,3,6.891316251,107.593232,3.206018175,15,188,265.7866544
8/13/2011 23:00,1,2,25.27405185,105.2952094,0.601066864,37,140,211.425967
8/14/2011 0:00,4,2,,,,47,148,249.3567218
8/14/2011 1:00,4,2,,,,35,106,214.5380036
8/14/2011 2:00,2,1,7.372488021,132.4462463,22.28451365,14,129,221.5236846
8/14/2011 3:00,4,1,,,,2,126,216.0946301
8/14/2011 4:00,3,2,13.1291366,143.2222485,24.13810992,18,83,190.3980857
8/14/2011 5:00,2,2,11.09899192,88.2691606,3.004833887,40,150,271.5870796
8/14/2011 6:00,1,3,26.53760396,76.5790914,27.57982934,36,15,88.56392981
8/14/2011 7:00,2,3,32.8454383,141.8634054,4.357109303,47,140,293.7882186
8/14/2011 8:00,3,4,,,,2,131,226.0554192
8/14/2011 9:00,3,3,17.20046102,124.1182541,42.18161508,7,1,88.07649811
8/14/2011 10:00,2,3,11.22452647,74.40261272,13.64880313,23,113,278.878588
8/14/2011 11:00,1,3,,,,13,64,170.6441315
8/14/2011 12:00,2,1,18.72767351,68.42719482,26.85457961,34,25,161.6361874
8/14/2011 13:00,1,3,26.60262348,117.2434307,10.62900143,15,29,168.7268826
8/14/2011 14:00,2,3,,,,6,117,179.1266952
8/14/2011 15:00,3,2,,,,40,37,177.115361
8/14/2011 16:00,4,1,,,,34,147,305.54124
8/14/2011 17:00,4,4,11.3852626,140.7260874,28.07373587,7,24,128.9960789
8/14/2011 18:00,1,4,23.03078933,91.92134616,11.58034742,11,124,196.6068097
8/14/2011 19:00,1,3,20.50742925,100.8939715,32.85345735,48,51,185.2039651
8/14/2011 20:00,1,4,14.00767931,142.8118599,1.466964691,45,82,233.3189687
8/14/2011 21:00,3,4,7.223286519,78.81140117,22.7967966,15,90,142.4141732
8/14/2011 22:00,2,4,18.03028028,130.277489,33.97637513,3,137,200.0118206
8/14/2011 23:00,3,3,,,,34,168,361.7688975
8/15/2011 0:00,4,4,23.61159416,133.1576535,41.63943029,44,60,219.0716376
8/15/2011 1:00,1,3,33.8527984,71.78290323,32.68908506,40,110,295.0091874
8/15/2011 2:00,2,2,8.113055935,95.28048902,48.34332303,44,1,171.4657414
8/15/2011 3:00,4,2,12.35927248,126.6675424,13.95855961,31,80,223.2668592
8/15/2011 4:00,4,4,9.351297263,103.6829315,48.04955912,11,134,236.1461121
8/15/2011 5:00,4,2,,,,20,59,190.8260448
8/15/2011 6:00,3,3,16.59005403,128.6241948,36.4401491,14,188,345.8596935
8/15/2011 7:00,1,2,25.70195686,109.7100905,43.17631688,34,79,238.0980744
8/15/2011 8:00,4,4,54.43531362,238.7168831,116.4835691,2,112,219.3073548
8/15/2011 9:00,1,3,22.19454313,126.669571,42.29973389,1,26,122.1037724
8/15/2011 10:00,3,1,32.94493058,148.3814502,27.0957558,5,0,120.1950308
8/15/2011 11:00,4,3,31.13732583,72.77822972,30.96262326,15,85,184.2551836
8/15/2011 12:00,3,2,33.68343775,117.5523789,23.62088595,22,154,291.1418327
8/15/2011 13:00,3,1,30.59972267,129.1055045,7.250878847,30,79,188.2200742
8/15/2011 14:00,1,3,142.7179342,266.3400549,115.3728066,49,59,197.5122507
8/15/2011 15:00,4,1,11.94012807,75.72986189,47.96615996,40,52,161.2698518
8/15/2011 16:00,3,1,9.740541946,111.3419582,41.04337855,29,35,150.8792628
8/15/2011 17:00,4,1,3.932195706,132.363547,37.20385131,2,151,232.5314627
8/15/2011 18:00,1,3,24.51165966,81.46431227,32.25028516,15,34,199.7718926
8/15/2011 19:00,3,2,32.0351001,144.4161338,16.99314714,3,32,108.1506964
8/15/2011 20:00,1,3,,,,45,144,300.5017664
8/15/2011 21:00,4,2,23.65179263,96.88850946,11.42959913,35,68,174.5213763
8/15/2011 22:00,4,3,24.67025071,103.0633453,1.080944782,27,162,290.3058653
8/15/2011 23:00,1,3,,,,49,106,263.5675847
8/16/2011 0:00,2,3,25.0181826,90.70517398,40.36961581,49,174,267.3081509
8/16/2011 1:00,3,2,31.25859312,96.07483161,14.37950376,49,97,203.8813549
8/16/2011 2:00,4,3,,,,27,95,193.1433424
8/16/2011 3:00,4,1,15.67270813,78.80934615,15.82908112,2,88,150.6575706
8/16/2011 4:00,3,3,24.64434729,72.21121791,13.61086379,25,58,185.2483716
8/16/2011 5:00,1,1,14.23316595,66.36126784,22.68891857,38,60,204.9743606
8/16/2011 6:00,1,4,6.925700088,95.0399095,14.11756807,12,149,228.7759346
8/16/2011 7:00,1,4,29.67681931,82.66349724,18.6295507,6,26,135.3651854
8/16/2011 8:00,2,2,26.21476567,131.8342304,43.60293836,12,199,297.888013
8/16/2011 9:00,2,2,26.7712749,154.3667742,16.76583499,3,111,210.5972297
8/16/2011 10:00,4,4,57.22629669,254.0694115,163.4947755,15,89,184.6999514
8/16/2011 11:00,1,3,20.16783565,108.1280548,31.58589592,27,14,155.1534916
8/16/2011 12:00,3,3,15.62580593,71.76523691,17.88958221,46,163,357.5428071
8/16/2011 13:00,4,3,6.692513851,82.15976571,41.54581907,12,108,242.6960957
8/16/2011 14:00,3,4,103.8733196,343.7788781,118.2528344,41,184,366.2389348
8/16/2011 15:00,4,1,,,,9,40,106.3236061
8/16/2011 16:00,2,2,3.341247881,131.9697684,3.752839904,4,172,255.108217
8/16/2011 17:00,4,1,27.48763658,94.18125186,38.62092712,35,170,321.3077057
8/16/2011 18:00,2,4,5.741429376,111.3784654,22.47387757,18,11,173.5705968
8/16/2011 19:00,4,1,34.12741791,79.00805584,18.70256693,29,195,342.8061255
8/16/2011 20:00,1,3,19.65946431,66.91553063,6.243370231,46,194,308.4773315
8/16/2011 21:00,3,3,34.58654332,141.2194132,8.562100816,40,95,221.1954756
8/16/2011 22:00,1,1,9.612157105,71.92310178,39.54198485,47,3,159.2084705
8/16/2011 23:00,4,4,23.10896425,143.1886807,41.56863389,27,192,313.2376939
8/17/2011 0:00,4,1,14.56298753,81.31708415,29.06614294,30,118,223.1854482
8/17/2011 1:00,4,3,29.12355728,122.9083335,13.55856583,35,4,129.4121313
8/17/2011 2:00,2,3,15.31847679,144.6122976,46.22658386,42,129,269.657827
8/17/2011 3:00,3,4,15.89589008,77.64193949,30.67800701,48,45,159.5144116
8/17/2011 4:00,3,1,30.17003745,99.68361174,40.18633734,0,74,202.5684665
8/17/2011 5:00,4,3,16.00127896,119.7257042,0.933879619,8,125,218.8158936
8/17/2011 6:00,4,3,,,,11,136,243.7981957
8/17/2011 7:00,2,1,18.69729212,129.2215649,43.54557336,22,135,286.9982081
8/17/2011 8:00,1,1,28.3432289,80.8638792,17.78050046,11,57,163.167812
8/17/2011 9:00,1,2,13.30900954,83.89951845,34.47644821,41,102,271.2996821
8/17/2011 10:00,3,4,17.89755838,75.86754747,32.81690718,8,62,137.984037
8/17/2011 11:00,2,4,6.539807443,141.9967531,6.395581819,25,188,324.8198863
8/17/2011 12:00,4,1,17.63185748,87.86778161,38.10986766,29,142,294.982026
8/17/2011 13:00,3,4,28.93500215,73.26835351,3.126469934,19,72,164.8774622
8/17/2011 14:00,2,3,17.4172627,117.7033128,37.79431027,15,169,277.3935616
8/17/2011 15:00,1,1,18.2098435,102.6286328,49.19582032,12,177,282.9855294
8/17/2011 16:00,2,1,5.964464619,97.97648423,47.09453255,34,93,231.9761216
8/17/2011 17:00,1,1,10.02270495,77.62500569,40.34006808,49,178,339.9021421
8/17/2011 18:00,2,2,8.543798626,137.2105731,25.6895691,3,152,226.2930565
8/17/2011 19:00,3,4,21.21332435,116.2961795,32.60471476,24,149,269.7987462
8/17/2011 20:00,1,2,19.83678868,91.94624024,37.92237008,12,21,179.311087
8/17/2011 21:00,3,3,37.34385907,79.5088348,2.230787226,27,93,250.1589959
8/17/2011 22:00,3,4,7.764493432,111.8974065,4.530145478,44,116,282.3291583
8/17/2011 23:00,1,2,20.14563354,133.1668095,30.91965048,11,73,176.7016064
8/18/2011 0:00,1,1,,,,23,196,381.3210709
8/18/2011 1:00,4,2,18.87210945,72.48155036,44.03864271,27,196,352.3217241
8/18/2011 2:00,4,1,26.48092533,82.50874473,23.55443372,0,193,292.5210174
8/18/2011 3:00,4,2,,,,33,63,200.9819262
8/18/2011 4:00,3,2,,,,2,149,235.5752691
8/18/2011 5:00,3,2,,,,21,140,271.113064
8/18/2011 6:00,4,1,15.33742098,96.04863006,45.79158655,20,154,290.0753193
8/18/2011 7:00,3,2,2.416809651,70.54759827,7.39386357,26,46,191.3324665
8/18/2011 8:00,3,4,11.21784175,90.34750572,38.59758647,20,90,202.8048634
8/18/2011 9:00,1,4,15.60286894,103.3952565,29.71315713,21,20,94.98555685
8/18/2011 10:00,1,4,21.04109882,150.1657145,30.67839161,12,30,147.4213448
8/18/2011 11:00,3,1,4.74423185,75.3791515,40.36341889,43,120,282.3426576
8/18/2011 12:00,4,1,16.5577902,133.1589321,10.5592078,15,37,120.7534108
8/18/2011 13:00,2,4,18.80271896,98.88076378,25.69629516,45,38,178.356193
8/18/2011 14:00,4,4,18.66159288,126.0132455,15.89258285,23,163,324.296305
8/18/2011 15:00,2,4,35.28173545,114.7212416,3.433428495,45,99,205.9192391
8/18/2011 16:00,4,3,7.24414203,76.47886241,5.493287215,16,192,297.4826215
8/18/2011 17:00,1,4,33.64070239,148.0333585,6.003342974,4,10,156.5799884
8/18/2011 18:00,3,2,24.43845807,74.4724587,31.82696765,37,68,207.6684371
8/18/2011 19:00,3,3,25.41368839,119.5401643,4.72426538,41,33,156.1277849
8/18/2011 20:00,1,3,,,,26,4,127.6683559
8/18/2011 21:00,2,1,19.4431704,83.19107443,30.8155374,40,19,181.6279823
8/18/2011 22:00,2,2,28.46520217,117.9456108,45.37811554,31,62,184.7164677
8/18/2011 23:00,2,1,28.43281875,134.934786,31.354009,25,44,184.7202633
8/19/2011 0:00,1,1,10.22090908,141.0271137,50.37939713,6,169,279.8136714
8/19/2011 1:00,2,2,9.203943963,127.369372,2.426708753,35,12,154.2474865
8/19/2011 2:00,1,1,20.93809944,92.17666852,34.45341027,6,136,259.5525479
8/19/2011 3:00,4,2,,,,42,132,262.8326292
8/19/2011 4:00,4,2,12.48703127,131.8186442,35.3625767,26,165,260.313319
8/19/2011 5:00,1,1,22.86069497,124.0961348,17.83121645,37,93,241.8516804
8/19/2011 6:00,3,4,27.9954614,147.3995261,31.15439927,47,176,316.6188603
8/19/2011 7:00,4,1,27.89851793,66.73085844,15.87813093,47,91,222.1188191
8/19/2011 8:00,2,3,21.06816374,79.28670674,8.726917384,23,100,236.3248876
8/19/2011 9:00,1,1,16.35088957,115.7600998,37.46783683,23,155,313.8249153
8/19/2011 10:00,2,2,36.08925618,135.2592965,46.01085106,44,120,256.8383261
8/19/2011 11:00,2,3,21.33102717,104.72924,10.04998229,43,123,263.7003393
8/19/2011 12:00,3,2,28.97462249,138.0149542,43.96870976,28,170,259.965013
8/19/2011 13:00,2,4,15.24883396,142.6763846,6.709835652,26,197,313.7083686
8/19/2011 14:00,3,4,24.25123823,140.8200772,37.75154892,33,168,304.9990984
8/19/2011 15:00,4,3,74.62776502,528.2260787,192.4325534,20,171,287.718241
8/19/2011 16:00,1,4,9.699269797,132.7137207,7.468951874,44,156,286.4380689
8/19/2011 17:00,2,4,,,,0,67,186.0491748
8/19/2011 18:00,1,1,,,,9,24,131.9853368
8/19/2011 19:00,2,1,26.84818175,75.42401919,19.79655137,29,195,398.8803826
8/19/2011 20:00,1,4,15.89587239,76.73372769,38.2668293,27,13,143.4190505
8/19/2011 21:00,2,4,,,,41,186,241.7635715
8/19/2011 22:00,2,1,20.19386602,64.0704089,46.97531639,29,61,153.7688943
8/19/2011 23:00,2,4,,,,27,144,284.0646073
8/20/2011 0:00,2,4,12.41396131,144.2124006,27.45332584,28,116,221.7729223
8/20/2011 1:00,2,2,22.52634139,128.7106529,21.01900066,30,146,255.6064966
8/20/2011 2:00,2,4,32.65466587,90.35399876,47.32865582,42,156,257.8376987
8/20/2011 3:00,2,3,13.13511302,134.8071471,1.072931466,40,99,221.6838102
8/20/2011 4:00,2,2,,,,3,65,170.7748083
8/20/2011 5:00,2,3,26.87174737,80.42850703,23.18221991,48,44,200.5032394
8/20/2011 6:00,1,4,23.30434323,142.2424299,30.72557118,18,70,154.3024918
8/20/2011 7:00,3,1,26.30735522,87.97170957,17.44503959,9,27,157.0327391
8/20/2011 8:00,2,2,,,,44,58,163.1006785
8/20/2011 9:00,3,1,17.41994381,94.91735431,27.13381589,30,181,320.9516309
8/20/2011 10:00,2,2,69.77455446,336.1623379,140.9196717,33,7,146.8955485
8/20/2011 11:00,2,1,9.089212988,140.0304716,33.50634235,40,9,117.7245983
8/20/2011 12:00,1,2,9.206461457,82.34432302,18.83004433,38,20,123.1270778
8/20/2011 13:00,4,2,27.21727716,149.7822849,3.855158585,41,34,183.1664576
8/20/2011 14:00,4,3,7.07535644,71.55777136,41.33855577,43,3,125.8724707
8/20/2011 15:00,1,1,34.0082601,102.0904772,14.22535365,30,180,300.9251689
8/20/2011 16:00,3,3,27.03121171,143.9171268,41.73700728,10,84,211.2314279
8/20/2011 17:00,4,3,29.99399014,143.1965836,31.63180222,35,24,169.9566735
8/20/2011 18:00,1,1,30.2617321,86.6628363,18.01943343,43,19,131.0754296
8/20/2011 19:00,1,2,18.0589562,84.87301848,29.03803279,43,198,335.9175969
8/20/2011 20:00,4,3,29.76221938,129.6580281,31.86454949,31,198,297.4547252
8/20/2011 21:00,3,1,,,,22,95,239.5655597
8/20/2011 22:00,1,2,7.113141294,107.4524325,43.15487454,39,95,276.5341081
8/20/2011 23:00,2,3,29.21520004,128.0998265,8.007004527,45,126,242.056955
8/21/2011 0:00,3,3,7.062442442,111.7065325,47.38088547,38,21,154.4460147
8/21/2011 1:00,3,3,31.93402398,84.92966236,21.27454294,2,48,173.8760728
8/21/2011 2:00,4,2,24.49911945,111.8333576,41.8181743,27,88,212.0497886
8/21/2011 3:00,4,3,25.79275428,134.1416355,12.1302956,24,5,142.1398341
8/21/2011 4:00,2,2,10.93505083,117.1822243,0.856116915,27,178,302.8140837
8/21/2011 5:00,1,4,,,,18,154,236.5330021
8/21/2011 6:00,4,3,3.581815671,93.42395611,15.93173873,45,145,289.7760846
8/21/2011 7:00,4,4,25.45123406,87.44279298,50.27225717,18,11,158.9980653
8/21/2011 8:00,3,1,7.983869807,90.60605535,2.738040399,41,27,173.5795416
8/21/2011 9:00,4,3,25.53115973,115.1025055,1.209928461,43,18,205.8322327
8/21/2011 10:00,4,1,8.252291922,86.02713533,1.971679059,28,42,112.9481143
8/21/2011 11:00,4,1,,,,49,98,254.4358808
8/21/2011 12:00,4,1,22.44767401,124.3427709,29.57662501,18,142,236.5954463
8/21/2011 13:00,3,4,11.32749624,118.6930405,25.60892835,17,196,282.7379808
8/21/2011 14:00,2,2,29.36271239,79.40818508,16.5253739,44,35,215.0107051
8/21/2011 15:00,2,4,12.10213163,128.8640109,4.440475907,48,96,232.29923
8/21/2011 16:00,1,4,16.7891423,130.295546,12.51314641,23,84,192.3742554
8/21/2011 17:00,4,1,19.75044024,70.50870004,7.123855972,37,41,184.199125
8/21/2011 18:00,3,3,11.43393648,75.3539934,36.02365444,15,90,136.2875315
8/21/2011 19:00,1,2,,,,17,125,278.4803013
8/21/2011 20:00,1,1,31.00340343,93.36004951,38.89134799,40,44,236.9384719
8/21/2011 21:00,2,2,,,,12,29,164.2302065
8/21/2011 22:00,3,4,5.513254583,83.12589018,45.11740671,3,38,149.1077376
8/21/2011 23:00,3,2,13.48595438,79.78596226,25.38556944,12,173,274.2220261
8/22/2011 0:00,3,2,15.36038257,149.5964741,21.46524096,34,185,282.4341644
8/22/2011 1:00,2,3,21.17766319,130.4257576,44.41897997,3,29,163.4836949
8/22/2011 2:00,2,1,17.54647075,102.2092484,30.7239308,18,108,249.123277
8/22/2011 3:00,2,2,,,,23,183,315.1077653
8/22/2011 4:00,2,2,,,,32,87,224.5843952
8/22/2011 5:00,2,4,16.50601261,127.0278624,49.80426628,32,181,317.5645532
8/22/2011 6:00,4,4,,,,8,85,172.739933
8/22/2011 7:00,4,2,,,,2,36,208.5243547
8/22/2011 8:00,3,1,,,,2,89,177.8918404
8/22/2011 9:00,1,2,,,,29,149,260.6306791
8/22/2011 10:00,3,2,,,,17,96,242.021254
8/22/2011 11:00,1,3,15.08549761,93.64114971,44.46999638,1,23,118.4981528
8/22/2011 12:00,2,1,5.8366377,80.18034257,45.40917177,31,68,193.7757534
8/22/2011 13:00,1,3,9.474537741,102.5110381,2.215222049,42,87,266.7539345
8/22/2011 14:00,3,1,13.36572042,129.5911703,34.22903381,8,98,221.6465767
8/22/2011 15:00,3,1,12.78471789,95.34115125,14.78925243,1,121,239.1419433
8/22/2011 16:00,1,1,8.753469524,134.7180239,34.08759891,19,85,156.6993412
8/22/2011 17:00,4,3,74.18370153,419.1751943,193.2445577,26,160,293.2181321
8/22/2011 18:00,2,3,15.49370275,110.7499477,24.60227578,35,16,116.004961
8/22/2011 19:00,2,3,,,,40,189,310.4946528
8/22/2011 20:00,3,4,14.98036185,143.5208995,44.74060684,45,11,156.3849866
8/22/2011 21:00,4,3,30.79372182,76.51788847,47.96863777,18,29,141.0007317
8/22/2011 22:00,1,4,12.04968257,117.6220267,2.80003739,15,140,269.6848537
8/22/2011 23:00,2,4,20.31881781,121.3818945,45.10392705,25,5,148.1505746
8/23/2011 0:00,4,4,22.02340358,98.80229304,5.487027778,13,194,327.3698823
8/23/2011 1:00,2,2,16.16240519,81.5086108,16.04733648,46,124,224.6461226
8/23/2011 2:00,4,2,51.80871671,374.5787074,160.0932545,17,10,192.8231843
8/23/2011 3:00,4,2,14.74513425,142.8482019,39.0627635,27,127,248.1773575
8/23/2011 4:00,3,4,21.09643236,136.3116749,36.34707358,46,123,300.274013
8/23/2011 5:00,2,4,10.93266272,142.3284019,3.472681297,18,59,96.42791749
8/23/2011 6:00,1,1,37.03931977,334.9254302,18.15516343,29,9,124.8687312
8/23/2011 7:00,3,4,8.403279915,98.53206809,46.64090978,40,15,105.9794262
8/23/2011 8:00,3,2,33.77605224,62.73295645,3.017035333,20,83,171.9302238
8/23/2011 9:00,1,4,73.60946991,489.6864597,8.206827467,20,169,285.2591549
8/23/2011 10:00,3,4,23.35837846,92.78413953,40.6132909,47,171,302.6712984
8/23/2011 11:00,4,1,20.55197282,99.54033369,32.10556613,29,146,309.1055927
8/23/2011 12:00,4,4,,,,48,99,294.7261452
8/23/2011 13:00,2,3,91.42541976,404.0899388,37.88537921,41,14,120.6226634
8/23/2011 14:00,2,1,16.858819,110.9720141,44.02541059,36,84,199.9660411
8/23/2011 15:00,1,4,33.38370972,83.65707843,49.13483067,40,38,141.637657
8/23/2011 16:00,2,4,,,,45,4,178.2186195
8/23/2011 17:00,4,1,7.849488799,149.2845503,27.64170478,31,85,215.284234
8/23/2011 18:00,1,4,,,,29,30,154.4541745
8/23/2011 19:00,1,2,28.91517568,98.78694595,40.79958226,21,155,279.8295471
8/23/2011 20:00,2,3,,,,23,37,145.0917453
8/23/2011 21:00,4,3,18.22381485,92.47052886,35.13738431,9,179,256.7040904
8/23/2011 22:00,1,2,19.82438442,107.9344674,26.62827692,23,142,260.9011548
8/23/2011 23:00,4,4,23.29138195,62.80005814,27.54153446,0,18,104.3305841
8/24/2011 0:00,4,4,18.60524437,110.4100844,43.25119812,34,162,300.7228821
8/24/2011 1:00,4,3,,,,15,14,74.32412933
8/24/2011 2:00,2,4,1.434902403,131.1969891,43.06809877,4,113,216.8455724
8/24/2011 3:00,3,3,35.40360806,66.21486037,18.74111962,30,87,190.5487652
8/24/2011 4:00,3,3,27.86050779,129.9231219,8.95175823,44,174,316.7366259
8/24/2011 5:00,1,2,19.28786735,114.581179,22.37280231,36,183,340.3215003
8/24/2011 6:00,4,3,,,,24,147,248.4527158
8/24/2011 7:00,2,4,11.78866216,154.0926754,23.75299856,42,8,180.013102
8/24/2011 8:00,4,4,18.99215817,73.3806411,39.22330446,48,4,93.85994912
8/24/2011 9:00,4,1,25.53811381,108.9895835,28.22621033,24,138,302.3690337
8/24/2011 10:00,2,4,,,,2,117,250.1803345
8/24/2011 11:00,3,1,15.44534665,113.2806485,26.62253971,37,102,206.39917
8/24/2011 12:00,4,3,21.93178982,99.36196614,10.89566409,31,90,188.6214448
8/24/2011 13:00,4,4,30.45439102,66.30815792,7.570948141,47,1,97.09087868
8/24/2011 14:00,3,2,2.820497069,118.6998115,45.36312008,19,179,319.5522732
8/24/2011 15:00,2,2,15.68485341,124.8462468,2.531360298,29,147,259.9699392
8/24/2011 16:00,1,2,123.8925226,464.2398814,27.17154823,1,20,102.7405228
8/24/2011 17:00,3,3,20.0562727,66.78724955,0.95546745,4,50,114.1405292
8/24/2011 18:00,1,3,26.05620238,84.07197004,19.97048795,18,157,323.1555552
8/24/2011 19:00,1,1,17.91051573,126.6355689,26.76011463,19,175,258.5848728
8/24/2011 20:00,3,2,33.39825632,74.07776511,0.022621117,21,0,115.4640493
8/24/2011 21:00,4,1,,,,10,162,272.189523
8/24/2011 22:00,1,1,80.19496311,281.8371695,83.56871946,17,153,251.7216649
8/24/2011 23:00,1,4,,,,26,8,109.6264496
8/25/2011 0:00,2,4,7.53964195,140.2850246,41.5117866,30,112,224.5467006
8/25/2011 1:00,4,2,12.33667606,123.347342,33.28797383,34,167,311.5559189
8/25/2011 2:00,1,3,9.771305677,110.0948494,23.19274206,43,20,146.1555814
8/25/2011 3:00,2,4,34.05091374,136.4290376,11.10630496,44,79,265.3050459
8/25/2011 4:00,4,3,28.64148588,124.5216647,41.76438294,20,139,229.1988961
8/25/2011 5:00,3,1,,,,19,36,171.1046429
8/25/2011 6:00,3,1,27.87539546,151.8426153,18.56446579,8,90,138.7608647
8/25/2011 7:00,2,1,19.78685557,112.9756929,45.84841088,30,70,170.1164629
8/25/2011 8:00,3,1,26.8668923,118.4458377,46.99817489,8,151,227.9068391
8/25/2011 9:00,1,2,28.14206046,93.24707262,46.66897696,6,177,243.2495904
8/25/2011 10:00,4,1,1.039741191,142.4717112,49.74190288,32,181,314.8425662
8/25/2011 11:00,1,4,26.60217047,87.27108909,46.20423774,0,109,199.0041719
8/25/2011 12:00,1,1,26.42548188,62.63885302,35.91788379,18,103,145.9163551
8/25/2011 13:00,3,3,21.63081282,78.64203919,14.52578168,2,108,263.1186511
8/25/2011 14:00,1,4,,,,38,155,291.5044772
8/25/2011 15:00,3,3,,,,11,3,107.2307177
8/25/2011 16:00,4,3,75.72508045,461.0202325,53.9080763,29,139,300.4703705
8/25/2011 17:00,4,2,21.18399942,121.9344203,27.07424913,15,66,203.804042
8/25/2011 18:00,1,2,31.50807085,82.58605713,1.458471329,12,164,260.1644291
8/25/2011 19:00,2,3,12.67185918,137.3994109,47.43069435,49,3,86.50565093
8/25/2011 20:00,3,3,,,,23,14,146.9840292
8/25/2011 21:00,3,1,6.096700283,109.4377164,13.18413406,16,155,235.1384941
8/25/2011 22:00,1,4,32.9893518,101.7676797,16.77528462,26,36,192.1732349
8/25/2011 23:00,3,1,24.92800001,131.8117217,49.46259623,28,136,233.6818154
8/26/2011 0:00,3,2,4.221356738,83.79159998,32.97191274,40,13,132.3821449
8/26/2011 1:00,2,2,32.69539784,74.27621863,21.25096185,13,122,187.6141477
8/26/2011 2:00,2,1,25.64294548,82.8354397,25.4923633,4,194,253.0121509
8/26/2011 3:00,1,4,25.59755561,135.2111605,5.309586799,42,110,241.5801839
8/26/2011 4:00,2,3,5.668071584,125.5818202,5.022064421,37,125,248.7560954
8/26/2011 5:00,1,1,16.61474878,91.53707341,29.26985863,5,81,164.5188412
8/26/2011 6:00,4,2,27.93540968,74.91229107,26.47088315,23,49,226.357109
8/26/2011 7:00,1,4,20.88556171,121.26579,16.78221814,39,77,226.8475944
8/26/2011 8:00,4,2,22.74212982,117.4384122,28.07893064,32,24,149.0169487
8/26/2011 9:00,1,4,,,,8,38,55.9613245
8/26/2011 10:00,3,4,14.55057407,126.9338124,47.34224125,41,25,183.4255943
8/26/2011 11:00,2,4,30.21038155,131.1189342,14.42862488,48,59,289.4600893
8/26/2011 12:00,4,1,8.358102872,78.05372029,4.777264915,2,51,139.956948
8/26/2011 13:00,1,1,48.63948946,375.8243619,31.4776597,22,69,159.2515378
8/26/2011 14:00,2,1,4.924415327,73.34265792,3.094673412,20,153,270.4381134
8/26/2011 15:00,1,4,13.22424944,131.6242892,7.629137061,21,47,117.5675745
8/26/2011 16:00,2,4,14.2098485,91.61413569,21.89102211,44,53,203.3431181
8/26/2011 17:00,2,2,,,,7,114,258.4593384
8/26/2011 18:00,1,3,25.02230042,130.3914688,14.07556978,19,168,259.2963068
8/26/2011 19:00,4,1,17.17673808,122.4385441,21.56337598,13,115,201.2364891
8/26/2011 20:00,4,4,21.4865259,72.35897511,47.32284731,29,128,246.9763131
8/26/2011 21:00,3,2,8.845203128,65.78238088,14.61827896,7,113,197.3020889
8/26/2011 22:00,2,2,9.046062213,95.85606475,42.56383625,18,20,84.94063002
8/26/2011 23:00,3,2,20.19403871,109.3050808,9.848049452,44,109,233.7244985
8/27/2011 0:00,3,1,24.40409781,128.3275058,8.665168609,37,71,182.6428382
8/27/2011 1:00,1,1,27.46101703,105.5850893,22.4186922,35,152,320.2212489
8/27/2011 2:00,1,3,16.31837871,114.1443621,14.90360258,5,17,148.8573353
8/27/2011 3:00,1,2,24.2620062,128.2065921,44.13287676,33,14,181.0869763
8/27/2011 4:00,2,1,24.84880805,104.9172213,2.547157111,9,41,166.1908331
8/27/2011 5:00,1,2,,,,30,19,147.2840689
8/27/2011 6:00,1,4,47.63812836,420.0766845,124.4437767,10,15,90.84984195
8/27/2011 7:00,2,2,,,,42,134,307.8370554
8/27/2011 8:00,2,3,20.58727169,78.85002977,37.19061126,34,94,230.4587762
8/27/2011 9:00,4,1,36.80363064,89.23512919,22.53411992,10,92,156.5556918
8/27/2011 10:00,1,4,7.899487899,74.70324508,37.65092194,39,80,183.5520683
8/27/2011 11:00,1,1,17.88024911,123.6476075,39.95943223,31,132,217.0272731
8/27/2011 12:00,1,4,12.87630646,109.2441691,16.26532929,48,145,223.3502769
8/27/2011 13:00,4,2,16.72692084,91.19720461,22.07021045,25,77,205.5383311
8/27/2011 14:00,1,2,5.914276075,141.7331656,10.95241677,21,94,169.717927
8/27/2011 15:00,4,3,,,,0,145,214.147355
8/27/2011 16:00,3,3,20.81116713,151.4889287,-0.600465907,47,63,202.9624303
8/27/2011 17:00,4,4,13.3287443,68.04253667,49.7139449,28,152,266.1319845
8/27/2011 18:00,3,3,8.518304007,137.7241126,22.07810261,38,25,133.3370504
8/27/2011 19:00,1,3,,,,21,196,354.2797123
8/27/2011 20:00,3,3,6.862359121,66.66367194,0.139864689,31,143,219.8837461
8/27/2011 21:00,4,3,31.46009216,90.1162837,15.09621735,24,190,261.1539382
8/27/2011 22:00,2,2,,,,39,199,343.3617844
8/27/2011 23:00,3,3,27.19735194,74.65322138,18.0076258,44,76,192.8140256
8/28/2011 0:00,3,2,,,,28,57,156.6121314
8/28/2011 1:00,1,2,33.23227728,128.7879914,2.367826124,36,95,190.1700367
8/28/2011 2:00,4,1,,,,31,154,286.658709
8/28/2011 3:00,3,2,20.71471397,85.92369506,46.19036485,29,176,303.2531882
8/28/2011 4:00,3,2,18.71787357,84.75488421,20.75846263,17,46,158.0294867
8/28/2011 5:00,3,3,101.1070454,490.4782591,180.6393323,43,70,186.9386501
8/28/2011 6:00,3,2,20.3206193,75.92949851,1.710561663,47,122,237.8680367
8/28/2011 7:00,2,4,8.492751254,100.7766701,39.94685804,2,177,265.4776797
8/28/2011 8:00,4,3,4.100312936,87.42429661,2.891421191,11,45,176.338262
8/28/2011 9:00,1,3,96.22926491,495.4667075,168.9119246,19,7,164.3584254
8/28/2011 10:00,1,3,17.16929494,77.99717319,44.91422825,49,1,174.6258815
8/28/2011 11:00,2,1,,,,7,145,258.4289239
8/28/2011 12:00,4,3,,,,30,35,185.6936734
8/28/2011 13:00,3,2,,,,23,87,165.7418995
8/28/2011 14:00,2,4,27.95380457,91.85930281,12.52554506,12,118,199.7584577
8/28/2011 15:00,4,3,3.042429221,112.27394,33.3134067,7,41,154.8751143
8/28/2011 16:00,3,3,16.45489579,71.00690671,21.18839093,41,101,229.5699294
8/28/2011 17:00,2,4,25.18533022,143.7201618,0.975420853,13,138,252.2115459
8/28/2011 18:00,4,3,,,,14,58,192.4419124
8/28/2011 19:00,1,1,9.821369191,116.3519991,32.25653208,20,179,314.7504104
8/28/2011 20:00,1,2,,,,14,48,120.2722647
8/28/2011 21:00,4,4,17.33169347,86.51170765,31.54978264,25,183,299.3281103
8/28/2011 22:00,1,4,,,,37,103,203.3197177
8/28/2011 23:00,4,1,148.3589352,422.2641831,29.42035635,45,197,309.5964712
8/29/2011 0:00,3,2,31.64638769,147.6873293,21.84803665,37,127,203.5615624
8/29/2011 1:00,4,1,14.96514003,90.65389898,46.89618193,32,73,199.867269
8/29/2011 2:00,3,2,5.42352452,137.2311469,46.0060922,9,29,75.28764489
8/29/2011 3:00,2,1,10.12086837,77.36834907,18.61132346,18,182,302.6265084
8/29/2011 4:00,4,3,4.279244653,144.9944993,17.22110169,10,27,168.527572
8/29/2011 5:00,2,1,3.131463107,98.28870811,5.35467828,2,92,200.6558627
8/29/2011 6:00,1,4,16.26635287,95.77570458,2.521622292,22,178,292.2740684
8/29/2011 7:00,3,4,31.20799494,93.85367988,16.88140446,5,26,167.722503
8/29/2011 8:00,4,4,29.68229147,130.7547318,47.75291189,40,126,266.4840749
8/29/2011 9:00,2,1,15.2197053,124.7293482,50.9798204,40,97,201.7500522
8/29/2011 10:00,3,4,23.85767443,99.69021645,39.34113808,28,51,173.3571963
8/29/2011 11:00,3,4,2.966647398,108.2281048,16.32843731,3,161,313.3664019
8/29/2011 12:00,1,3,10.97463675,59.1729207,6.377052035,2,159,218.768149
8/29/2011 13:00,1,3,2.171611549,93.92815001,29.99195742,19,43,111.1152581
8/29/2011 14:00,3,2,26.3541474,84.61832407,31.39433844,42,131,281.9378974
8/29/2011 15:00,3,2,4.85677141,107.8732104,20.5701478,48,47,178.7407096
8/29/2011 16:00,4,2,30.06093059,110.142657,35.29284544,7,97,178.4739183
8/29/2011 17:00,3,1,21.66918136,126.2275871,36.18374303,5,15,72.63026503
8/29/2011 18:00,4,2,10.01384579,122.1191177,38.11027354,4,187,222.8739568
8/29/2011 19:00,3,1,9.195748736,86.2042164,24.80548707,7,46,99.65610222
8/29/2011 20:00,1,1,19.42905659,125.6615771,39.37014066,7,109,254.7684518
8/29/2011 21:00,4,2,,,,34,74,198.0261447
8/29/2011 22:00,2,2,25.51746079,121.8758229,33.21506469,18,14,63.39312667
8/29/2011 23:00,1,1,17.70359365,71.35616251,11.15598726,47,101,273.7583317
8/30/2011 0:00,4,3,,,,9,93,229.2524682
8/30/2011 1:00,4,4,13.53810185,102.4358714,5.468792089,34,183,344.0561668
8/30/2011 2:00,2,4,,,,8,143,228.474911
8/30/2011 3:00,4,4,29.37900233,118.0779284,50.16765517,7,128,217.0582374
8/30/2011 4:00,3,3,17.95440956,66.18751328,20.99946985,7,152,253.2231004
8/30/2011 5:00,2,1,15.9024374,80.30281757,47.06471681,7,63,202.0973718
8/30/2011 6:00,1,2,79.39377604,392.3491184,32.77653126,19,91,183.3906613
8/30/2011 7:00,1,1,8.238738975,129.320149,10.02606092,6,42,115.3770132
8/30/2011 8:00,3,1,4.461150625,92.94452084,26.21729571,45,13,168.8514386
8/30/2011 9:00,1,2,15.11956718,84.69743047,18.47540112,21,175,322.2305
8/30/2011 10:00,4,3,30.32524345,107.4216437,32.51402488,16,67,171.3408658
8/30/2011 11:00,4,4,21.55687556,112.8250398,21.9801876,43,13,166.0095159
8/30/2011 12:00,3,4,11.69020969,92.3825562,37.86792187,4,142,239.241457
8/30/2011 13:00,1,1,29.00160831,127.0534656,21.63721633,33,144,259.3024547
8/30/2011 14:00,1,3,,,,24,91,179.9331892
8/30/2011 15:00,3,4,8.967926498,61.09089326,17.65685676,46,179,280.1674836
8/30/2011 16:00,2,3,12.45147108,79.09989279,35.92030173,42,137,250.3120478
8/30/2011 17:00,1,2,19.78888906,102.4710708,33.08091242,14,16,90.44500649
8/30/2011 18:00,2,1,18.45867061,121.4434258,19.52533786,30,135,263.2030139
8/30/2011 19:00,1,1,,,,44,1,171.1966702
8/30/2011 20:00,1,3,26.81278189,139.6716506,29.89027773,18,183,296.7623404
8/30/2011 21:00,1,4,12.69625849,90.44108594,47.16933672,43,64,168.9927258
8/30/2011 22:00,1,3,21.76869524,106.6580757,6.161299017,30,182,327.246908
8/30/2011 23:00,4,2,,,,46,118,262.4638135
8/31/2011 0:00,2,4,31.79188417,135.7345358,28.73081573,11,196,311.3739258
8/31/2011 1:00,2,4,22.34886172,132.0873829,27.45452068,22,98,193.9198939
8/31/2011 2:00,1,3,,,,49,106,278.474006
8/31/2011 3:00,1,2,20.22278397,138.2489617,31.26684565,22,116,261.2924668
8/31/2011 4:00,2,4,23.33118511,94.26057702,41.83096533,35,163,281.8942721
8/31/2011 5:00,4,1,3.583972838,123.8096501,27.05737053,10,8,128.9416359
8/31/2011 6:00,3,2,23.55135096,137.0556091,12.92691886,21,141,284.4045527
8/31/2011 7:00,3,4,5.90466228,114.0878564,34.82842109,46,73,194.3705125
8/31/2011 8:00,2,3,5.691184803,141.5176863,46.50953968,29,21,136.8663246
8/31/2011 9:00,1,4,20.50735937,135.7130756,40.37074035,4,15,110.6690331
8/31/2011 10:00,1,1,22.52978016,138.6900005,9.269590244,36,168,260.3124995
8/31/2011 11:00,4,2,4.60330885,79.39929138,16.33095056,19,194,315.468795
8/31/2011 12:00,3,4,30.52558585,93.15005196,27.09762651,9,155,283.8664232
8/31/2011 13:00,4,1,32.57969943,110.2517422,28.1483698,21,93,198.8459809
8/31/2011 14:00,3,4,,,,41,156,296.3298892
8/31/2011 15:00,2,4,19.65506539,110.5904989,10.01912487,29,192,352.0636413
8/31/2011 16:00,3,2,23.86182063,64.00173277,39.52005777,29,155,260.9234947
8/31/2011 17:00,4,3,9.311038703,130.0485044,37.75511995,21,85,205.857838
8/31/2011 18:00,4,3,17.38629894,141.7878792,42.73411373,37,31,139.9273629
8/31/2011 19:00,4,1,30.34746529,91.85548649,47.17945181,37,179,287.0803844
8/31/2011 20:00,2,1,31.78426316,76.96348689,17.08583083,37,10,146.2222193
8/31/2011 21:00,3,1,144.5929176,231.1714995,173.8918035,6,153,255.1783603
8/31/2011 22:00,3,2,10.17892808,86.33367584,32.51139736,49,158,312.5612239
8/31/2011 23:00,4,3,9.506958337,122.5372628,49.07671972,35,19,145.1657504
9/1/2011 0:00,3,1,9.4942014,131.9346468,14.72015595,13,83,198.8071353
9/1/2011 1:00,1,1,,,,10,196,344.7902866
9/1/2011 2:00,1,4,12.55793567,103.3582538,34.80577284,6,168,294.5938999
9/1/2011 3:00,1,4,13.1436369,110.8502281,48.23687336,31,66,195.9199127
9/1/2011 4:00,3,1,17.55871853,83.51848589,41.77009669,17,43,163.8875495
9/1/2011 5:00,2,4,28.51126861,114.4321795,37.26624164,33,187,299.7451607
9/1/2011 6:00,2,4,22.35146136,123.7102666,18.34068596,1,94,178.9084337
9/1/2011 7:00,2,4,,,,6,105,214.4298234
9/1/2011 8:00,2,2,,,,42,134,267.2573951
9/1/2011 9:00,1,1,1.756841143,121.0410603,35.81187801,30,93,235.3903453
9/1/2011 10:00,1,1,23.40731753,87.8269358,34.6991822,17,53,196.5838756
9/1/2011 11:00,4,4,14.45082277,74.82396639,3.927463905,19,190,294.4906109
9/1/2011 12:00,3,2,21.48509346,76.35876194,32.86989477,6,81,115.2390016
9/1/2011 13:00,3,4,3.187109444,90.72459849,23.4977939,21,12,182.5130774
9/1/2011 14:00,2,2,,,,36,32,136.8844924
9/1/2011 15:00,1,1,19.84753886,81.50650573,30.30089355,33,134,261.2860961
9/1/2011 16:00,2,4,26.61773164,117.274435,30.48057679,45,157,312.227937
9/1/2011 17:00,4,1,29.0542332,114.9026166,51.53097296,38,10,178.6443019
9/1/2011 18:00,3,2,18.16567469,67.34440717,4.464102756,41,69,252.5280531
9/1/2011 19:00,3,3,18.08338571,81.42423997,13.30433342,49,20,146.4027678
9/1/2011 20:00,2,2,28.8728446,116.4187897,33.75454433,39,31,193.9815939
9/1/2011 21:00,4,3,16.82539196,84.24781016,15.18785665,15,132,241.2022411
9/1/2011 22:00,3,1,15.39377466,97.63883832,17.30578958,13,105,288.5309006
9/1/2011 23:00,4,1,,,,40,92,253.2200829
9/2/2011 0:00,4,4,21.88859082,63.82861392,29.2971497,31,34,147.8544731
9/2/2011 1:00,2,3,28.86399282,87.28844129,5.350533276,37,46,147.3584698
9/2/2011 2:00,1,2,8.572562735,67.41228713,16.65114086,38,11,58.32492506
9/2/2011 3:00,2,1,17.0860426,73.03366873,4.80106353,25,36,169.3348611
9/2/2011 4:00,1,3,,,,29,43,190.3200164
9/2/2011 5:00,4,2,8.393766032,101.7506263,9.199440362,40,21,171.4023414
9/2/2011 6:00,1,3,25.77249531,104.326234,42.93262182,38,138,193.408073
9/2/2011 7:00,4,2,4.498655537,121.7078993,29.62612479,8,86,144.2421591
9/2/2011 8:00,3,2,25.69748482,77.62935026,2.004931143,31,54,187.3791795
9/2/2011 9:00,3,2,85.68228882,315.6455546,52.78140234,6,9,156.4921777
9/2/2011 10:00,3,2,,,,11,169,266.2318459
9/2/2011 11:00,2,3,15.37865388,128.5873578,17.59351698,22,116,258.6160062
9/2/2011 12:00,2,3,21.7215664,97.32822387,25.68307105,16,79,151.8102562
9/2/2011 13:00,4,4,20.80981026,87.62349484,46.69531867,20,75,189.0283085
9/2/2011 14:00,3,3,14.10621342,128.6605206,16.91996684,11,182,272.5466742
9/2/2011 15:00,2,3,29.94834357,87.93659547,16.23667754,21,177,321.386177
9/2/2011 16:00,3,4,,,,22,159,252.5354216
9/2/2011 17:00,2,3,68.99146161,294.8714052,68.49461836,4,87,229.0129149
9/2/2011 18:00,1,2,6.947042906,90.44561274,2.471339125,17,195,290.4431868
9/2/2011 19:00,1,1,,,,36,96,187.5507024
9/2/2011 20:00,3,1,4.598124266,99.62749008,47.88543839,36,17,109.5294079
9/2/2011 21:00,4,4,19.12968949,119.6997247,45.61228779,6,110,184.9178528
9/2/2011 22:00,2,3,24.98772577,103.2369408,10.73684557,2,84,184.67973
9/2/2011 23:00,2,3,9.609534488,69.2359653,25.62630713,0,64,133.2353585
9/3/2011 0:00,1,4,13.51402469,92.55996003,7.634401699,5,122,189.8924882
9/3/2011 1:00,1,1,12.50068495,116.3729617,33.20148181,6,107,227.1731069
9/3/2011 2:00,4,2,26.62477189,64.03039485,8.330759322,26,152,169.1143671
9/3/2011 3:00,4,3,,,,30,122,226.5265405
9/3/2011 4:00,4,4,,,,7,30,84.36791359
9/3/2011 5:00,3,2,32.65795794,69.2414391,14.85206536,13,146,220.3104975
9/3/2011 6:00,1,4,20.45308169,127.3480517,7.535330646,14,88,196.6517052
9/3/2011 7:00,3,4,22.55388801,101.5448724,39.47893798,6,112,199.1543092
9/3/2011 8:00,1,4,,,,6,17,101.4163949
9/3/2011 9:00,1,1,13.27953625,118.814311,34.46205762,32,195,349.9407297
9/3/2011 10:00,2,1,21.43007219,94.83277968,44.95050815,40,160,286.8190123
9/3/2011 11:00,1,4,,,,6,69,216.3813613
9/3/2011 12:00,1,3,52.66258214,293.5259244,23.71141013,19,6,133.5375107
9/3/2011 13:00,3,2,8.818199202,113.3324119,4.768200668,6,0,64.14257229
9/3/2011 14:00,1,3,14.97512022,71.64221701,14.96997209,49,101,295.1387339
9/3/2011 15:00,3,1,,,,13,98,206.4312502
9/3/2011 16:00,4,2,1.479737166,85.891613,25.65183989,14,86,243.2126451
9/3/2011 17:00,1,4,19.51949479,81.41354958,1.277582252,17,79,175.0494668
9/3/2011 18:00,1,3,,,,9,58,162.1714136
9/3/2011 19:00,3,3,22.22892939,125.770286,9.844720677,34,33,166.9400185
9/3/2011 20:00,4,4,13.12930533,115.8019141,19.08508494,26,179,286.9053171
9/3/2011 21:00,2,3,15.72961844,119.9002629,33.28781415,42,138,305.0784712
9/3/2011 22:00,4,1,28.4246686,133.4305553,17.23576678,0,7,151.8704771
9/3/2011 23:00,3,4,33.15332096,62.79673599,16.86027888,27,87,132.0623783
9/4/2011 0:00,4,3,18.08997212,77.10128269,51.60071273,33,52,196.2818721
9/4/2011 1:00,3,4,2.86596594,94.7498521,36.80794955,47,142,248.9743651
9/4/2011 2:00,3,2,31.08406146,93.34182798,27.75957634,2,27,37.99738874
9/4/2011 3:00,2,4,17.73173419,104.9413554,29.98943263,48,141,291.2643574
9/4/2011 4:00,1,3,,,,2,89,193.3041864
9/4/2011 5:00,3,1,4.946880185,74.1139474,0.39082421,10,185,302.101973
9/4/2011 6:00,3,4,7.645538537,95.7000861,4.392473997,3,56,156.8011747
9/4/2011 7:00,2,4,7.185102417,133.7257016,32.58085539,29,179,320.8932801
9/4/2011 8:00,3,3,,,,38,36,142.5232489
9/4/2011 9:00,1,1,30.18949364,59.56693898,2.744170771,31,1,126.4869386
9/4/2011 10:00,2,1,18.06197254,129.1303147,13.01158219,15,161,283.5040935
9/4/2011 11:00,1,2,,,,16,33,176.119992
9/4/2011 12:00,1,2,28.73640456,81.75635145,45.95514633,10,57,154.81888
9/4/2011 13:00,2,3,,,,35,72,187.0618608
9/4/2011 14:00,3,1,30.06136967,122.2624553,7.848923856,31,188,303.7907773
9/4/2011 15:00,1,1,29.10594352,121.57209,30.64210805,34,107,191.6123719
9/4/2011 16:00,1,2,77.90363947,430.7664435,110.3845533,26,116,251.4811191
9/4/2011 17:00,1,2,31.1055232,94.20552887,29.87117163,47,181,270.6451134
9/4/2011 18:00,1,3,25.25561856,91.56359531,23.00993954,33,115,246.0657782
9/4/2011 19:00,2,1,,,,4,113,205.8463209
9/4/2011 20:00,2,4,,,,24,194,257.7521609
9/4/2011 21:00,4,2,21.1292589,118.8475837,10.56713795,27,29,97.43520308
9/4/2011 22:00,4,3,,,,17,82,159.6150948
9/4/2011 23:00,1,1,13.7629309,109.6983123,48.06703643,2,106,183.879837
9/5/2011 0:00,3,1,22.14605148,94.22174624,9.485720921,27,58,215.5847368
9/5/2011 1:00,1,2,,,,1,185,268.82057
9/5/2011 2:00,3,3,10.24957546,124.1817485,8.632879018,33,119,254.5095043
9/5/2011 3:00,1,4,,,,21,151,296.0853334
9/5/2011 4:00,4,2,18.07772529,109.6406058,13.25407234,21,142,281.2544713
9/5/2011 5:00,4,3,22.0982594,103.7486383,1.377708483,29,149,263.8199463
9/5/2011 6:00,3,1,11.73768926,70.1008996,8.760453564,33,159,256.8382692
9/5/2011 7:00,1,4,18.89875786,112.6795357,20.102784,47,74,221.9419587
9/5/2011 8:00,3,3,10.7637934,95.31050579,2.204089752,0,92,157.3814665
9/5/2011 9:00,4,4,,,,28,169,337.3650644
9/5/2011 10:00,1,3,19.99777699,120.8195983,39.93289724,18,186,315.9271883
9/5/2011 11:00,1,3,9.006107132,113.6434491,22.31437096,18,87,197.1264357
9/5/2011 12:00,3,3,17.14581618,67.04091094,48.26105905,40,82,223.2180174
9/5/2011 13:00,2,3,4.644841007,94.49185062,34.93817211,40,54,185.1587818
9/5/2011 14:00,3,4,5.358722778,114.49603,35.94831365,28,132,234.7326255
9/5/2011 15:00,4,2,15.56210161,73.07314033,11.51125597,42,168,310.7131444
9/5/2011 16:00,4,4,,,,32,56,166.4404264
9/5/2011 17:00,4,3,4.677111403,67.7275356,49.68790982,16,52,211.8001779
9/5/2011 18:00,4,4,18.13212116,73.04638533,13.75775616,37,165,266.8907693
9/5/2011 19:00,4,4,29.62067753,66.65963994,34.42408972,0,0,100.9081452
9/5/2011 20:00,2,4,20.45978886,106.7569395,36.84194431,49,59,170.1347836
9/5/2011 21:00,1,3,3.068275525,112.0473198,15.66695622,40,75,176.7940151
9/5/2011 22:00,3,4,20.15545571,96.23592777,23.78285443,32,45,108.9786087
9/5/2011 23:00,3,1,22.32750554,80.98727686,4.692280679,35,3,135.8779281
9/6/2011 0:00,4,3,1.788063037,126.6941245,7.20657023,21,14,104.5320727
9/6/2011 1:00,3,4,29.37487488,62.66275052,2.780967337,17,80,214.9801156
9/6/2011 2:00,4,1,30.3419516,72.95482841,27.11588083,16,115,228.8496766
9/6/2011 3:00,2,4,29.31091904,69.37544555,32.02884828,31,11,131.8699442
9/6/2011 4:00,2,2,,,,19,0,62.0806358
9/6/2011 5:00,1,4,25.62876022,90.02673137,28.06957061,22,76,200.9151576
9/6/2011 6:00,2,4,,,,27,29,121.4760181
9/6/2011 7:00,2,2,26.53019974,84.29050216,2.33767194,45,133,220.3276509
9/6/2011 8:00,1,3,24.62195363,125.4357401,44.67682837,25,72,195.2006302
9/6/2011 9:00,3,2,26.13212381,75.55064424,24.95504292,6,49,102.5088662
9/6/2011 10:00,4,3,11.94578962,125.9128765,36.50689398,40,129,191.4963276
9/6/2011 11:00,4,2,10.5694777,118.7963225,1.072969339,19,5,148.116531
9/6/2011 12:00,3,4,31.68114492,95.89216536,24.48937629,40,74,182.352971
9/6/2011 13:00,1,4,,,,46,89,167.812728
9/6/2011 14:00,3,3,,,,10,91,157.242059
9/6/2011 15:00,2,3,33.10616421,66.7917123,39.6165719,6,76,145.460714
9/6/2011 16:00,1,1,,,,37,165,321.3915341
9/6/2011 17:00,1,1,30.64295309,109.9292198,17.06197385,26,75,136.1481411
9/6/2011 18:00,1,4,24.58335423,130.4642665,40.36498759,8,82,134.8424489
9/6/2011 19:00,4,4,3.027932183,129.622326,22.41721,3,17,134.3941957
9/6/2011 20:00,3,1,,,,48,146,265.4625955
9/6/2011 21:00,1,1,6.217950414,80.89119794,46.36483543,37,155,283.7656399
9/6/2011 22:00,1,3,16.2538717,77.12273636,12.94545742,28,11,109.1717814
9/6/2011 23:00,1,2,,,,48,51,244.4891346
9/7/2011 0:00,3,3,13.33552396,130.4959357,40.46469681,25,86,157.1536688
9/7/2011 1:00,4,1,16.14957911,97.93037249,7.956158271,24,99,216.2804921
9/7/2011 2:00,2,4,13.79762065,66.1441502,25.7180662,13,185,327.8782234
9/7/2011 3:00,4,1,21.92502689,74.68300734,1.951030607,36,21,130.5124542
9/7/2011 4:00,1,4,24.34002797,138.1647906,17.83994385,49,101,212.1213267
9/7/2011 5:00,4,4,14.09792684,133.4606365,36.67437056,27,172,306.7201582
9/7/2011 6:00,4,4,12.3286591,79.04694318,10.74499375,7,61,182.8015356
9/7/2011 7:00,2,4,,,,41,41,142.6550099
9/7/2011 8:00,3,2,25.21573807,82.38495759,24.94939464,10,66,204.4905525
9/7/2011 9:00,3,1,27.81114241,59.81673711,27.06308845,34,136,256.1338268
9/7/2011 10:00,4,3,0.799720575,116.5694832,34.47842192,30,191,320.8325774
9/7/2011 11:00,4,4,,,,33,142,304.1907239
9/7/2011 12:00,3,4,18.40285067,100.9082545,33.71806346,45,157,309.5782497
9/7/2011 13:00,3,3,19.74950722,92.29330059,43.38171033,35,153,272.4799276
9/7/2011 14:00,2,3,5.707529984,82.42534133,12.26634763,16,93,173.3122048
9/7/2011 15:00,1,4,15.47928663,74.01762191,28.10030742,48,196,409.6877078
9/7/2011 16:00,4,3,,,,20,121,201.7346284
9/7/2011 17:00,3,3,10.54312493,117.2719516,50.00375872,25,94,212.9215673
9/7/2011 18:00,4,2,18.71711255,84.64318741,21.49625392,40,126,265.649962
9/7/2011 19:00,4,3,26.57751292,83.3361372,48.48359907,27,21,149.0421555
9/7/2011 20:00,3,1,26.47438976,56.84987455,39.10783637,21,53,222.1359757
9/7/2011 21:00,2,1,17.14880628,65.42311323,36.70812117,40,124,249.6951812
9/7/2011 22:00,4,1,,,,2,57,140.388698
9/7/2011 23:00,2,4,12.32209622,111.1758468,22.5920665,27,180,337.7816299
9/8/2011 0:00,3,1,28.78901837,85.71003944,27.10010991,35,98,213.1093811
9/8/2011 1:00,1,2,17.37984394,126.5210552,14.02611371,1,18,129.4392582
9/8/2011 2:00,1,1,7.562110809,99.21085507,45.65250607,45,161,295.962851
9/8/2011 3:00,4,4,7.624766166,95.95501605,39.5030781,19,141,271.7330365
9/8/2011 4:00,3,2,19.72698487,75.11994706,39.10050883,39,21,165.8398758
9/8/2011 5:00,2,1,19.16412321,129.0412538,21.41211314,49,140,260.9557082
9/8/2011 6:00,4,2,1.392025973,108.2384631,4.08163561,35,122,185.7013416
9/8/2011 7:00,3,2,23.52762351,63.13666915,34.8488996,7,191,231.7771132
9/8/2011 8:00,3,4,25.19354256,118.3465481,17.71556789,38,55,121.7556766
9/8/2011 9:00,2,4,19.96375961,98.36634417,42.84727656,24,199,304.2038
9/8/2011 10:00,4,2,3.725033108,129.8350708,40.0105374,14,41,68.33360271
9/8/2011 11:00,3,1,13.53008213,140.1612782,8.044958635,29,65,173.085336
9/8/2011 12:00,3,4,30.23076618,110.4430115,31.2448442,46,190,323.8707471
9/8/2011 13:00,3,2,,,,33,169,311.5172066
9/8/2011 14:00,2,3,,,,3,33,134.9344953
9/8/2011 15:00,4,3,4.742541327,103.9901885,25.55573636,21,28,159.8323545
9/8/2011 16:00,4,4,19.57682538,120.6460835,11.77633075,24,153,273.1656589
9/8/2011 17:00,4,1,12.80290958,99.85350912,13.73231727,8,150,232.0149671
9/8/2011 18:00,4,3,21.91410491,105.0993995,41.43780962,22,35,137.5144385
9/8/2011 19:00,1,3,32.65118,140.2794317,1.66739902,38,117,213.1173269
9/8/2011 20:00,1,3,13.11677593,77.51509895,39.7608004,49,8,147.4819661
9/8/2011 21:00,4,1,4.390876401,68.50095242,27.3418998,11,84,131.0862336
9/8/2011 22:00,2,1,,,,13,41,169.565899
9/8/2011 23:00,1,4,2.301272385,140.8638183,51.31194041,6,66,126.8597596
9/9/2011 0:00,3,4,29.65054271,122.4995726,34.4570817,30,6,124.1456821
9/9/2011 1:00,1,3,21.87377188,107.206652,21.24436433,5,22,120.1474243
9/9/2011 2:00,3,1,32.08819818,119.8426438,23.71292102,22,159,299.3575191
9/9/2011 3:00,4,2,4.666650798,114.9561604,8.971199153,18,22,73.01369355
9/9/2011 4:00,1,3,-4.455763027,245.6861056,24.56445547,20,15,108.6575865
9/9/2011 5:00,2,4,15.15459674,118.6698692,29.4366678,18,68,185.8895715
9/9/2011 6:00,1,1,,,,46,12,193.9024211
9/9/2011 7:00,1,4,10.75827743,79.6458447,12.24580946,18,9,109.1748688
9/9/2011 8:00,1,4,31.3974976,89.0469555,21.92812505,43,58,166.4821198
9/9/2011 9:00,4,1,24.55555968,86.69205136,26.42641992,33,1,178.0949497
9/9/2011 10:00,2,3,18.64796457,91.2560249,45.97826304,42,179,328.3349088
9/9/2011 11:00,1,1,6.674853474,76.8636898,8.063139448,12,128,264.4398939
9/9/2011 12:00,2,3,25.39582867,87.83729183,12.68045068,35,197,278.9174867
9/9/2011 13:00,4,4,20.05535849,66.90550814,45.83078834,24,53,175.8103999
9/9/2011 14:00,3,1,16.02033495,99.13375125,1.023125521,32,18,100.6495929
9/9/2011 15:00,1,2,30.99904847,120.570103,33.69049271,20,96,159.9708602
9/9/2011 16:00,2,3,8.537173297,124.9757439,33.47497159,33,27,160.5514174
9/9/2011 17:00,2,2,12.07053168,123.5148229,18.88269174,45,132,279.6232782
9/9/2011 18:00,4,3,7.912168392,90.52599396,24.21331145,24,75,167.5803452
9/9/2011 19:00,1,1,24.75052686,121.8964945,44.6288981,17,157,299.9746717
9/9/2011 20:00,3,2,20.46642567,84.55576031,8.887211378,42,18,131.9158191
9/9/2011 21:00,2,1,,,,10,103,187.8598456
9/9/2011 22:00,1,3,6.500382708,108.0376028,26.96118512,18,41,140.8509818
9/9/2011 23:00,3,3,5.846750688,118.8017594,20.0537566,48,152,275.6167366
9/10/2011 0:00,2,3,,,,48,34,203.1957642
9/10/2011 1:00,2,3,13.44805797,103.5003887,47.15561545,33,8,92.5996865
9/10/2011 2:00,3,4,11.73909757,70.04811826,45.75812269,1,38,99.19338275
9/10/2011 3:00,3,3,11.36938823,140.3467756,11.4887562,29,183,259.0543497
9/10/2011 4:00,4,2,27.0976326,107.9031033,14.7893304,44,37,220.2749916
9/10/2011 5:00,1,3,18.70728171,122.6299508,7.934449022,37,14,124.0068089
9/10/2011 6:00,1,1,24.10549237,120.5986586,48.10129679,14,108,181.6598064
9/10/2011 7:00,4,4,5.608194022,82.6998325,21.86176064,10,173,257.0689934
9/10/2011 8:00,2,2,12.63124927,61.64930991,24.59524059,23,164,295.1328334
9/10/2011 9:00,3,4,17.95808074,74.41651495,41.53138421,3,89,194.5470467
9/10/2011 10:00,3,4,,,,18,124,207.3516519
9/10/2011 11:00,3,4,6.322191158,80.58942512,4.87098596,28,59,157.592379
9/10/2011 12:00,2,1,27.71923909,90.73592178,22.01675317,13,61,112.8888003
9/10/2011 13:00,3,4,31.1300678,130.333792,34.00204025,49,30,165.6875688
9/10/2011 14:00,3,4,3.129204347,126.5016612,35.84067363,16,29,165.9683534
9/10/2011 15:00,4,3,72.64115167,421.9059568,140.1918623,7,65,137.0184825
9/10/2011 16:00,2,1,30.59909611,68.04912046,6.333354598,12,6,119.5191611
9/10/2011 17:00,1,2,3.427683135,86.01623535,12.86119052,22,157,243.954359
9/10/2011 18:00,4,2,19.11676868,113.5836657,37.64083415,28,160,237.521262
9/10/2011 19:00,4,2,32.83718516,78.62645841,45.59762053,46,111,259.7721179
9/10/2011 20:00,1,1,141.2516544,460.179377,10.82592249,10,102,264.7662018
9/10/2011 21:00,4,2,14.60723573,135.4262398,3.666456007,15,110,223.6124306
9/10/2011 22:00,2,1,7.489448776,97.49029634,30.82659941,49,37,155.8670448
9/10/2011 23:00,3,3,4.494036947,118.2725029,26.33988614,43,146,260.7747656
9/11/2011 0:00,2,3,28.50569401,61.26462288,8.301339747,22,136,297.504326
9/11/2011 1:00,1,1,29.69587073,118.7544029,28.21461676,11,85,187.4111907
9/11/2011 2:00,1,2,23.089624,53.06485084,50.40510905,37,159,255.1973413
9/11/2011 3:00,4,1,,,,23,157,260.2811077
9/11/2011 4:00,2,1,21.06747538,107.4938241,21.59696206,30,133,251.5751171
9/11/2011 5:00,2,4,19.47793464,113.8720946,41.92466959,37,188,321.1703638
9/11/2011 6:00,1,1,23.56026467,108.7112824,11.57338579,35,164,326.4281728
9/11/2011 7:00,2,4,24.64132869,93.5634464,19.17946028,0,78,198.3170247
9/11/2011 8:00,1,3,20.51990607,111.4536225,26.68109829,25,198,310.9603007
9/11/2011 9:00,2,4,9.147675341,126.2545352,25.23018826,16,147,243.7413546
9/11/2011 10:00,2,1,26.15444798,132.9258097,45.73211832,35,29,157.8388627
9/11/2011 11:00,2,3,15.85439195,132.97513,15.46663059,16,17,96.6853712
9/11/2011 12:00,1,4,10.03087021,117.8750323,2.019215713,36,190,337.3057478
9/11/2011 13:00,4,1,24.76963778,113.7596412,46.57682201,26,188,289.7744111
9/11/2011 14:00,2,3,21.64955176,106.6601976,11.75048043,24,184,304.578708
9/11/2011 15:00,1,4,,,,29,149,311.2223855
9/11/2011 16:00,1,1,6.848088343,65.76013428,25.75966831,40,87,225.3820882
9/11/2011 17:00,2,1,20.75353535,127.1420003,47.62890481,24,94,206.6921108
9/11/2011 18:00,2,2,,,,37,176,279.22252
9/11/2011 19:00,4,2,28.64050252,107.7950415,22.44997537,31,17,127.3750559
9/11/2011 20:00,1,4,3.992676133,91.83768608,32.42995299,11,60,118.6088997
9/11/2011 21:00,1,4,,,,48,81,226.6595682
9/11/2011 22:00,3,4,25.20164968,85.42942922,41.30758131,20,77,114.6058732
9/11/2011 23:00,1,1,13.44844934,93.83043735,8.627652412,41,195,346.6620714
9/12/2011 0:00,4,4,27.6499298,85.17859784,39.29348084,33,134,270.5335457
9/12/2011 1:00,3,1,27.00618941,127.9382043,42.9664881,0,134,218.5016673
9/12/2011 2:00,3,4,10.61196316,63.39148124,34.80452693,12,64,141.5388795
9/12/2011 3:00,3,1,,,,20,39,140.0147715
9/12/2011 4:00,2,1,9.019439049,89.2448444,22.49025075,0,115,143.2548575
9/12/2011 5:00,2,2,10.19101241,141.2602746,32.65809001,12,23,141.1629717
9/12/2011 6:00,1,3,25.71758896,129.0912017,35.49869343,30,159,265.5074188
9/12/2011 7:00,3,1,30.98891995,87.43354222,7.336045234,22,9,157.8522979
9/12/2011 8:00,4,4,,,,2,136,231.128285
9/12/2011 9:00,2,2,17.53406668,106.2946694,9.923140966,10,38,136.2848096
9/12/2011 10:00,4,4,22.38866004,65.86802719,43.70815587,28,130,251.3434669
9/12/2011 11:00,4,4,2.32613744,104.9064796,36.14277887,47,107,206.0229376
9/12/2011 12:00,2,1,13.64071451,73.87977443,21.20391672,17,68,152.7316779
9/12/2011 13:00,2,1,9.303463968,110.3451633,41.69573841,24,6,115.2232069
9/12/2011 14:00,2,3,19.40350637,138.9913455,36.47949073,33,139,244.1310621
9/12/2011 15:00,2,1,,,,17,22,102.8858734
9/12/2011 16:00,3,1,23.29207578,84.29909531,5.011341473,48,88,208.6826217
9/12/2011 17:00,3,3,3.579578333,83.90134248,25.94610138,0,190,272.4516788
9/12/2011 18:00,3,4,25.19624235,62.50152874,35.90508844,27,16,193.6633257
9/12/2011 19:00,3,3,19.5128175,82.4252785,9.824467606,3,77,151.3125996
9/12/2011 20:00,1,3,29.52422677,72.83743696,17.14600039,20,191,271.7247448
9/12/2011 21:00,3,3,13.01022417,98.34901085,22.16243247,5,64,145.4390546
9/12/2011 22:00,2,2,29.12277371,110.8359723,40.2226027,20,85,231.0420729
9/12/2011 23:00,4,4,26.47531071,110.572071,24.54246676,36,27,191.1602854
9/13/2011 0:00,3,2,14.10922487,65.88974817,24.58143274,29,57,225.4137903
9/13/2011 1:00,1,2,12.90834554,86.9849418,22.13899869,19,17,118.7434337
9/13/2011 2:00,2,1,27.63384977,78.35295647,11.85850283,40,109,249.1352636
9/13/2011 3:00,4,3,23.0429,71.98656795,47.43563158,31,120,200.3600946
9/13/2011 4:00,4,3,32.07750284,85.3916168,15.79165671,30,43,143.2309453
9/13/2011 5:00,3,2,23.51531335,81.76128831,27.53464148,35,63,145.3549713
9/13/2011 6:00,4,1,21.7797937,109.1451996,8.183516788,24,36,154.9786298
9/13/2011 7:00,3,1,7.627040454,127.3577719,21.61771102,4,2,87.90660882
9/13/2011 8:00,3,1,8.253208265,96.00588006,46.36003452,7,13,107.513281
9/13/2011 9:00,2,4,,,,16,134,205.3146384
9/13/2011 10:00,2,2,11.31879001,64.37219513,19.13339379,14,144,264.1949608
9/13/2011 11:00,1,4,2.834730077,132.4312361,7.075379844,19,197,224.4368677
9/13/2011 12:00,2,1,26.09142976,71.44346333,16.254201,44,82,199.0602712
9/13/2011 13:00,2,1,23.2085179,74.49552761,16.05267091,46,166,289.3951764
9/13/2011 14:00,3,1,8.069184793,71.21997368,31.40268138,28,132,179.9198429
9/13/2011 15:00,2,3,7.74394667,83.3412842,24.34306961,35,78,205.0651804
9/13/2011 16:00,3,2,17.35275899,104.8999935,38.27082438,49,51,175.3168216
9/13/2011 17:00,3,3,0.605265801,140.9122244,36.71112152,27,108,232.3216756
9/13/2011 18:00,2,4,24.85997733,119.2251332,12.39661365,7,25,172.4564565
9/13/2011 19:00,1,3,12.5086125,90.18693833,38.33714239,13,166,269.1737513
9/13/2011 20:00,1,2,25.72317889,103.0611487,42.90129018,32,172,313.5883171
9/13/2011 21:00,4,3,,,,33,76,230.8105201
9/13/2011 22:00,4,1,20.87793986,122.4229231,46.29002459,28,30,153.1161963
9/13/2011 23:00,2,4,12.18241821,119.4727096,39.39198885,21,150,225.3525785
9/14/2011 0:00,1,4,,,,2,39,72.09729508
9/14/2011 1:00,3,1,13.95493067,113.6681946,46.38619212,47,31,169.5071337
9/14/2011 2:00,4,1,11.3471527,117.7319769,31.01085587,22,100,190.2415382
9/14/2011 3:00,3,1,25.74099431,60.76305195,25.28408772,2,3,123.7307937
9/14/2011 4:00,4,2,12.5940266,74.31459633,21.10545694,5,80,150.9425623
9/14/2011 5:00,2,3,,,,39,83,201.7405472
9/14/2011 6:00,1,4,7.973037055,127.3289403,7.068226779,22,173,240.3729468
9/14/2011 7:00,4,3,15.1264432,316.1167099,94.2576822,11,74,154.8018027
9/14/2011 8:00,1,1,28.79200153,130.4668342,28.23122378,4,41,96.80525472
9/14/2011 9:00,3,1,,,,4,96,154.5180218
9/14/2011 10:00,2,3,17.74665722,89.9943882,32.81152443,2,166,246.4529409
9/14/2011 11:00,1,4,,,,3,197,261.8033711
9/14/2011 12:00,2,2,7.139816316,131.0033747,12.01661982,23,102,283.8616046
9/14/2011 13:00,1,3,20.7155646,80.77449903,43.70780553,4,183,292.0348381
9/14/2011 14:00,3,1,3.711068659,93.37251849,34.30665136,30,46,188.4707728
9/14/2011 15:00,3,1,15.05178451,68.08266836,44.01648028,34,165,275.5783539
9/14/2011 16:00,2,2,18.38259693,101.9958897,14.87355557,41,17,141.0512844
9/14/2011 17:00,3,3,30.14350894,123.4857801,32.20913234,18,1,85.96451249
9/14/2011 18:00,4,2,14.25277961,83.03529106,35.72835554,7,104,269.5573164
9/14/2011 19:00,1,2,2.004860392,124.7919919,19.88512298,27,101,204.5335702
9/14/2011 20:00,3,4,21.29349313,127.8297885,41.85880296,37,181,279.6605568
9/14/2011 21:00,4,4,2.465819825,57.66858914,0.563425219,22,87,166.1265689
9/14/2011 22:00,2,1,,,,6,157,252.7808118
9/14/2011 23:00,4,3,1.560791332,75.60750061,30.89583492,37,3,162.3245946
9/15/2011 0:00,2,4,16.00960284,74.9476232,26.14179815,12,6,130.2763475
9/15/2011 1:00,2,1,4.345065031,115.5720366,31.92288926,44,56,156.9514365
9/15/2011 2:00,1,3,13.23497044,118.1684432,8.900399715,20,29,105.1865403
9/15/2011 3:00,1,1,29.17269232,87.83088004,34.59357483,36,171,323.9765454
9/15/2011 4:00,4,4,21.73945044,60.53170586,18.50743944,5,156,303.6035875
9/15/2011 5:00,1,1,0.586174981,126.2584495,23.84326636,9,89,173.1857341
9/15/2011 6:00,1,3,8.30685998,120.5741696,15.66820541,26,35,176.7081814
9/15/2011 7:00,1,3,20.58001555,82.25124702,25.67469696,25,98,158.5005126
9/15/2011 8:00,4,1,27.4173182,94.85197448,28.78009794,41,112,207.1511043
9/15/2011 9:00,3,3,-0.544215965,54.66744373,44.51372595,27,175,251.1425823
9/15/2011 10:00,1,1,28.43364609,78.17636739,24.32658417,15,146,252.7706406
9/15/2011 11:00,1,3,19.47901454,104.3593285,16.41551156,49,190,313.0086502
9/15/2011 12:00,4,1,19.17864012,99.59285069,24.78625419,27,1,114.4944211
9/15/2011 13:00,3,1,28.9841825,75.32013841,35.27266851,2,141,258.8988392
9/15/2011 14:00,1,1,19.83145107,115.6047074,17.78839405,0,112,171.7040987
9/15/2011 15:00,2,2,30.26039793,74.15617397,21.02645774,2,99,183.092609
9/15/2011 16:00,4,3,11.34711584,108.7910005,29.89996844,29,103,171.1085877
9/15/2011 17:00,1,4,,,,18,111,243.1338712
9/15/2011 18:00,1,1,20.13241355,96.06260451,9.944645224,32,34,178.0864634
9/15/2011 19:00,2,2,12.81780383,72.17102114,8.215324738,7,148,245.0244557
9/15/2011 20:00,2,4,17.89221438,106.9408573,18.60996109,18,144,244.7396605
9/15/2011 21:00,4,1,10.48022046,95.08570126,2.331785134,35,81,179.8409126
9/15/2011 22:00,4,4,7.283826025,62.40521884,30.42040357,47,31,115.2226549
9/15/2011 23:00,2,2,9.879821188,63.6755788,9.101900348,36,150,274.2291761
9/16/2011 0:00,4,4,21.63976216,93.63602085,19.10900879,4,133,238.7227362
9/16/2011 1:00,2,1,30.20717691,75.13904393,13.67297997,33,28,200.5916612
9/16/2011 2:00,1,4,9.101639059,109.7360899,29.55498737,37,62,166.1778355
9/16/2011 3:00,2,4,19.77271581,89.51102152,42.45761995,26,197,310.0635845
9/16/2011 4:00,2,1,1.014729199,107.141733,32.84870789,38,124,274.3640845
9/16/2011 5:00,3,2,26.95804981,140.2472103,27.57434027,46,95,254.2417734
9/16/2011 6:00,2,2,17.23828446,96.35554523,32.63278347,41,80,181.2054945
9/16/2011 7:00,2,4,23.4642045,123.4494623,2.933821049,41,131,242.4786845
9/16/2011 8:00,3,3,23.49094079,117.2442783,6.311811038,23,57,143.0727969
9/16/2011 9:00,4,4,6.255947441,121.8128761,4.000058619,47,158,256.7458366
9/16/2011 10:00,3,3,21.21883013,80.02799313,7.588870993,30,149,301.9251204
9/16/2011 11:00,1,4,33.29470588,109.6500775,12.44091187,21,154,255.6303236
9/16/2011 12:00,3,2,1.110425921,119.7530324,27.95480341,22,117,215.4954239
9/16/2011 13:00,1,4,24.39356817,91.2746544,5.437226743,40,84,210.1279182
9/16/2011 14:00,4,4,124.9943102,305.7029917,194.7539712,23,83,186.2834249
9/16/2011 15:00,3,3,10.00726809,130.1587801,42.28682229,39,86,197.0151445
9/16/2011 16:00,3,2,,,,31,15,101.7716525
9/16/2011 17:00,4,3,27.40896003,74.94822171,3.133674239,32,5,162.5507003
9/16/2011 18:00,1,4,25.09094622,124.0246019,43.45799872,27,6,94.45803979
9/16/2011 19:00,3,1,7.899800247,82.73270899,41.8185956,16,13,79.62477393
9/16/2011 20:00,1,4,9.769711421,70.99022854,45.56080371,25,2,103.0974018
9/16/2011 21:00,3,4,-0.841576107,100.7170158,29.10677843,17,48,208.2134704
9/16/2011 22:00,2,3,23.8452027,104.8434491,40.1460158,14,35,102.8147645
9/16/2011 23:00,3,1,22.89442388,122.9770447,3.615687809,37,28,164.7243771
9/17/2011 0:00,4,1,19.68642402,84.23565327,2.921729384,21,131,223.0199365
9/17/2011 1:00,4,3,8.863440001,133.1819747,5.807321319,48,167,300.7280734
9/17/2011 2:00,1,2,2.440445859,87.92870475,46.75233384,17,168,291.023261
9/17/2011 3:00,3,1,25.99656773,96.60436876,3.469676388,20,149,195.7411559
9/17/2011 4:00,1,1,24.85976175,71.93780167,5.692838796,18,131,200.4155798
9/17/2011 5:00,1,3,27.97140885,86.62771697,46.19991492,1,120,226.520197
9/17/2011 6:00,2,2,22.39659466,130.9465402,5.989610157,29,22,132.1773531
9/17/2011 7:00,2,2,29.26531614,63.42035645,44.10746509,24,101,209.5840744
9/17/2011 8:00,4,4,,,,25,131,255.5433656
9/17/2011 9:00,1,4,18.89956433,70.73234954,3.153985563,38,195,284.4878415
9/17/2011 10:00,4,3,10.5879483,58.22447603,-0.107368718,16,17,142.8020988
9/17/2011 11:00,3,2,28.47253971,63.30187536,27.40819632,46,0,148.7174781
9/17/2011 12:00,1,3,21.80825102,116.9272808,52.13081444,15,31,131.2475336
9/17/2011 13:00,1,4,11.30111208,74.7888734,45.12703729,26,148,266.1160276
9/17/2011 14:00,3,3,3.691633762,105.4025678,16.6820525,48,165,325.9953546
9/17/2011 15:00,3,3,8.596896244,115.850412,18.93159457,2,153,215.2050424
9/17/2011 16:00,4,1,16.54079408,86.67994035,21.6793528,41,40,178.835005
9/17/2011 17:00,4,1,3.888032279,97.5280209,38.59827983,37,176,343.299099
9/17/2011 18:00,3,1,6.784932569,88.18098568,16.7292442,28,84,209.1612644
9/17/2011 19:00,4,4,79.59166597,466.686556,30.54221109,1,92,164.2447823
9/17/2011 20:00,3,3,4.40533264,81.74015084,39.13003972,42,116,305.4368595
9/17/2011 21:00,1,1,24.68801388,73.89469379,25.21280803,39,168,291.7892408
9/17/2011 22:00,1,1,13.58588461,75.06945955,3.093253077,13,95,227.7966781
9/17/2011 23:00,2,1,18.50349572,112.2183968,39.0155083,11,58,134.1671194
9/18/2011 0:00,1,4,,,,23,131,263.8212759
9/18/2011 1:00,3,4,8.41378642,130.887563,22.82068943,27,140,228.3685961
9/18/2011 2:00,4,3,15.51220323,126.4347338,34.21211306,38,60,185.4370286
9/18/2011 3:00,2,3,115.6414466,240.6291515,110.9158119,17,50,126.5074595
9/18/2011 4:00,4,3,,,,24,162,320.7185109
9/18/2011 5:00,3,1,8.217178186,125.3219983,44.02403712,36,90,197.0240679
9/18/2011 6:00,1,2,20.09126231,129.9638214,30.62644985,5,64,113.3942277
9/18/2011 7:00,2,4,9.105878997,81.99738039,35.14945839,44,48,172.4599383
9/18/2011 8:00,3,1,26.77760445,92.19287971,30.65101396,29,176,298.693425
9/18/2011 9:00,2,1,31.08417054,130.2667367,28.61109378,30,102,208.756758
9/18/2011 10:00,2,3,16.26640224,88.49150171,8.535941975,33,141,227.129394
9/18/2011 11:00,1,3,20.7549885,93.79753228,18.0858707,18,164,290.622726
9/18/2011 12:00,3,1,,,,27,29,171.2528512
9/18/2011 13:00,4,4,98.60660444,464.3582245,89.08185839,7,141,176.0129659
9/18/2011 14:00,2,4,89.83452407,291.340918,82.45919044,10,91,152.1151213
9/18/2011 15:00,2,1,24.82944745,94.12160966,38.82299657,15,154,241.6173516
9/18/2011 16:00,4,2,21.14441618,81.38081194,0.380671163,25,61,147.4466686
9/18/2011 17:00,3,2,16.86932179,137.8101709,33.80274697,0,2,95.12734317
9/18/2011 18:00,2,4,,,,30,197,359.5072956
9/18/2011 19:00,2,3,,,,26,38,129.8698553
9/18/2011 20:00,2,2,25.27713346,98.77531227,18.22008135,47,18,189.5732154
9/18/2011 21:00,3,2,9.025649122,54.60362149,8.796156583,43,104,180.1958601
9/18/2011 22:00,3,3,11.26835492,112.5719112,17.07309094,48,97,235.8945941
9/18/2011 23:00,4,2,5.475476373,92.01898225,19.87180829,8,127,194.3531166
9/19/2011 0:00,3,1,14.40298469,103.3899137,22.75894102,25,166,282.4904783
9/19/2011 1:00,3,2,,,,5,9,38.43881175
9/19/2011 2:00,1,3,30.48016178,87.81748176,23.20408949,6,174,218.5557271
9/19/2011 3:00,4,1,20.69589648,141.5035273,39.57301747,12,127,230.3511589
9/19/2011 4:00,2,2,25.93758286,63.09631052,33.307556,48,88,194.1661059
9/19/2011 5:00,3,4,11.41605283,112.7456663,10.07171397,9,150,226.3469622
9/19/2011 6:00,2,1,24.62827593,86.98557209,12.97879976,42,58,232.1034105
9/19/2011 7:00,2,1,20.33149015,110.7583954,2.385668909,45,82,208.1163719
9/19/2011 8:00,1,4,21.11878468,109.5191866,48.15018983,48,101,253.0091035
9/19/2011 9:00,3,4,30.60842197,204.192532,181.1487497,30,147,231.1598315
9/19/2011 10:00,4,2,16.03590273,85.25356617,5.236017218,47,172,255.6762808
9/19/2011 11:00,3,2,19.56641294,81.10534741,28.49067021,36,43,153.4647352
9/19/2011 12:00,2,3,19.86267273,70.4736231,48.7208092,17,17,66.14712373
9/19/2011 13:00,4,3,119.1574593,396.4106669,154.3712244,10,47,112.8779364
9/19/2011 14:00,3,1,24.89361277,72.51740037,26.91221849,9,74,166.9426775
9/19/2011 15:00,2,4,128.4449131,335.1676632,55.83572549,27,0,100.4466582
9/19/2011 16:00,2,4,20.59869748,70.66474566,15.87027474,20,159,265.7945085
9/19/2011 17:00,1,3,29.87835058,96.56531895,37.40836789,24,96,214.7429285
9/19/2011 18:00,1,1,27.15130983,124.1603364,40.42802483,5,191,236.8360925
9/19/2011 19:00,1,1,10.4943063,84.0124471,27.09865921,41,6,95.42427097
9/19/2011 20:00,2,3,11.96293266,100.0683975,8.097947208,10,94,115.2992462
9/19/2011 21:00,3,3,27.09442767,453.6250545,194.0285558,32,89,186.5155535
9/19/2011 22:00,1,3,-1.629249187,57.61171408,41.42356434,4,198,300.7084199
9/19/2011 23:00,3,2,7.353678829,107.3180822,5.61378329,33,99,253.3185433
9/20/2011 0:00,1,1,14.44374219,279.8639548,20.93361299,31,173,286.2691976
9/20/2011 1:00,4,1,21.27568682,74.00011844,27.85361597,42,151,310.7261193
9/20/2011 2:00,4,1,12.58789349,98.28786353,15.34072389,45,68,201.0185838
9/20/2011 3:00,1,3,12.60922524,61.77844544,16.2374719,23,107,209.7017832
9/20/2011 4:00,2,3,24.1516829,127.6320313,3.297447596,12,163,233.1141097
9/20/2011 5:00,1,3,,,,42,194,240.8725779
9/20/2011 6:00,1,3,27.15855304,54.48411813,41.86583409,5,49,167.0976149
9/20/2011 7:00,2,4,20.89275398,95.92247608,7.025542047,33,186,293.77974
9/20/2011 8:00,4,3,12.26193852,105.5356531,43.73199095,24,185,326.9999518
9/20/2011 9:00,3,2,7.157085766,116.2056242,33.54462326,40,45,132.8366371
9/20/2011 10:00,1,4,6.236499498,85.51220285,15.65701565,22,197,368.1648196
9/20/2011 11:00,2,4,5.473375298,118.8410429,45.30815114,49,22,139.8111861
9/20/2011 12:00,1,3,12.08668103,132.2332419,29.7575712,45,11,111.4837323
9/20/2011 13:00,2,1,27.11283841,92.15655864,42.47945751,12,155,236.788347
9/20/2011 14:00,3,3,2.187357131,108.8482091,24.69734631,27,185,293.3123153
9/20/2011 15:00,3,1,8.410021535,102.1215837,24.93527738,43,60,177.0761845
9/20/2011 16:00,4,3,1.984890013,63.56507273,13.45065045,43,182,285.6879625
9/20/2011 17:00,2,3,23.69141818,83.18189995,18.40527526,12,33,67.01923615
9/20/2011 18:00,2,1,9.168374503,64.79224626,28.94154806,6,93,150.9673314
9/20/2011 19:00,4,1,15.64831363,131.3257234,48.45706437,47,100,255.3048828
9/20/2011 20:00,4,1,4.53240195,68.91940937,30.41887264,16,17,82.65479366
9/20/2011 21:00,2,1,,,,8,119,151.5126855
9/20/2011 22:00,4,2,2.928969195,84.15355049,-0.648951365,13,162,219.33083
9/20/2011 23:00,3,1,18.60836008,115.8826907,41.61996895,29,175,277.3111197
9/21/2011 0:00,1,3,0.649864425,76.37428488,21.0905962,40,36,129.1685672
9/21/2011 1:00,3,3,25.11966151,118.5178146,17.60083381,37,40,144.5247918
9/21/2011 2:00,4,2,19.38158315,65.7456881,41.42841214,29,133,213.941018
9/21/2011 3:00,2,1,23.32654657,127.1895685,47.23110775,32,127,265.1616489
9/21/2011 4:00,2,3,17.37820944,117.6067181,37.78421987,24,85,199.5695434
9/21/2011 5:00,3,2,10.5458649,109.9145122,9.311943831,30,90,262.3575791
9/21/2011 6:00,2,3,5.02331649,54.19198645,21.50936381,22,38,124.3418953
9/21/2011 7:00,4,2,15.66147561,71.53058451,38.99919847,26,3,96.22190914
9/21/2011 8:00,3,2,18.05542068,132.3763511,46.50372897,32,143,286.2481034
9/21/2011 9:00,2,4,14.1681838,69.3049815,50.39156115,46,51,184.4480605
9/21/2011 10:00,1,4,93.65407993,227.6908647,111.0111309,48,112,207.447383
9/21/2011 11:00,1,1,27.72561759,98.55827421,42.06434505,19,18,129.3600055
9/21/2011 12:00,4,4,21.66530743,73.14341238,3.007450321,27,91,205.5380235
9/21/2011 13:00,2,2,,,,7,120,148.8030787
9/21/2011 14:00,4,3,17.74465867,106.6305964,19.10267079,21,16,93.05244118
9/21/2011 15:00,3,3,3.761381329,88.414986,48.33811948,34,172,287.2761829
9/21/2011 16:00,1,1,23.73235757,78.9855606,0.768924281,30,129,277.9297915
9/21/2011 17:00,3,4,11.78550507,104.062126,16.1293872,43,129,268.4561849
9/21/2011 18:00,2,1,6.704608348,87.27464455,44.75737147,23,87,168.5697326
9/21/2011 19:00,4,2,100.8315796,422.5808081,64.71970095,14,54,122.2198616
9/21/2011 20:00,4,4,17.62162797,62.47224882,10.71884203,49,90,238.3727718
9/21/2011 21:00,4,1,10.14597746,99.26186184,37.64477993,44,3,49.62584657
9/21/2011 22:00,3,3,3.336848647,347.9357504,158.4993574,30,122,203.1630709
9/21/2011 23:00,1,3,16.36126697,92.74419198,23.83264187,4,99,220.6446311
9/22/2011 0:00,3,1,,,,21,139,244.2448039
9/22/2011 1:00,3,1,17.0634216,58.9887845,11.3828955,16,181,249.5553418
9/22/2011 2:00,2,1,29.48607365,129.1987448,46.09353834,27,59,125.2275786
9/22/2011 3:00,2,2,4.052753144,85.50075391,39.96896822,2,28,130.4570347
9/22/2011 4:00,2,2,,,,18,188,283.5742565
9/22/2011 5:00,1,3,23.75563579,132.1570076,42.47890542,37,45,150.6535321
9/22/2011 6:00,1,2,15.52063771,99.47571269,7.093771689,26,96,208.4092006
9/22/2011 7:00,2,2,2.432784895,92.43384157,6.367077617,16,48,144.1026716
9/22/2011 8:00,2,4,,,,31,119,227.7768589
9/22/2011 9:00,1,2,18.52427658,136.3818276,4.303884783,36,145,216.3890369
9/22/2011 10:00,4,4,21.01333336,104.0342995,1.649269066,20,75,139.296864
9/22/2011 11:00,1,2,25.39834907,104.3382011,18.51338085,36,73,206.5130111
9/22/2011 12:00,1,3,20.78895589,94.68416363,7.247198462,10,151,252.8141288
9/22/2011 13:00,1,1,18.46097614,119.65052,42.88316423,0,16,102.4781796
9/22/2011 14:00,2,3,12.02784448,104.4765868,47.63712776,29,106,192.3942063
9/22/2011 15:00,4,2,,,,25,95,217.9202967
9/22/2011 16:00,1,1,,,,44,183,290.8172756
9/22/2011 17:00,2,1,130.4041197,353.8180536,111.1405666,48,88,249.9606531
9/22/2011 18:00,3,1,-1.806302297,56.944735,12.33906867,42,51,145.4849974
9/22/2011 19:00,3,4,15.57239881,120.3301363,15.71268512,49,70,178.1061041
9/22/2011 20:00,1,3,,,,35,19,124.2963237
9/22/2011 21:00,3,4,3.633098264,103.643087,22.0381155,25,156,281.233865
9/22/2011 22:00,4,1,11.16405539,83.56672539,30.72115788,41,82,196.7375797
9/22/2011 23:00,3,3,15.13463789,80.1865033,46.4385294,26,177,278.8954719
9/23/2011 0:00,3,3,2.034737048,89.0636352,38.88779423,25,118,205.992353
9/23/2011 1:00,4,2,,,,42,117,241.7579456
9/23/2011 2:00,1,4,23.5128806,82.59594039,15.30923099,17,142,231.5683761
9/23/2011 3:00,1,4,30.26950567,74.5336298,44.60859419,32,158,241.1363328
9/23/2011 4:00,4,2,8.128615877,94.8326054,47.53636404,35,12,125.4592706
9/23/2011 5:00,4,4,,,,36,55,170.1399194
9/23/2011 6:00,4,1,12.22548845,66.24514476,1.558428261,33,18,196.0848145
9/23/2011 7:00,3,1,,,,25,69,150.2351598
9/23/2011 8:00,4,4,15.23646173,52.96824385,33.62330085,21,155,225.3598256
9/23/2011 9:00,2,2,22.51964401,92.50105072,15.63350734,23,149,254.8872898
9/23/2011 10:00,3,3,,,,11,155,210.7063421
9/23/2011 11:00,1,4,,,,10,79,131.2751113
9/23/2011 12:00,1,3,,,,20,113,164.3348446
9/23/2011 13:00,1,2,24.96225755,67.30476598,24.70492862,15,32,98.17979652
9/23/2011 14:00,3,3,,,,35,113,199.8955778
9/23/2011 15:00,2,2,,,,6,172,213.8695601
9/23/2011 16:00,4,2,23.13385255,57.2490623,21.13673339,27,175,268.834137
9/23/2011 17:00,4,1,11.59258822,135.3457059,21.08841592,23,114,140.3384469
9/23/2011 18:00,1,1,28.63171275,86.86137835,30.49564188,12,62,163.0460956
9/23/2011 19:00,1,2,5.318178416,96.1486257,5.408523087,13,25,95.56455224
9/23/2011 20:00,3,4,12.73434827,82.88682478,39.32209847,42,86,189.9501193
9/23/2011 21:00,2,1,13.5069569,113.7647373,38.52514047,30,0,121.8251465
9/23/2011 22:00,4,2,,,,7,189,281.3464886
9/23/2011 23:00,3,3,12.31085322,66.1596559,46.38745827,0,92,147.2722738
9/24/2011 0:00,4,3,15.47785486,56.7802261,30.66318012,39,199,325.6984701
9/24/2011 1:00,1,4,,,,16,105,241.5868866
9/24/2011 2:00,4,3,,,,40,130,213.7298505
9/24/2011 3:00,2,3,7.839675942,68.38105253,35.53141822,12,83,191.6839175
9/24/2011 4:00,2,2,8.924228407,93.73761697,21.09226222,46,106,192.6528309
9/24/2011 5:00,1,3,13.57418525,114.8255254,2.855914579,26,115,250.2841205
9/24/2011 6:00,2,3,11.38561923,79.98054007,38.61867511,12,4,68.63887104
9/24/2011 7:00,2,3,22.16679885,69.92685992,47.4762945,39,172,262.4683696
9/24/2011 8:00,3,3,0.239195759,128.3725339,24.07116429,26,11,145.4237013
9/24/2011 9:00,4,2,,,,31,47,173.5700157
9/24/2011 10:00,1,3,9.36401138,104.9065286,27.5508479,11,13,77.52536915
9/24/2011 11:00,1,4,12.20323614,133.516911,34.76295237,42,52,171.6945959
9/24/2011 12:00,1,1,,,,12,44,108.550373
9/24/2011 13:00,1,4,91.14127792,187.8520433,184.9441538,15,159,200.0422023
9/24/2011 14:00,1,1,11.24008167,83.99028214,45.97751854,33,157,269.4783023
9/24/2011 15:00,2,4,11.94742259,67.17087185,27.74269998,5,11,79.08250614
9/24/2011 16:00,3,1,19.13034805,127.0140545,7.356576763,47,99,191.3755957
9/24/2011 17:00,1,1,5.087187119,129.3672906,32.01454936,17,82,211.8674947
9/24/2011 18:00,3,1,20.56894403,71.35062917,7.25260258,16,43,105.3408856
9/24/2011 19:00,3,1,17.15393118,101.2924606,26.97676491,46,152,275.9963072
9/24/2011 20:00,2,2,14.17338173,130.1327857,5.719256208,38,169,313.0497618
9/24/2011 21:00,1,4,26.68951607,80.29749041,28.56520435,13,20,98.94622918
9/24/2011 22:00,2,1,,,,6,188,245.5781099
9/24/2011 23:00,1,4,26.82867492,53.93032752,41.48635052,5,65,152.5113151
9/25/2011 0:00,2,3,15.66539883,86.10708049,39.85119941,11,100,198.2253591
9/25/2011 1:00,3,1,18.34995528,129.8582551,49.15745163,33,20,152.8266985
9/25/2011 2:00,1,4,26.83005141,135.1323724,14.25837717,0,25,154.6416801
9/25/2011 3:00,4,2,24.02956519,61.45657096,4.96421906,49,159,267.762194
9/25/2011 4:00,3,4,14.13379125,64.83594645,25.03287923,28,16,123.3320813
9/25/2011 5:00,4,1,22.94934312,94.43740784,3.460220587,27,3,65.35479714
9/25/2011 6:00,3,3,13.41063515,107.5588437,10.45317544,4,38,135.398871
9/25/2011 7:00,2,4,14.73627789,97.9372205,31.47051036,20,14,112.8946235
9/25/2011 8:00,1,3,,,,38,32,137.9980144
9/25/2011 9:00,3,2,5.318613765,93.54839905,2.022836252,46,188,288.7924619
9/25/2011 10:00,2,4,25.52486446,67.24666562,21.83621226,37,141,240.8570546
9/25/2011 11:00,1,4,0.988931127,96.46580592,26.75614268,33,89,202.3754562
9/25/2011 12:00,1,2,2.458148954,130.452678,14.37766028,20,46,110.275962
9/25/2011 13:00,3,2,21.87370838,67.4200847,45.73669485,23,129,216.0231028
9/25/2011 14:00,1,2,2.277643925,102.7138515,9.933466753,48,89,210.712657
9/25/2011 15:00,3,1,36.37597332,277.0903632,48.77424429,12,65,103.9993463
9/25/2011 16:00,1,1,,,,44,175,260.6246731
9/25/2011 17:00,4,4,18.5072276,111.0915576,7.912413941,45,191,289.3391096
9/25/2011 18:00,2,4,21.30418501,103.6747533,44.00323193,22,193,335.1618589
9/25/2011 19:00,4,4,17.79980149,123.3159695,14.6189632,31,175,254.1688229
9/25/2011 20:00,3,3,17.59885233,91.83748351,35.21214243,7,80,158.3925077
9/25/2011 21:00,4,2,,,,46,17,104.825032
9/25/2011 22:00,3,4,13.30618782,52.152482,30.66779538,10,178,237.7255458
9/25/2011 23:00,1,2,12.61240314,117.3568074,45.55929122,12,131,172.7630965
9/26/2011 0:00,1,1,23.56065101,79.7347091,44.07447847,19,80,192.0781334
9/26/2011 1:00,3,2,8.950017827,109.1259443,6.165284107,0,160,193.1783992
9/26/2011 2:00,4,3,11.40448469,73.56215831,42.76617376,1,150,251.1308504
9/26/2011 3:00,1,3,-0.963214975,61.51304429,23.34148585,10,180,276.933178
9/26/2011 4:00,2,2,15.2837317,63.553866,19.21819344,45,12,127.6099579
9/26/2011 5:00,1,3,,,,29,70,200.0485504
9/26/2011 6:00,2,3,15.69538286,86.3478448,47.93983034,4,57,226.9195811
9/26/2011 7:00,4,1,24.74554293,62.06194712,5.029164309,6,190,283.1250904
9/26/2011 8:00,2,4,12.25568115,60.32236861,37.63939079,23,64,126.1732899
9/26/2011 9:00,2,3,,,,30,103,250.4214348
9/26/2011 10:00,2,4,20.36866056,69.96909879,19.72741774,47,41,166.3100542
9/26/2011 11:00,2,2,9.433962429,103.9136373,44.06306338,29,94,259.0362272
9/26/2011 12:00,1,2,23.09396261,71.3339642,27.10067117,42,99,198.4968422
9/26/2011 13:00,2,3,,,,14,88,213.1125024
9/26/2011 14:00,1,2,,,,35,108,215.6253205
9/26/2011 15:00,2,1,111.731062,320.9074547,169.2873694,9,113,274.3077252
9/26/2011 16:00,3,3,1.03076019,95.16224725,26.93168935,0,39,103.1337122
9/26/2011 17:00,4,3,29.87345719,58.89476887,8.727909304,6,93,261.6076633
9/26/2011 18:00,2,3,-0.818992557,92.03211123,22.21832559,43,101,229.7282643
9/26/2011 19:00,3,2,9.342224223,68.70883877,47.98037984,25,20,142.918313
9/26/2011 20:00,2,2,3.300234977,76.85408007,33.76614311,42,82,247.4952404
9/26/2011 21:00,2,3,-1.326011295,108.7106937,37.68463726,42,160,250.8285443
9/26/2011 22:00,2,4,18.44436711,97.73946615,40.48679674,48,110,259.5099935
9/26/2011 23:00,3,2,18.27402136,112.3786862,5.052216706,29,197,289.6304122
9/27/2011 0:00,4,2,20.88382519,62.69168224,28.74615133,0,41,117.9225123
9/27/2011 1:00,3,3,,,,14,36,124.8567263
9/27/2011 2:00,4,4,11.40164441,68.64064089,8.922587348,19,199,307.5131626
9/27/2011 3:00,2,3,19.4817117,95.0950992,10.25061477,21,128,237.2223315
9/27/2011 4:00,1,2,11.88702759,87.17916784,39.48753543,24,76,155.0369244
9/27/2011 5:00,2,3,17.83481978,83.27412834,7.77510726,49,153,278.0143767
9/27/2011 6:00,4,3,78.68168361,433.540964,62.67268644,35,112,149.2146658
9/27/2011 7:00,3,3,4.082354349,60.53033206,14.31353705,36,38,175.9259484
9/27/2011 8:00,2,4,20.45383036,124.5082064,4.962713436,45,46,214.0149969
9/27/2011 9:00,3,3,,,,44,55,176.8916038
9/27/2011 10:00,3,2,17.41031579,117.2493447,38.62072994,26,109,158.9681218
9/27/2011 11:00,3,3,3.108996811,81.65131893,3.042003965,18,185,297.4132524
9/27/2011 12:00,2,4,8.521539794,131.8166771,6.328438037,18,155,222.1877822
9/27/2011 13:00,3,1,9.888511977,51.35650655,38.21668808,15,184,276.5464118
9/27/2011 14:00,3,4,7.885746614,72.12537214,32.74569089,20,70,182.6182583
9/27/2011 15:00,2,3,5.606429705,76.40325959,37.64373616,32,109,229.4225682
9/27/2011 16:00,3,1,23.81976371,136.2052057,12.46174064,41,199,344.430796
9/27/2011 17:00,2,3,,,,30,172,278.3726486
9/27/2011 18:00,4,4,,,,33,64,174.1581781
9/27/2011 19:00,4,1,7.398621897,108.3151703,29.5460454,14,3,111.0371507
9/27/2011 20:00,4,1,28.9962745,98.29847468,4.819039139,35,188,292.7677814
9/27/2011 21:00,3,3,3.296163955,67.36671663,10.16369512,25,60,136.2486142
9/27/2011 22:00,1,3,22.73430821,70.44423933,38.86011922,29,170,284.4223773
9/27/2011 23:00,1,4,,,,30,104,171.9720823
9/28/2011 0:00,3,3,22.55926084,87.41355653,6.622311212,24,146,239.3874237
9/28/2011 1:00,1,1,25.09270427,67.1830728,31.17267394,3,85,118.4569903
9/28/2011 2:00,2,2,,,,11,99,165.1220904
9/28/2011 3:00,1,2,5.203372049,63.80199319,29.37293512,18,128,202.3424277
9/28/2011 4:00,3,4,6.860050026,91.73488803,32.52486412,8,146,196.1923659
9/28/2011 5:00,3,3,14.07587131,84.51139746,26.82793789,24,50,178.7110083
9/28/2011 6:00,2,4,-0.911758522,90.68055729,23.33020093,47,63,212.2110127
9/28/2011 7:00,4,2,16.96554249,70.59494976,47.85682078,46,62,219.0678693
9/28/2011 8:00,3,2,8.189279938,69.0327598,26.14914767,40,28,133.9883922
9/28/2011 9:00,2,3,26.42198362,60.16746018,29.78485462,49,146,253.5917206
9/28/2011 10:00,1,1,10.31127044,127.3950491,15.56281822,6,42,143.6837552
9/28/2011 11:00,1,3,11.89719716,62.07749563,43.43109236,26,69,170.4048581
9/28/2011 12:00,2,2,30.19173607,117.7775325,1.393837441,47,38,160.2342648
9/28/2011 13:00,2,1,7.89809527,80.30541762,29.74103286,46,22,63.19098115
9/28/2011 14:00,3,4,18.88410009,106.1954688,19.77783556,42,0,136.176747
9/28/2011 15:00,1,2,22.70437265,65.2883839,30.91455533,5,60,155.1768565
9/28/2011 16:00,2,4,7.911314093,115.4259207,18.70428205,34,24,129.2714221
9/28/2011 17:00,1,1,16.67582649,118.4353487,37.12561734,31,131,257.8856653
9/28/2011 18:00,2,4,,,,13,108,210.4376185
9/28/2011 19:00,1,2,,,,5,107,162.4623425
9/28/2011 20:00,4,3,20.39239582,108.7109407,41.95941748,48,0,112.7456534
9/28/2011 21:00,3,4,11.12279825,73.58669112,13.76645027,17,39,97.08204044
9/28/2011 22:00,1,2,23.51555083,112.5749982,3.860130157,30,20,165.1591308
9/28/2011 23:00,4,2,3.563613892,67.42046689,27.63583077,15,170,285.5837501
9/29/2011 0:00,1,1,23.98969651,97.52992179,49.35835315,2,137,185.8271997
9/29/2011 1:00,1,2,24.68813166,99.45349155,3.937099115,30,65,184.787379
9/29/2011 2:00,4,3,28.13666982,63.78493482,4.651750853,37,16,132.5552868
9/29/2011 3:00,1,3,,,,16,123,189.5953418
9/29/2011 4:00,1,4,,,,4,140,218.8801623
9/29/2011 5:00,3,4,31.52461228,66.49685716,21.5314969,15,90,201.878325
9/29/2011 6:00,4,4,13.71313569,81.11739718,39.94176168,16,112,227.3008116
9/29/2011 7:00,4,4,20.1405084,88.36951684,10.5897245,30,125,296.039188
9/29/2011 8:00,2,3,2.518051879,54.81371246,37.9556535,15,9,97.88481264
9/29/2011 9:00,1,1,28.00449382,131.6251608,25.41845545,20,179,262.8989406
9/29/2011 10:00,3,4,20.61267221,108.9891061,46.35310828,40,137,264.8732968
9/29/2011 11:00,1,1,20.38969496,59.85336227,49.04903922,38,46,149.4967026
9/29/2011 12:00,1,2,4.547108817,125.2455035,24.32021808,36,8,97.41494515
9/29/2011 13:00,2,2,22.37637047,77.06099963,31.13278312,40,45,128.1650905
9/29/2011 14:00,1,4,17.01632521,98.7751912,37.17771663,9,116,93.08544069
9/29/2011 15:00,3,2,20.00703866,78.00742601,17.15762017,31,102,225.9368181
9/29/2011 16:00,3,1,7.237319904,110.5287762,12.58468741,24,123,168.7289615
9/29/2011 17:00,2,1,13.70909119,110.7708216,48.31621853,32,67,143.4491182
9/29/2011 18:00,1,2,1.73701712,84.0505752,22.72538692,38,108,225.594587
9/29/2011 19:00,3,4,14.92366218,71.83224496,0.086438798,36,181,278.1526429
9/29/2011 20:00,1,1,,,,37,67,239.2533414
9/29/2011 21:00,1,1,10.1863085,76.97585366,29.60981492,37,131,193.4738117
9/29/2011 22:00,1,3,3.346899132,57.35995183,9.036844153,27,104,268.8892404
9/29/2011 23:00,2,4,5.958168383,74.21961261,2.205368372,14,128,254.1217522
9/30/2011 0:00,1,3,1.475365265,104.4142288,16.6327871,7,58,162.9537217
9/30/2011 1:00,3,2,,,,0,152,265.8368214
9/30/2011 2:00,1,2,16.19467567,82.31183114,48.57823275,9,136,227.7724518
9/30/2011 3:00,3,3,11.94223212,72.1683815,17.05960608,34,24,77.51314747
9/30/2011 4:00,1,4,18.24836102,109.4570635,43.30491515,47,81,214.0329431
9/30/2011 5:00,3,1,20.47351112,124.0149079,22.71637743,32,198,256.1437961
9/30/2011 6:00,3,2,,,,15,153,222.6898644
9/30/2011 7:00,1,4,6.104080246,52.81761791,17.32554118,13,55,136.1749546
9/30/2011 8:00,1,4,6.066915644,107.5920373,25.03358862,4,48,95.16223651
9/30/2011 9:00,3,2,29.75602749,115.9540405,15.44033078,15,64,177.8521506
9/30/2011 10:00,4,2,9.196277739,57.5315164,4.480299546,20,188,272.0348034
9/30/2011 11:00,2,4,-2.281655494,91.98015292,6.331903962,10,8,100.7035017
9/30/2011 12:00,4,1,,,,49,137,256.1185938
9/30/2011 13:00,4,3,-5.483587757,90.06831999,48.55135835,6,111,191.1631073
9/30/2011 14:00,1,2,25.26894608,119.2759982,50.04037446,7,138,188.7484676
9/30/2011 15:00,2,3,7.081266175,90.70343447,44.0282319,16,95,146.1100064
9/30/2011 16:00,4,4,26.93648816,109.0089373,12.39738336,29,84,178.694963
9/30/2011 17:00,1,3,28.19832375,101.8140576,23.59032747,13,35,89.30137816
9/30/2011 18:00,4,1,,,,48,183,343.0682708
9/30/2011 19:00,4,4,,,,43,159,230.9453503
9/30/2011 20:00,1,1,2.275461831,106.2319673,2.571396007,49,82,271.3252852
9/30/2011 21:00,1,4,14.65197131,128.6737617,27.49578989,32,199,310.2527927
9/30/2011 22:00,1,1,11.19132812,97.99480063,4.286621491,23,162,257.2486789
9/30/2011 23:00,2,4,19.53281049,49.40064706,41.16448,6,131,190.9377271
10/1/2011 0:00,4,1,,,,37,61,187.8301984
10/1/2011 1:00,1,4,25.54497472,94.89620233,18.66337313,14,62,139.9711798
10/1/2011 2:00,3,1,14.49425647,128.389601,32.49957799,49,135,263.0905287
10/1/2011 3:00,4,4,17.0149048,54.32845619,11.49151938,42,118,255.3078806
10/1/2011 4:00,3,1,25.67973766,78.83429182,15.51039091,24,75,189.1093623
10/1/2011 5:00,2,2,5.635597412,52.96371272,15.85022203,16,68,191.2028169
10/1/2011 6:00,1,3,,,,32,188,306.1191257
10/1/2011 7:00,3,4,5.016181882,128.518216,10.85325046,1,93,135.4227855
10/1/2011 8:00,2,1,11.15972028,324.3991912,114.6070437,38,62,107.5440687
10/1/2011 9:00,1,2,17.05513788,66.20316485,11.63161198,9,60,145.2457034
10/1/2011 10:00,3,4,8.23172038,61.28795035,14.6274048,13,98,187.6555388
10/1/2011 11:00,3,4,14.61689154,99.87571751,13.20531392,11,36,174.6465013
10/1/2011 12:00,2,4,28.39540244,92.22649986,33.76091118,16,3,85.37036115
10/1/2011 13:00,1,3,,,,13,55,149.0573316
10/1/2011 14:00,1,1,18.1301358,82.46492887,36.80696344,9,42,144.1148475
10/1/2011 15:00,3,1,6.675822928,287.8457218,52.22249329,43,20,148.1788019
10/1/2011 16:00,3,4,8.937492228,52.01550029,0.556054987,38,57,190.071885
10/1/2011 17:00,3,4,17.35384572,105.1564538,32.59625765,39,143,227.1843151
10/1/2011 18:00,1,4,27.07551917,78.56623126,7.46898799,28,52,120.4166375
10/1/2011 19:00,2,2,34.86691986,415.7860463,55.53760593,44,17,122.2678458
10/1/2011 20:00,2,4,5.168358933,104.2686142,15.69551738,5,56,65.43973243
10/1/2011 21:00,1,3,9.628228589,86.16500461,36.89619475,39,94,201.4513999
10/1/2011 22:00,4,1,3.610684336,69.24801576,30.28252242,30,165,244.8283684
10/1/2011 23:00,2,3,8.130602315,121.2825117,10.29259861,36,122,237.2593449
10/2/2011 0:00,3,4,16.23701994,49.24106162,32.57139708,8,31,100.617975
10/2/2011 1:00,4,2,-1.086307287,73.54365942,36.30581088,42,111,192.0841583
10/2/2011 2:00,4,4,13.35232596,130.6620332,20.11479141,44,18,170.8499627
10/2/2011 3:00,2,4,13.59412342,98.11833622,13.31351878,32,83,186.9769542
10/2/2011 4:00,4,4,10.97989095,92.97949502,37.16885287,6,47,148.3642808
10/2/2011 5:00,4,4,-0.048790641,63.42671525,32.33331445,37,73,184.961094
10/2/2011 6:00,2,4,27.91665919,111.0532441,4.009598751,7,153,243.3526689
10/2/2011 7:00,2,1,6.805094096,72.33687882,34.40304301,33,109,170.5801082
10/2/2011 8:00,4,3,,,,16,81,204.7302602
10/2/2011 9:00,3,2,8.849944397,67.91080467,37.66213439,16,172,283.72479
10/2/2011 10:00,1,4,15.98061144,56.71454221,11.34937893,29,172,269.776327
10/2/2011 11:00,4,2,9.993675861,124.1415478,13.14420387,17,14,108.9588046
10/2/2011 12:00,4,1,7.379167601,103.5180141,26.71283858,38,145,282.3741336
10/2/2011 13:00,3,3,0.229977025,415.7611131,103.6869619,14,30,102.1131779
10/2/2011 14:00,4,4,9.218509856,118.019172,20.2951758,44,142,207.7580081
10/2/2011 15:00,4,1,23.17001054,68.98106139,38.35808538,19,101,178.629748
10/2/2011 16:00,1,1,22.49055337,54.05435754,28.53623961,24,14,111.776609
10/2/2011 17:00,1,3,1.951897853,96.33881413,35.94754986,13,64,145.2089977
10/2/2011 18:00,1,4,12.88136103,96.37329134,9.852888698,26,104,238.6864537
10/2/2011 19:00,2,3,,,,46,173,259.3396851
10/2/2011 20:00,2,3,18.81421494,57.18767121,23.19125902,34,74,152.1153359
10/2/2011 21:00,1,2,,,,27,101,165.3499682
10/2/2011 22:00,1,2,21.3129612,80.53836454,11.87715699,5,143,229.9309147
10/2/2011 23:00,2,3,11.34108514,70.01578399,2.520658581,40,182,245.2649982
10/3/2011 0:00,3,2,9.845708849,67.44464109,23.28321521,30,29,150.3360421
10/3/2011 1:00,4,1,63.77485224,297.7180412,68.47849054,13,40,94.01416408
10/3/2011 2:00,4,3,26.14085257,74.49664249,49.85956526,15,66,126.7849889
10/3/2011 3:00,1,4,27.58451985,76.41700823,44.43780948,48,16,186.0621877
10/3/2011 4:00,3,4,26.55725348,120.5470146,43.1469376,43,25,173.9102024
10/3/2011 5:00,2,1,-4.38129142,120.5264536,26.14368444,35,117,224.486601
10/3/2011 6:00,1,4,,,,4,72,105.5564583
10/3/2011 7:00,3,4,0.778603574,124.8455211,14.2028351,31,100,260.2976882
10/3/2011 8:00,3,3,5.16413917,127.8825973,28.6201365,10,191,263.95279
10/3/2011 9:00,3,1,14.62069272,82.23735341,21.63553337,21,94,191.2472983
10/3/2011 10:00,2,3,14.52294918,84.00245639,10.40549504,42,57,195.1553249
10/3/2011 11:00,2,1,18.81995878,132.0990694,6.770174666,39,94,142.8879089
10/3/2011 12:00,4,3,10.67808702,101.0196511,29.61726212,27,101,177.5511087
10/3/2011 13:00,4,3,,,,49,130,245.6874605
10/3/2011 14:00,3,2,7.496396127,112.5791403,36.09565657,5,119,196.6287785
10/3/2011 15:00,3,4,6.953508109,69.26992456,48.12506011,38,125,192.5764768
10/3/2011 16:00,2,1,28.53151065,86.0415489,8.39893624,5,112,195.4523172
10/3/2011 17:00,4,4,,,,45,155,269.6519153
10/3/2011 18:00,3,2,61.34036108,245.2638524,153.2903183,19,131,268.6367589
10/3/2011 19:00,4,1,18.71842793,57.99260001,15.79851412,37,167,302.6034897
10/3/2011 20:00,4,2,9.127599319,122.922718,46.09141798,3,101,164.4946396
10/3/2011 21:00,3,4,19.92527723,72.83652394,46.31286931,24,56,142.6677862
10/3/2011 22:00,2,3,4.616276262,59.41839181,5.071128353,12,192,302.962342
10/3/2011 23:00,3,2,24.20267926,63.6246446,2.759574687,48,174,299.0137461
10/4/2011 0:00,3,2,1.587454164,97.84478939,49.74059607,11,161,199.3486042
10/4/2011 1:00,4,3,,,,8,172,311.2739312
10/4/2011 2:00,3,4,1.694630602,68.0953425,21.83627333,2,31,71.74175539
10/4/2011 3:00,2,2,17.95395632,61.63506223,3.234639737,31,171,344.7845231
10/4/2011 4:00,3,4,17.58657667,80.96550032,32.2205047,10,96,187.2317156
10/4/2011 5:00,2,3,27.79426177,95.19376315,14.79541022,4,138,191.3074708
10/4/2011 6:00,2,1,,,,34,35,66.33738121
10/4/2011 7:00,4,2,15.80963102,78.67877218,40.50265318,48,140,279.6289585
10/4/2011 8:00,1,4,,,,23,56,100.7943802
10/4/2011 9:00,1,3,49.82140763,276.9090388,59.03209868,40,152,271.0002184
10/4/2011 10:00,4,3,13.97108792,124.7871952,37.12090815,5,197,328.2680571
10/4/2011 11:00,3,2,68.30115,208.3815676,62.75087878,17,164,215.1064151
10/4/2011 12:00,4,1,,,,37,89,216.356159
10/4/2011 13:00,2,2,,,,5,131,179.8442343
10/4/2011 14:00,1,4,3.399761243,107.3861413,27.64566837,21,108,231.1644456
10/4/2011 15:00,4,3,15.19659782,67.08567155,41.72293789,41,25,136.1223873
10/4/2011 16:00,3,1,18.09701453,128.5493513,43.64731118,42,12,121.553563
10/4/2011 17:00,4,4,29.3339771,111.3448392,20.09563668,13,71,188.3218828
10/4/2011 18:00,1,2,101.666364,268.0248018,96.7306492,11,178,275.839786
10/4/2011 19:00,4,3,12.53288669,89.04545361,26.27700484,24,46,113.9181314
10/4/2011 20:00,4,2,15.94070472,77.36323425,17.70131272,19,124,264.6500058
10/4/2011 21:00,1,1,14.02984303,66.85392001,38.42668748,17,160,198.9396198
10/4/2011 22:00,2,1,,,,23,169,268.263149
10/4/2011 23:00,2,1,23.9108297,102.3660368,45.98201453,14,127,184.2841279
10/5/2011 0:00,1,1,28.72204546,111.4263939,33.70299069,30,30,83.33117051
10/5/2011 1:00,4,1,,,,41,167,241.9003353
10/5/2011 2:00,1,2,3.245232862,82.75202768,8.191339165,0,115,181.4264445
10/5/2011 3:00,2,1,23.38734665,93.14399109,19.0592547,14,143,235.3733082
10/5/2011 4:00,3,1,25.52304627,104.579579,19.07332787,33,55,187.6273462
10/5/2011 5:00,4,3,10.08298977,108.8654105,20.14852602,1,73,186.1183831
10/5/2011 6:00,2,1,13.03286458,81.31265602,10.48732365,35,35,146.1458096
10/5/2011 7:00,4,3,25.56213392,94.23903677,51.32340591,22,95,171.4973149
10/5/2011 8:00,1,3,12.87562621,90.56967062,8.852781737,23,79,200.9415613
10/5/2011 9:00,3,3,31.42210987,107.5360345,34.14465985,45,183,277.3097371
10/5/2011 10:00,1,2,11.99274868,56.10803068,-0.189116068,31,47,97.85849604
10/5/2011 11:00,3,2,20.55915006,65.19951843,20.71098615,45,57,197.8752383
10/5/2011 12:00,4,4,23.98288848,84.90793703,18.69896558,12,14,133.4002203
10/5/2011 13:00,4,4,12.09167087,122.4456347,19.68746791,32,199,274.0064979
10/5/2011 14:00,1,3,25.9662649,106.3015878,27.3529734,41,142,309.4635356
10/5/2011 15:00,3,2,,,,13,148,246.1084144
10/5/2011 16:00,3,1,9.428992874,59.01422682,30.09441522,16,63,159.613719
10/5/2011 17:00,4,4,-0.103548531,82.05662422,33.24969373,15,134,201.0723025
10/5/2011 18:00,1,2,7.803172362,81.5972789,43.52667234,31,51,180.069585
10/5/2011 19:00,3,1,20.09588418,106.9572417,45.91936547,14,18,53.79762545
10/5/2011 20:00,4,1,26.91290542,109.7825353,37.24133774,42,124,223.313314
10/5/2011 21:00,2,2,7.452339275,120.74627,4.015334039,30,85,160.4901993
10/5/2011 22:00,1,4,9.634388755,106.0624425,48.37761012,11,173,212.1951937
10/5/2011 23:00,2,2,,,,32,37,162.3308905
10/6/2011 0:00,1,4,19.94190655,128.9688041,36.56795915,2,140,219.6535227
10/6/2011 1:00,4,3,27.53806753,75.32838652,28.1163972,10,43,144.5382259
10/6/2011 2:00,3,2,19.57723312,125.3269749,13.82834584,42,149,250.0266037
10/6/2011 3:00,3,2,18.53462101,133.7564703,39.5174853,4,198,298.9061246
10/6/2011 4:00,3,4,15.12732942,89.95465328,45.24637429,46,34,149.6461357
10/6/2011 5:00,1,4,-0.682498245,120.831554,33.36122537,26,130,209.1456488
10/6/2011 6:00,4,2,19.0417408,78.53778369,32.68581676,15,110,173.1215426
10/6/2011 7:00,2,1,15.41369793,65.0719899,11.0012182,34,143,184.7792702
10/6/2011 8:00,4,1,17.65838169,104.4261884,19.87224944,39,172,313.1757109
10/6/2011 9:00,2,1,25.9406551,63.75864044,36.31562953,15,143,256.7499263
10/6/2011 10:00,1,3,,,,15,193,363.0220486
10/6/2011 11:00,1,3,21.7636032,112.0789364,33.46426795,21,101,179.1406118
10/6/2011 12:00,2,4,26.28373661,67.47859393,39.91374929,3,80,130.1536271
10/6/2011 13:00,2,3,28.41374829,50.06628377,17.79241089,31,165,212.0926217
10/6/2011 14:00,2,1,14.83097588,97.8596757,5.071714267,26,23,144.9129228
10/6/2011 15:00,4,2,,,,14,177,279.9869907
10/6/2011 16:00,2,3,8.673218943,88.42398061,7.868686886,18,107,238.6238713
10/6/2011 17:00,1,3,,,,25,56,120.5495001
10/6/2011 18:00,1,1,,,,14,122,224.5180257
10/6/2011 19:00,3,3,-5.618304987,187.1004263,168.0314462,44,55,150.3441505
10/6/2011 20:00,2,4,-0.068876526,116.739983,44.21320847,9,85,201.2951736
10/6/2011 21:00,4,2,21.25526632,66.7042999,27.70326881,33,65,181.0484724
10/6/2011 22:00,4,1,14.45945114,91.2652644,26.67596203,37,77,134.2695398
10/6/2011 23:00,4,4,7.29467705,130.0425003,43.3727131,48,91,201.9828026
10/7/2011 0:00,3,1,3.543534277,116.9309582,29.60275018,25,76,109.4536517
10/7/2011 1:00,1,4,22.59979076,59.82959528,31.10326798,7,101,139.9770015
10/7/2011 2:00,4,2,5.741068086,88.84662792,22.11907834,15,80,128.7699144
10/7/2011 3:00,1,2,4.678773493,118.4901033,21.27421738,28,72,147.6039927
10/7/2011 4:00,3,4,20.31431024,101.895601,27.0542624,31,61,150.9300708
10/7/2011 5:00,2,4,14.83410568,111.998069,19.47341231,20,13,104.7265565
10/7/2011 6:00,2,4,4.783942898,87.23562421,17.9048002,31,193,294.203865
10/7/2011 7:00,2,4,14.78982406,69.16137376,52.5732646,44,187,297.0301405
10/7/2011 8:00,4,4,5.986138321,92.74050241,18.87369621,11,20,107.6959507
10/7/2011 9:00,2,4,19.85448498,101.6916168,14.17195594,47,162,238.2090122
10/7/2011 10:00,4,2,4.389417678,100.1521281,20.3987532,38,29,135.8766875
10/7/2011 11:00,3,4,3.1667548,57.27856089,32.13482545,9,166,284.6935827
10/7/2011 12:00,3,3,24.72217096,43.82227697,46.48950144,5,24,90.66422393
10/7/2011 13:00,4,2,18.98245551,119.245142,40.91641461,36,171,288.4569997
10/7/2011 14:00,1,1,5.944150769,59.07188306,43.96640486,17,186,281.6440772
10/7/2011 15:00,2,2,4.662293544,70.69632628,44.26027125,47,98,237.441919
10/7/2011 16:00,2,1,26.32910084,105.3450324,45.92260071,30,133,238.1665745
10/7/2011 17:00,2,1,22.17570119,86.43648886,12.09714313,34,130,255.8919169
10/7/2011 18:00,4,3,4.195326443,64.43630632,22.84907241,2,163,246.7282651
10/7/2011 19:00,3,4,18.96926944,86.19938638,21.0421933,4,111,201.2066488
10/7/2011 20:00,2,4,4.110136684,89.11923435,19.19685171,33,110,222.7305138
10/7/2011 21:00,3,2,13.33692213,85.86444471,34.09555837,32,128,196.2416013
10/7/2011 22:00,2,4,2.333945756,110.2409103,23.21698164,35,161,227.3009597
10/7/2011 23:00,2,3,11.75016905,71.80672422,33.54478674,9,64,128.8056859
10/8/2011 0:00,4,2,1.662774828,103.0546026,18.57153988,44,25,181.9303562
10/8/2011 1:00,1,2,14.69471789,60.00544431,15.58219627,2,17,80.210191
10/8/2011 2:00,4,2,11.5844268,73.36255246,18.17632376,10,163,248.62522
10/8/2011 3:00,2,4,6.607798968,110.1943436,40.32576016,2,133,142.2979102
10/8/2011 4:00,2,4,-1.379122818,62.56030891,29.70291438,27,171,270.1080324
10/8/2011 5:00,1,4,11.4992285,92.88232819,49.99783455,41,39,148.8517028
10/8/2011 6:00,3,2,,,,27,29,42.05359157
10/8/2011 7:00,3,2,8.869428912,68.02969038,26.55660489,8,77,159.9585379
10/8/2011 8:00,2,1,17.61244541,91.84314789,12.96004451,25,73,114.6811735
10/8/2011 9:00,3,1,12.88570959,99.62811589,34.74456803,28,30,102.428847
10/8/2011 10:00,2,4,14.29659793,59.71419127,38.00410125,9,185,290.0022255
10/8/2011 11:00,1,2,13.38162609,127.8032374,24.42189195,26,182,278.8703652
10/8/2011 12:00,1,4,27.03971301,70.84033886,13.63293902,44,163,259.6720823
10/8/2011 13:00,2,4,0.129884297,72.97818154,29.61465307,31,78,159.082106
10/8/2011 14:00,1,1,1.894187998,224.175808,56.07411668,17,157,227.5433832
10/8/2011 15:00,4,3,17.47175609,64.46832721,46.47156748,17,47,134.8886183
10/8/2011 16:00,4,4,28.30156325,64.61904607,34.26919502,21,77,128.0214748
10/8/2011 17:00,1,3,28.55775343,120.8725458,15.24604198,16,110,225.7521067
10/8/2011 18:00,2,3,18.59049563,79.48866003,12.48164499,48,86,165.5715057
10/8/2011 19:00,2,2,10.17960465,80.64956844,35.25945797,24,16,54.16553491
10/8/2011 20:00,1,2,14.1200167,133.046274,36.71669757,25,26,146.690711
10/8/2011 21:00,3,4,14.0708165,93.69420565,31.30024185,4,107,163.8273448
10/8/2011 22:00,4,1,14.06679613,66.4272974,32.21054892,8,190,266.027651
10/8/2011 23:00,3,1,21.41362616,69.61633562,34.54770831,43,125,253.531684
10/9/2011 0:00,2,4,18.5617017,63.59697725,18.72476604,43,141,228.2885466
10/9/2011 1:00,2,4,,,,23,153,245.9649405
10/9/2011 2:00,3,1,10.11666224,76.46140327,25.83305931,6,170,261.2759417
10/9/2011 3:00,1,3,18.38812348,86.52472211,1.693160906,19,128,262.1054745
10/9/2011 4:00,3,4,10.81509687,101.9966432,19.57944356,43,23,116.4556082
10/9/2011 5:00,3,3,11.52423754,113.1907326,7.701428696,40,147,238.8779174
10/9/2011 6:00,4,4,0.427526212,108.9762153,20.40296954,7,199,288.6451019
10/9/2011 7:00,4,4,1.832211871,61.38647748,33.73066685,18,7,96.98207353
10/9/2011 8:00,3,3,12.27156367,55.6210143,2.642482229,34,29,124.5922045
10/9/2011 9:00,3,3,23.54797626,84.54469606,44.59253844,42,125,280.4629809
10/9/2011 10:00,2,1,2.609123803,70.50558966,32.93720139,43,17,75.18817894
10/9/2011 11:00,4,4,9.038253789,54.46610209,17.53428112,24,76,122.9879605
10/9/2011 12:00,4,2,9.166107157,93.87322574,16.04635438,16,121,152.4929043
10/9/2011 13:00,2,2,2.243711044,82.61033999,24.19864,38,125,264.6488112
10/9/2011 14:00,1,4,30.99393503,110.935835,14.44900674,24,110,215.0191734
10/9/2011 15:00,4,4,,,,34,82,140.4341941
10/9/2011 16:00,4,4,2.096605628,128.590986,1.753227832,38,140,239.8446292
10/9/2011 17:00,1,3,19.30200007,110.3048041,19.81024468,38,175,277.684459
10/9/2011 18:00,4,2,9.123221259,60.14712544,8.263030771,45,187,231.2172455
10/9/2011 19:00,4,2,,,,1,153,225.1212667
10/9/2011 20:00,1,2,2.912430999,91.55924481,44.40687585,15,123,168.1257013
10/9/2011 21:00,1,4,,,,41,136,263.6312814
10/9/2011 22:00,3,3,19.39324912,95.21864877,25.45428051,13,97,141.0021409
10/9/2011 23:00,2,4,23.69197707,81.22207277,9.864450561,28,52,151.9643378
10/10/2011 0:00,2,1,7.15488984,86.32515116,3.80744595,38,94,236.2058265
10/10/2011 1:00,1,1,18.0911572,72.75230336,37.16042401,1,121,216.5847099
10/10/2011 2:00,1,2,-0.158673595,126.3126139,7.223501137,9,105,194.5420535
10/10/2011 3:00,4,4,25.698313,79.62691395,2.777346234,1,70,133.8662507
10/10/2011 4:00,3,1,-3.948074043,51.40644239,31.95617925,26,136,182.2824135
10/10/2011 5:00,3,1,23.14659929,67.30968741,1.760931418,12,103,167.0918995
10/10/2011 6:00,1,4,10.57505393,115.8425349,21.96962705,1,153,212.4638354
10/10/2011 7:00,4,3,13.12878771,88.68921326,15.63787622,41,114,211.2886075
10/10/2011 8:00,4,4,28.98481554,106.4327466,16.81297496,13,160,192.1968794
10/10/2011 9:00,2,4,28.39443832,116.6442055,2.15373204,16,160,254.2148695
10/10/2011 10:00,2,3,19.19042964,110.2293298,49.29565858,43,120,192.7336491
10/10/2011 11:00,4,2,1.509785763,101.1846344,24.5550089,48,179,338.5236912
10/10/2011 12:00,2,2,15.61781099,69.18826022,33.73921283,37,167,273.5603738
10/10/2011 13:00,1,2,13.90738992,67.58663495,34.87196562,35,131,260.476944
10/10/2011 14:00,4,3,,,,33,155,281.836198
10/10/2011 15:00,2,1,14.56036553,79.64396046,30.28222394,28,53,208.3957032
10/10/2011 16:00,3,3,-0.276308728,315.5851301,156.5111105,46,195,311.493546
10/10/2011 17:00,4,4,18.50090023,93.86881113,23.7757213,22,97,172.3146518
10/10/2011 18:00,4,3,21.32203764,99.07669194,20.32586155,22,48,123.8723187
10/10/2011 19:00,3,1,,,,15,103,227.8583505
10/10/2011 20:00,1,1,,,,43,111,179.3476173
10/10/2011 21:00,3,4,16.41167349,103.660645,7.13981503,6,133,177.5903626
10/10/2011 22:00,4,2,18.27561792,63.7674113,26.06331534,44,32,148.0232846
10/10/2011 23:00,1,1,-0.369187776,102.7491398,35.5195855,0,132,192.3090517
10/11/2011 0:00,2,1,18.55460157,87.97628128,5.087860266,18,145,256.9017642
10/11/2011 1:00,2,1,,,,44,130,198.6911003
10/11/2011 2:00,2,4,12.77587271,118.1935747,28.28395089,32,97,191.8229959
10/11/2011 3:00,4,1,23.96062919,80.30941352,32.14234656,33,121,213.2005142
10/11/2011 4:00,3,2,22.2063584,104.7291682,10.97692398,0,1,33.62304944
10/11/2011 5:00,1,4,4.668772896,50.68730662,13.26185017,11,64,166.129686
10/11/2011 6:00,2,2,15.12563003,85.37350097,7.638111021,24,34,119.9958793
10/11/2011 7:00,1,1,29.47719486,110.8532945,15.59003203,22,178,260.7067069
10/11/2011 8:00,4,1,0.743793206,95.79095365,25.74016095,24,67,130.9673906
10/11/2011 9:00,2,2,21.71380528,82.95079023,44.83005183,30,34,117.5920876
10/11/2011 10:00,4,4,14.31261384,52.51916354,30.07005723,23,71,128.0188
10/11/2011 11:00,3,4,106.291915,392.4852544,57.23114382,9,171,270.5602036
10/11/2011 12:00,4,2,,,,1,28,124.6112881
10/11/2011 13:00,4,1,6.308218066,114.123421,33.62900358,32,163,310.0082619
10/11/2011 14:00,3,3,,,,36,77,190.6076372
10/11/2011 15:00,1,2,10.09346397,75.46004506,51.12962636,22,41,117.3891096
10/11/2011 16:00,3,2,-4.131903397,199.7747392,164.195754,1,112,163.476414
10/11/2011 17:00,3,2,57.77933111,229.3014084,165.3006342,3,93,175.2444071
10/11/2011 18:00,4,1,2.524251683,115.0049046,0.698429178,22,113,205.5305394
10/11/2011 19:00,1,4,18.92940226,113.5949508,42.75294145,45,6,110.2580672
10/11/2011 20:00,2,1,67.12023546,328.7199499,47.42099926,40,140,236.6016449
10/11/2011 21:00,3,2,19.9149627,78.26211203,30.52899312,37,21,157.5794173
10/11/2011 22:00,1,1,18.58676756,99.51247786,25.12005687,22,56,129.4679986
10/11/2011 23:00,3,1,1.597687359,86.47406414,29.31932583,11,172,287.8034229
10/12/2011 0:00,3,2,,,,43,181,293.8469689
10/12/2011 1:00,3,1,18.15023515,77.89160819,24.41008771,23,1,77.3262085
10/12/2011 2:00,3,3,,,,28,199,267.7843174
10/12/2011 3:00,4,1,,,,40,56,155.6864265
10/12/2011 4:00,1,1,23.91446406,76.64423616,33.42437795,27,117,223.4029241
10/12/2011 5:00,1,4,1.984143364,108.8743263,48.25826238,14,83,149.9713626
10/12/2011 6:00,1,4,22.51646721,88.2962974,39.58931161,9,74,172.7716273
10/12/2011 7:00,3,2,1.982551621,65.49879804,24.96228902,33,33,117.4326168
10/12/2011 8:00,4,2,,,,28,43,131.4776776
10/12/2011 9:00,3,4,18.67525431,107.9220788,2.511961259,30,68,123.6002281
10/12/2011 10:00,3,3,20.79510036,123.9204675,9.536981187,22,52,154.9652222
10/12/2011 11:00,1,1,60.30567527,388.4332034,206.2740943,17,189,262.1455153
10/12/2011 12:00,3,3,6.15244204,99.30231204,21.63582594,6,93,210.5067822
10/12/2011 13:00,2,3,,,,26,32,143.2648603
10/12/2011 14:00,3,4,8.994726646,61.78504218,39.29868678,8,75,149.6354578
10/12/2011 15:00,2,2,6.114617044,75.32208554,31.91854782,19,68,187.8356619
10/12/2011 16:00,3,1,2.798066904,116.4139562,48.53480372,20,128,224.2135755
10/12/2011 17:00,4,2,,,,27,162,283.2880543
10/12/2011 18:00,4,3,25.58598085,62.09276787,25.28798985,49,24,111.1490584
10/12/2011 19:00,1,3,4.656743712,117.4071235,44.72048387,2,131,210.8358337
10/12/2011 20:00,3,2,22.79091241,323.5336096,122.5369429,44,72,195.0618005
10/12/2011 21:00,2,2,19.41106438,41.32313286,14.25031659,9,117,143.6179013
10/12/2011 22:00,2,4,18.88179987,91.84441542,11.69593597,16,112,237.1388979
10/12/2011 23:00,3,2,25.19801225,121.3243815,39.28930942,34,114,177.1101789
10/13/2011 0:00,2,2,1.47758684,73.36236845,3.77943896,20,124,168.9313004
10/13/2011 1:00,4,4,0.975920663,123.8735775,47.49567952,8,194,180.4196421
10/13/2011 2:00,2,2,17.75420033,67.4230829,1.478665731,16,93,187.075935
10/13/2011 3:00,1,3,62.90376582,193.1156164,134.7480957,31,126,171.5483548
10/13/2011 4:00,4,2,,,,47,137,232.3128059
10/13/2011 5:00,4,1,16.60434863,103.9433539,30.60834896,37,147,272.936527
10/13/2011 6:00,4,3,3.35022474,82.62970509,26.58510273,27,39,135.5421596
10/13/2011 7:00,3,4,56.82146372,426.7332048,176.0904501,17,194,256.0497635
10/13/2011 8:00,3,3,22.54801599,92.46515001,34.67695683,5,74,95.02041715
10/13/2011 9:00,4,4,8.737001124,89.79055903,41.63474947,5,14,79.4925491
10/13/2011 10:00,3,1,,,,16,115,220.3593388
10/13/2011 11:00,2,1,,,,9,155,248.7063317
10/13/2011 12:00,3,3,7.806567851,111.7435692,1.127351439,1,107,225.2648329
10/13/2011 13:00,3,2,3.386775624,52.14232959,9.432634382,32,34,110.0378322
10/13/2011 14:00,4,3,10.09903509,109.1841327,33.41423754,42,6,72.11077225
10/13/2011 15:00,1,3,1.797492044,107.0039322,25.27357103,24,181,277.9005182
10/13/2011 16:00,1,1,18.07925615,115.3613155,40.00512702,37,169,275.9248437
10/13/2011 17:00,1,4,,,,0,37,100.4166485
10/13/2011 18:00,2,3,7.112214929,102.7309261,20.65454743,15,63,119.1507388
10/13/2011 19:00,3,2,0.881610109,77.58655162,45.07119976,25,56,64.92156049
10/13/2011 20:00,1,1,,,,40,107,180.3048022
10/13/2011 21:00,4,3,9.299487582,42.84777324,48.36286373,11,156,247.1955327
10/13/2011 22:00,1,3,5.359473407,65.93123772,43.39593634,8,123,202.9826775
10/13/2011 23:00,1,2,,,,12,193,297.4019926
10/14/2011 0:00,3,3,19.82184738,108.6276048,48.44225972,6,82,161.7798451
10/14/2011 1:00,3,3,8.562262652,77.75553693,36.98680874,0,133,218.4852325
10/14/2011 2:00,3,3,17.10660796,123.7646821,48.68385701,30,80,196.3270154
10/14/2011 3:00,2,3,8.531097848,58.01453822,3.462660926,34,1,98.97966166
10/14/2011 4:00,2,2,0.146043842,93.47144428,48.2625244,23,166,253.1707332
10/14/2011 5:00,1,3,4.93053448,108.8511383,28.54461015,2,133,111.0602738
10/14/2011 6:00,3,3,20.22943691,115.9804072,9.249847509,18,13,74.60901267
10/14/2011 7:00,1,3,75.28963463,279.9329528,58.25326638,3,145,192.884854
10/14/2011 8:00,4,1,-1.456381535,99.98106904,44.82282004,27,69,156.0032369
10/14/2011 9:00,4,2,1.639156956,81.87169667,27.35030922,43,75,153.3376088
10/14/2011 10:00,3,1,14.1711344,112.2772536,51.08181405,29,149,269.3551316
10/14/2011 11:00,3,1,20.24413254,90.43164683,5.94415435,35,77,148.7633619
10/14/2011 12:00,4,2,40.00772724,405.6948591,91.91871231,41,12,149.2621019
10/14/2011 13:00,3,1,14.02695524,61.65480784,18.30794225,3,72,109.3349458
10/14/2011 14:00,2,1,2.14836474,99.63449514,26.85451552,22,113,180.0366894
10/14/2011 15:00,2,1,3.711492935,88.29114542,32.9833057,10,105,157.7362114
10/14/2011 16:00,3,2,-1.393800993,98.51123141,32.32349126,3,9,60.22407266
10/14/2011 17:00,4,3,20.5797766,103.8205053,0.589640641,10,26,134.4507546
10/14/2011 18:00,1,4,35.52372606,412.5308247,28.7807442,48,13,114.2596129
10/14/2011 19:00,3,4,21.71251133,112.6727837,5.11237367,23,8,85.00302578
10/14/2011 20:00,3,2,19.21724173,74.67331759,43.91992937,19,136,195.779361
10/14/2011 21:00,1,4,90.40075551,410.3996127,71.85367224,44,184,283.2200281
10/14/2011 22:00,3,2,3.216358344,49.5957369,21.08596231,16,104,189.4878724
10/14/2011 23:00,1,2,6.756151729,97.71635195,23.6395016,12,34,102.5201881
10/15/2011 0:00,4,4,25.48457935,112.3248133,44.78810257,16,153,227.4468735
10/15/2011 1:00,2,1,18.91372892,60.16977492,2.320203581,14,168,275.4171575
10/15/2011 2:00,4,3,24.62505544,118.3544529,8.766535267,3,108,182.1263634
10/15/2011 3:00,2,4,5.027615649,110.7739656,34.62582366,17,105,150.3709817
10/15/2011 4:00,1,4,5.716664155,86.37108983,48.73584001,42,120,222.3202281
10/15/2011 5:00,2,4,20.75142574,71.36414242,34.07209916,8,66,120.7083511
10/15/2011 6:00,4,4,-1.507196532,80.18509659,14.81091056,47,29,154.4703189
10/15/2011 7:00,2,2,13.50646664,121.3209666,27.59052614,2,28,95.90843044
10/15/2011 8:00,1,2,8.989764886,56.88180138,50.9848309,26,83,205.710269
10/15/2011 9:00,2,3,-4.164976845,99.73249401,27.13049498,17,67,124.580427
10/15/2011 10:00,3,3,4.54989701,52.39043432,18.97385786,16,13,85.9897938
10/15/2011 11:00,4,4,,,,9,108,147.8197197
10/15/2011 12:00,3,4,2.798395598,110.1307511,49.62931609,36,179,276.4698143
10/15/2011 13:00,1,4,16.60094043,73.44290607,37.33599972,28,38,82.60724228
10/15/2011 14:00,2,3,5.651961078,120.6021834,37.30094598,46,20,138.3299926
10/15/2011 15:00,3,4,4.930872971,79.29054976,14.04447199,49,70,180.0024634
10/15/2011 16:00,3,1,103.0366813,309.3631674,124.0684264,4,5,76.30260087
10/15/2011 17:00,2,3,12.1107036,52.46528502,19.74036661,46,182,314.2719182
10/15/2011 18:00,2,1,6.953641052,120.4454776,13.25633636,5,39,113.3527863
10/15/2011 19:00,4,4,18.52193047,59.71912725,45.60873856,39,197,260.2862306
10/15/2011 20:00,3,2,23.08485583,101.2487356,19.64768631,34,152,231.894231
10/15/2011 21:00,3,1,-3.520880757,69.95365117,15.13249799,4,131,195.1458372
10/15/2011 22:00,1,3,6.736756888,76.99413013,48.23624507,49,161,262.6891827
10/15/2011 23:00,4,1,,,,14,88,158.3343207
10/16/2011 0:00,1,3,,,,26,21,158.1375446
10/16/2011 1:00,3,4,22.99172998,56.29500779,34.14122219,43,55,163.4855527
10/16/2011 2:00,1,1,,,,38,45,156.9236104
10/16/2011 3:00,3,2,23.21535396,110.9782123,44.46152757,32,119,153.172722
10/16/2011 4:00,3,1,,,,23,183,290.797864
10/16/2011 5:00,1,2,,,,20,154,321.9575508
10/16/2011 6:00,1,3,29.69778729,69.19726217,24.134067,1,89,192.7493011
10/16/2011 7:00,2,4,11.1690974,59.31894797,49.16723923,18,115,182.1549666
10/16/2011 8:00,2,4,4.233082171,56.90702324,3.63303136,44,162,336.7734025
10/16/2011 9:00,2,2,,,,17,143,223.147591
10/16/2011 10:00,3,3,,,,9,103,183.500121
10/16/2011 11:00,1,4,,,,44,147,245.2616916
10/16/2011 12:00,4,3,19.76845966,99.93480385,13.39319559,36,14,103.4662699
10/16/2011 13:00,3,2,-0.323730292,132.4277688,4.370944005,22,109,125.8040506
10/16/2011 14:00,4,2,-2.526412221,440.6205092,209.8482481,44,199,328.8528104
10/16/2011 15:00,1,1,3.259682541,116.1525241,44.84812129,40,23,116.2991388
10/16/2011 16:00,3,4,15.51348372,71.08673319,26.80467583,0,189,245.5483726
10/16/2011 17:00,4,4,-1.025059262,50.73188203,38.62233197,5,79,154.3714434
10/16/2011 18:00,4,1,10.01578165,111.5741714,29.83498277,0,43,92.71510047
10/16/2011 19:00,2,2,17.95304932,46.59981705,41.13016379,17,141,228.0483968
10/16/2011 20:00,2,2,23.37791153,66.22886075,43.27646683,26,72,196.2065675
10/16/2011 21:00,2,2,4.299855844,82.28324125,12.50713227,47,109,230.240324
10/16/2011 22:00,3,2,23.69334941,60.17706723,26.13731745,39,178,274.4721932
10/16/2011 23:00,1,3,5.422877959,101.1668272,34.19479839,37,149,244.3534507
10/17/2011 0:00,1,4,20.60102919,102.7116957,50.53928033,44,159,271.0573204
10/17/2011 1:00,2,4,,,,16,79,132.0562259
10/17/2011 2:00,2,2,-0.01887609,117.9748026,48.08219796,25,114,207.2377604
10/17/2011 3:00,2,2,16.22442476,68.21047001,43.83163738,12,24,118.5203432
10/17/2011 4:00,4,2,3.064933821,102.7190123,30.44397795,9,176,249.5899592
10/17/2011 5:00,2,4,4.61868954,79.23429823,46.0743754,37,22,108.2217618
10/17/2011 6:00,4,4,10.73538153,104.9443352,19.67618992,25,36,114.3139283
10/17/2011 7:00,1,2,18.90227669,56.10167481,22.4551092,30,2,113.473397
10/17/2011 8:00,3,3,,,,22,59,109.8843562
10/17/2011 9:00,3,1,,,,49,58,144.3772512
10/17/2011 10:00,3,1,-6.006576954,50.11191885,17.74827907,19,150,182.6452711
10/17/2011 11:00,3,1,13.31296467,48.44791811,31.89507251,22,32,116.8536111
10/17/2011 12:00,4,4,9.487433243,58.81424085,24.58218722,44,181,312.6716418
10/17/2011 13:00,4,4,5.784343742,82.92689061,47.2552505,26,38,165.7408404
10/17/2011 14:00,2,1,-3.699342218,72.55187693,49.6268613,14,152,274.2377477
10/17/2011 15:00,4,1,12.57416965,113.0001187,26.41971928,37,62,140.0449477
10/17/2011 16:00,2,3,18.06816736,88.59356572,29.69156052,10,88,167.2415132
10/17/2011 17:00,2,4,17.46749204,84.89656543,38.36674223,7,102,158.652639
10/17/2011 18:00,3,4,,,,13,84,208.1327656
10/17/2011 19:00,4,1,-5.881590177,73.98223716,12.52707702,12,186,298.7882866
10/17/2011 20:00,4,3,26.51232733,72.3373205,39.62527151,21,158,245.7085041
10/17/2011 21:00,2,3,,,,33,48,124.0671647
10/17/2011 22:00,2,1,,,,0,102,60.18803851
10/17/2011 23:00,1,1,5.096477095,52.50029651,42.14656792,36,187,241.6028331
10/18/2011 0:00,1,4,,,,31,108,145.0235593
10/18/2011 1:00,2,1,8.398963137,60.2441307,13.77100484,10,191,219.1868922
10/18/2011 2:00,1,2,8.978848262,76.37113304,34.06845833,9,165,291.9208379
10/18/2011 3:00,1,3,21.89309514,62.79412927,13.03486067,29,70,121.6857198
10/18/2011 4:00,2,1,20.08385943,96.31100138,13.45480555,11,90,130.6902381
10/18/2011 5:00,2,2,28.13497869,108.9043656,44.54700919,41,76,150.8843824
10/18/2011 6:00,4,3,,,,40,86,265.4380396
10/18/2011 7:00,2,2,11.03767178,87.8972927,14.68529406,33,7,99.58973507
10/18/2011 8:00,2,2,-0.127876457,84.30254477,46.41728371,24,12,127.2710469
10/18/2011 9:00,3,1,28.83811639,96.30101184,13.80917049,35,25,126.6884111
10/18/2011 10:00,4,3,,,,3,137,141.8759209
10/18/2011 11:00,4,2,,,,20,90,217.369031
10/18/2011 12:00,4,4,13.29831403,66.49622646,14.79763584,29,55,157.404418
10/18/2011 13:00,3,3,16.02875965,56.48684406,22.13516884,37,131,225.7018074
10/18/2011 14:00,2,4,28.24533628,93.69036709,46.59976917,11,105,230.1387149
10/18/2011 15:00,4,1,2.302183276,77.09948098,13.88383813,38,30,118.9201298
10/18/2011 16:00,4,4,,,,24,16,96.96586298
10/18/2011 17:00,1,3,3.820482487,54.0367103,38.66561273,18,135,203.9269691
10/18/2011 18:00,4,2,24.14287036,85.41725276,16.10739959,1,179,273.5505351
10/18/2011 19:00,2,2,-4.794494793,70.21218899,35.98128323,21,36,142.6582431
10/18/2011 20:00,2,3,-2.935817268,119.0111875,23.05955609,29,124,222.5838926
10/18/2011 21:00,1,2,,,,35,147,211.6540848
10/18/2011 22:00,4,4,12.11400301,57.45043673,39.41680473,2,46,98.08190079
10/18/2011 23:00,4,2,8.080702215,98.04651319,3.784293933,22,50,101.6081909
10/19/2011 0:00,4,2,-3.937813525,62.83442754,15.13767418,3,113,211.9635769
10/19/2011 1:00,3,4,24.83684229,87.66352882,19.5711516,27,57,97.89255772
10/19/2011 2:00,4,4,23.00850696,90.68764023,24.20020651,13,43,164.9473633
10/19/2011 3:00,2,4,9.7818065,90.88608855,34.24732267,5,97,201.7276761
10/19/2011 4:00,2,1,19.12112087,97.69795597,23.4163418,5,10,48.52409815
10/19/2011 5:00,3,4,14.4564695,59.79614129,30.31744855,40,11,99.56732502
10/19/2011 6:00,3,4,5.504904143,117.450822,31.59722678,36,137,212.6708418
10/19/2011 7:00,4,1,6.999823934,112.2270399,20.06995274,6,53,132.9326819
10/19/2011 8:00,1,2,13.82329531,65.00278446,47.61096803,12,33,148.3810418
10/19/2011 9:00,3,4,11.92515088,56.13325895,49.27052426,0,157,253.5581145
10/19/2011 10:00,3,3,4.67260649,69.59467879,31.71219459,23,142,212.9835738
10/19/2011 11:00,4,4,20.82495718,73.60651358,5.813609096,33,135,266.597666
10/19/2011 12:00,4,4,13.1651499,92.99935181,27.44103622,9,99,204.090094
10/19/2011 13:00,3,1,15.77870687,52.47883362,10.87311001,5,167,227.2524077
10/19/2011 14:00,1,3,2.849672741,121.3826302,27.64623656,3,21,84.61567569
10/19/2011 15:00,3,2,60.6799695,199.3228415,47.9099359,7,4,118.1328706
10/19/2011 16:00,4,2,8.283066006,69.13678639,36.58927805,45,19,156.6143356
10/19/2011 17:00,4,3,9.403742746,58.57112946,6.003406894,47,117,261.5890429
10/19/2011 18:00,3,4,22.01500741,55.82993499,48.31463978,14,48,200.3891039
10/19/2011 19:00,1,1,,,,44,118,239.2276613
10/19/2011 20:00,3,3,9.203262241,84.6626302,35.35721435,11,179,260.5616757
10/19/2011 21:00,3,3,19.53862948,59.25848919,48.36117338,38,193,332.5119543
10/19/2011 22:00,4,2,28.6070181,115.05976,13.88160643,46,146,312.3905672
10/19/2011 23:00,1,1,18.62451978,113.8659019,51.3479249,5,141,188.3962445
10/20/2011 0:00,2,3,18.60337034,330.1674114,87.00608424,20,6,80.66444237
10/20/2011 1:00,1,1,88.59899077,410.5808226,198.3987101,45,184,259.1452281
10/20/2011 2:00,3,4,,,,31,79,180.9670077
10/20/2011 3:00,3,2,23.35770684,91.48260059,11.92023534,31,9,127.3444415
10/20/2011 4:00,3,4,14.37540843,72.81267451,43.69706782,26,106,164.1825528
10/20/2011 5:00,1,1,,,,46,149,289.644938
10/20/2011 6:00,4,4,-1.785475146,87.87723134,13.63327053,10,132,189.0134793
10/20/2011 7:00,3,2,9.348749612,115.5539351,7.751214301,21,23,88.55179136
10/20/2011 8:00,3,1,24.14535795,88.70751991,9.956106064,35,142,271.475902
10/20/2011 9:00,1,3,-3.965864209,115.459744,32.06671564,22,87,150.8057913
10/20/2011 10:00,2,4,13.92937644,77.04724948,20.93567226,36,153,207.4373205
10/20/2011 11:00,2,2,25.14530942,102.5828097,41.86586405,22,54,158.834268
10/20/2011 12:00,4,3,,,,26,97,179.5557788
10/20/2011 13:00,4,2,6.696846243,100.9935643,50.26615112,33,145,274.4309189
10/20/2011 14:00,3,1,57.88945267,364.9267039,14.87807092,19,170,274.4611934
10/20/2011 15:00,1,1,11.04603884,68.39335348,4.209518291,14,133,155.004855
10/20/2011 16:00,3,4,,,,41,172,312.9021842
10/20/2011 17:00,4,2,-1.557359168,120.269558,45.65011943,3,24,144.411009
10/20/2011 18:00,1,2,15.99112201,48.70364972,42.50351606,28,143,262.4089878
10/20/2011 19:00,1,2,22.44212597,83.53657305,27.01321017,39,182,313.5990805
10/20/2011 20:00,4,1,-2.050749539,76.8789469,14.22386487,10,183,245.9355039
10/20/2011 21:00,2,4,4.044624913,79.56896513,1.552407301,48,28,122.0472174
10/20/2011 22:00,2,2,,,,6,63,135.7038437
10/20/2011 23:00,1,2,20.2588327,106.7485744,26.7912241,10,128,225.9101017
10/21/2011 0:00,3,3,6.140913122,119.0189406,20.20815447,41,123,251.1374006
10/21/2011 1:00,2,2,21.55092283,82.05399541,29.86039666,32,172,251.1443775
10/21/2011 2:00,3,4,1.912778863,81.95700204,39.39491034,29,108,181.0855617
10/21/2011 3:00,2,3,27.72643784,117.6680401,35.23162368,31,25,71.53822235
10/21/2011 4:00,2,3,10.72222601,130.5403771,14.92730432,39,84,202.6329278
10/21/2011 5:00,3,3,14.93682703,120.4489386,31.72951161,36,49,133.5144094
10/21/2011 6:00,4,1,,,,12,154,217.1590345
10/21/2011 7:00,2,3,18.92940176,56.63472542,10.14993798,6,99,217.0091778
10/21/2011 8:00,2,2,3.563872911,47.63986071,42.5960757,23,162,263.107147
10/21/2011 9:00,3,1,-2.330179804,107.5595688,37.31868495,10,79,158.825011
10/21/2011 10:00,4,1,,,,30,28,143.026553
10/21/2011 11:00,2,1,19.58597766,103.378457,9.538181289,43,134,279.7216517
10/21/2011 12:00,2,1,21.2631189,62.67320842,48.50900856,13,61,85.56141916
10/21/2011 13:00,4,1,11.41347469,96.76297285,7.528231304,43,70,156.0996126
10/21/2011 14:00,2,1,,,,25,126,204.0870589
10/21/2011 15:00,4,1,0.721001641,82.15732318,20.52588869,0,33,63.68349525
10/21/2011 16:00,4,3,19.68018634,79.02781976,5.773217321,5,175,232.0597697
10/21/2011 17:00,3,4,18.30365013,114.7319034,16.67254552,30,132,175.4650469
10/21/2011 18:00,1,2,18.6219458,72.15751282,9.317660665,42,116,245.6471621
10/21/2011 19:00,4,2,11.78088192,94.99724795,25.59089402,42,7,93.43935029
10/21/2011 20:00,3,3,28.01953909,80.08683088,48.99245966,11,199,275.975897
10/21/2011 21:00,1,3,24.00530356,100.8337644,18.91292035,0,42,103.469194
10/21/2011 22:00,2,1,16.5985171,95.24202769,31.91088911,5,179,260.6352612
10/21/2011 23:00,1,4,20.29518979,415.6233946,192.1062376,28,73,87.068749
10/22/2011 0:00,4,1,14.97490795,51.59987194,32.82908002,29,0,102.3861183
10/22/2011 1:00,4,3,14.17742946,70.29899729,19.59800784,12,37,100.6082389
10/22/2011 2:00,4,1,12.70497194,115.0149824,52.81160358,29,6,107.0497055
10/22/2011 3:00,4,2,7.539232923,69.66063098,10.24303234,11,80,115.4430021
10/22/2011 4:00,4,2,12.24400681,60.39433369,28.94473393,9,183,264.2196444
10/22/2011 5:00,3,1,15.37352733,83.99063676,41.8668365,38,173,309.7476154
10/22/2011 6:00,4,4,8.372415617,94.54990886,1.484668116,9,23,97.46809815
10/22/2011 7:00,3,1,5.095843333,50.86898318,35.91502138,17,34,89.2407497
10/22/2011 8:00,2,1,20.25061771,74.8793259,14.20863131,5,41,85.53491028
10/22/2011 9:00,4,4,,,,7,194,278.0109821
10/22/2011 10:00,4,4,-1.797445267,85.84642621,15.59946297,19,43,138.7959768
10/22/2011 11:00,1,4,7.576379063,51.21804505,50.98535337,40,3,113.3858247
10/22/2011 12:00,2,2,26.69573897,66.56361703,46.34393182,15,107,180.5467456
10/22/2011 13:00,4,1,15.42960719,98.98383622,12.50318856,1,118,184.7442405
10/22/2011 14:00,4,3,9.039316706,68.7153681,7.814838499,10,76,143.6911268
10/22/2011 15:00,2,4,23.20068371,101.5770242,20.73793671,23,23,94.19493972
10/22/2011 16:00,3,4,-3.523287187,103.8788751,32.31829312,18,70,170.3286632
10/22/2011 17:00,4,1,,,,3,146,217.8908597
10/22/2011 18:00,1,3,5.747869416,125.1338584,50.0760811,2,122,222.2866162
10/22/2011 19:00,4,1,-0.310284232,73.88690704,40.84789405,14,90,197.0593532
10/22/2011 20:00,1,1,49.98304489,210.3218121,126.1948742,39,177,283.8608467
10/22/2011 21:00,1,4,11.79358663,102.098036,9.259474304,3,145,225.3809021
10/22/2011 22:00,4,4,14.18795747,93.38237971,5.596654569,42,93,165.786931
10/22/2011 23:00,4,2,20.48417092,67.5154425,31.30316112,16,155,228.157944
10/23/2011 0:00,1,3,22.849597,66.90623395,30.61295847,8,156,233.7486061
10/23/2011 1:00,2,3,11.41730378,76.59368913,44.41135172,24,72,107.9697459
10/23/2011 2:00,2,4,8.228238848,62.93053374,19.71800205,0,102,174.3176093
10/23/2011 3:00,4,4,0.029839014,97.16348367,4.064826216,39,102,171.6412717
10/23/2011 4:00,3,4,,,,1,84,118.9137111
10/23/2011 5:00,2,3,11.90771206,76.06127479,49.9666645,44,172,259.4998216
10/23/2011 6:00,4,2,-0.920330732,79.5832338,41.30013728,32,101,191.4523623
10/23/2011 7:00,2,3,15.10789255,82.26116785,4.187924414,21,134,174.5098931
10/23/2011 8:00,3,4,13.14290879,67.53759343,46.24862124,41,44,170.0332551
10/23/2011 9:00,4,4,4.554012604,53.10105459,26.27125871,11,88,163.6397126
10/23/2011 10:00,3,2,,,,26,153,296.0497645
10/23/2011 11:00,4,1,5.700958814,65.33217563,18.10154935,10,69,147.286049
10/23/2011 12:00,3,1,7.092376334,95.32631038,31.05395237,41,48,165.391046
10/23/2011 13:00,2,3,23.22255327,112.8043837,29.48261567,13,118,164.6342315
10/23/2011 14:00,2,1,12.05696251,81.47165189,32.97656011,13,83,119.7791333
10/23/2011 15:00,3,1,-2.128718892,127.5687821,31.07998638,39,145,261.7914217
10/23/2011 16:00,3,3,23.97159813,113.1129034,9.197853671,42,39,107.4013487
10/23/2011 17:00,3,4,10.02023904,436.7960192,65.0432609,21,17,116.4388554
10/23/2011 18:00,4,1,17.23837349,121.0728911,44.5810671,8,46,164.3624418
10/23/2011 19:00,2,4,8.395837231,100.4942459,34.61282315,14,0,101.5231187
10/23/2011 20:00,4,3,9.996648371,98.88662279,23.82981187,32,160,268.2468206
10/23/2011 21:00,2,4,22.10854621,56.05259028,10.72873787,18,38,123.2017131
10/23/2011 22:00,1,4,18.28532927,99.66914207,3.083944781,30,111,188.5813923
10/23/2011 23:00,4,3,-2.788873121,94.42696884,15.41402941,17,22,94.64676179
10/24/2011 0:00,2,4,,,,11,13,66.10415428
10/24/2011 1:00,2,1,22.16482967,106.0120269,25.35793408,39,171,229.5883201
10/24/2011 2:00,4,1,,,,36,36,132.0967128
10/24/2011 3:00,4,1,12.8647474,88.89727565,16.75019585,44,70,206.2540238
10/24/2011 4:00,2,1,13.89520971,70.72660352,42.86573761,48,75,143.3368696
10/24/2011 5:00,4,4,16.16440363,107.7053376,37.14356485,0,164,264.9392048
10/24/2011 6:00,3,1,17.654962,111.5941436,8.558369677,33,155,283.4833393
10/24/2011 7:00,4,4,18.88698599,116.5670726,34.46311841,6,122,198.8612911
10/24/2011 8:00,4,2,20.17512081,102.4943896,9.6053373,1,6,78.08621467
10/24/2011 9:00,4,4,19.53618175,51.60811695,33.66902163,21,108,182.3310037
10/24/2011 10:00,2,1,18.27290269,119.9003465,8.223652957,3,120,183.162449
10/24/2011 11:00,3,2,7.980324813,63.41452336,20.40660646,44,179,267.9779555
10/24/2011 12:00,1,3,14.44021006,119.8182433,31.04107309,45,144,248.8182446
10/24/2011 13:00,1,4,17.54023449,58.11981068,4.563831361,19,189,271.0474834
10/24/2011 14:00,3,1,21.37627574,84.21956031,9.780024597,2,164,281.2736285
10/24/2011 15:00,3,1,,,,8,13,96.78841356
10/24/2011 16:00,3,1,6.14913447,87.89690616,25.25292914,17,178,247.5214776
10/24/2011 17:00,2,3,22.99454513,73.63025127,45.72254748,15,54,124.8200202
10/24/2011 18:00,1,2,57.09866013,350.5169994,39.83355683,8,56,101.3731376
10/24/2011 19:00,3,2,2.03169979,96.01368368,19.00826391,18,3,63.30169055
10/24/2011 20:00,2,1,19.34201159,71.80867213,24.39570233,5,48,139.0591274
10/24/2011 21:00,1,4,98.05175132,378.0904905,68.02983882,43,80,166.9029497
10/24/2011 22:00,4,1,,,,14,34,88.17960418
10/24/2011 23:00,2,1,20.35769043,98.05989569,15.39410982,5,109,154.9140383
10/25/2011 0:00,1,4,3.361529865,44.51146385,40.97482561,4,180,220.797792
10/25/2011 1:00,2,1,25.63111528,87.03775521,28.73947644,28,159,279.472477
10/25/2011 2:00,1,3,12.34944927,73.91686676,6.456281116,45,101,208.9217919
10/25/2011 3:00,1,1,23.03579479,60.21721947,33.88123463,26,120,196.1550496
10/25/2011 4:00,4,3,7.796317263,86.35123592,30.09742815,49,9,117.48674
10/25/2011 5:00,2,1,-1.222950944,90.34743631,18.02446071,44,112,221.1108224
10/25/2011 6:00,3,2,10.21436997,122.1947029,3.594678468,40,189,265.1571316
10/25/2011 7:00,4,4,,,,25,1,42.87191287
10/25/2011 8:00,4,2,16.86367117,99.94945779,23.20035587,27,62,187.6987203
10/25/2011 9:00,1,1,24.19314775,84.4103762,12.33832176,31,119,238.1682226
10/25/2011 10:00,3,1,16.37629108,81.01007929,30.10539448,24,143,236.8454734
10/25/2011 11:00,2,3,26.01519727,49.09863331,38.97351153,6,15,107.0711129
10/25/2011 12:00,3,1,3.843808834,75.27994558,45.59378893,29,130,274.9101292
10/25/2011 13:00,3,1,,,,30,17,89.40102345
10/25/2011 14:00,3,1,22.04795867,74.62885524,35.51465095,11,41,76.84605347
10/25/2011 15:00,3,2,14.65446502,77.1885652,33.50404044,8,159,245.2765283
10/25/2011 16:00,3,3,12.53245317,71.02922386,52.04298041,33,123,170.4102189
10/25/2011 17:00,1,2,,,,2,49,110.5381599
10/25/2011 18:00,1,3,18.87587372,54.83522747,16.90251148,36,176,261.4300338
10/25/2011 19:00,4,2,-1.04025888,87.10169981,8.953424484,49,2,129.5836198
10/25/2011 20:00,1,1,,,,27,71,141.8827661
10/25/2011 21:00,4,2,,,,45,115,254.328141
10/25/2011 22:00,4,2,11.99695535,82.58211613,14.79943427,21,124,180.9125941
10/25/2011 23:00,2,3,,,,25,126,230.4771846
10/26/2011 0:00,3,3,17.01405464,109.6961841,50.82693299,18,4,60.29483275
10/26/2011 1:00,1,2,17.84518737,104.4924091,51.42478914,20,184,278.7249722
10/26/2011 2:00,2,3,53.33043413,318.4734961,163.0396392,36,83,146.8160709
10/26/2011 3:00,1,3,18.95515874,61.82831684,20.96025949,9,171,237.5161502
10/26/2011 4:00,4,3,12.45022395,113.0012388,45.89435379,15,152,264.8864482
10/26/2011 5:00,1,4,-3.078520051,55.72675428,46.74855694,23,197,281.6580054
10/26/2011 6:00,3,3,20.26941551,56.00686094,45.79545839,24,22,139.6843276
10/26/2011 7:00,4,4,16.04910605,69.16464673,34.37646267,25,137,219.3879545
10/26/2011 8:00,4,4,22.65654937,90.52189687,12.16220876,0,137,180.0089018
10/26/2011 9:00,2,3,0.674376027,40.92974818,7.76852539,3,160,226.3040591
10/26/2011 10:00,3,2,-1.358105589,101.597473,48.39291979,36,72,184.6807025
10/26/2011 11:00,4,3,21.97362833,87.71406628,5.533999727,42,145,187.9468387
10/26/2011 12:00,3,1,-0.43531638,84.53302773,16.58015537,13,194,280.7658331
10/26/2011 13:00,1,2,20.6743143,78.38159509,26.62613727,23,96,148.8864871
10/26/2011 14:00,3,4,,,,26,73,121.4126832
10/26/2011 15:00,4,4,,,,42,26,142.207405
10/26/2011 16:00,2,2,2.717326004,55.80900249,16.81641821,26,162,286.1894952
10/26/2011 17:00,4,2,16.70085508,73.80701985,2.178214206,23,61,148.5109093
10/26/2011 18:00,3,3,22.30329353,99.61798868,51.89805522,39,145,201.3408335
10/26/2011 19:00,3,4,8.874030825,85.5430518,15.84701994,0,6,43.87058306
10/26/2011 20:00,4,1,8.667511913,89.22790563,45.6153006,38,198,281.4237414
10/26/2011 21:00,3,3,11.08851728,91.17288614,25.02738749,12,9,84.83903721
10/26/2011 22:00,1,2,,,,19,26,100.7841199
10/26/2011 23:00,4,4,24.06434483,66.1482998,13.34956762,37,67,176.7818098
10/27/2011 0:00,2,2,,,,35,194,316.908515
10/27/2011 1:00,4,2,24.58917221,120.7098668,16.65208019,11,182,261.2360958
10/27/2011 2:00,1,2,13.30637915,97.6401995,49.21527388,4,47,135.8206216
10/27/2011 3:00,1,3,17.66392639,104.4567114,3.811396687,4,106,159.771348
10/27/2011 4:00,1,1,3.278314742,85.79308471,16.33072232,16,66,238.7242616
10/27/2011 5:00,1,1,15.8784057,108.0641151,45.78131901,37,88,199.4270302
10/27/2011 6:00,1,4,17.51276806,92.10728021,25.49675199,9,153,240.3375699
10/27/2011 7:00,2,2,,,,15,167,292.5310479
10/27/2011 8:00,3,1,21.563092,121.9327094,36.77752162,23,70,153.4305144
10/27/2011 9:00,1,2,113.1587487,241.9535148,20.03042492,28,45,111.4044417
10/27/2011 10:00,1,4,18.49024363,57.53244361,2.478077951,13,97,206.9472673
10/27/2011 11:00,4,2,26.85102558,47.6632239,48.77806774,9,194,301.6931038
10/27/2011 12:00,2,1,-2.111624207,98.9775435,15.36256855,28,91,181.328587
10/27/2011 13:00,2,2,77.54987251,359.0228131,95.7297431,27,10,147.496821
10/27/2011 14:00,3,1,15.07470901,96.60587176,35.90469125,16,178,249.1940318
10/27/2011 15:00,2,4,8.012333207,121.8555979,13.76994973,4,31,120.6457198
10/27/2011 16:00,4,2,-1.931414613,65.77695118,40.60632257,1,71,175.1278426
10/27/2011 17:00,4,1,,,,35,147,242.5963947
10/27/2011 18:00,3,4,7.871128305,94.80125557,46.1609339,49,132,252.3351351
10/27/2011 19:00,4,2,11.14892709,113.8755262,15.3713679,39,125,252.3963269
10/27/2011 20:00,1,4,17.87042514,67.34522251,12.00974809,45,168,259.6150221
10/27/2011 21:00,1,1,23.65833897,122.3396653,42.89265729,44,12,89.16072786
10/27/2011 22:00,4,2,24.82498238,58.58564202,19.47608596,38,121,256.5594577
10/27/2011 23:00,3,2,7.072556294,104.6313089,24.17251726,8,97,171.7577167
10/28/2011 0:00,2,2,,,,35,130,207.3718078
10/28/2011 1:00,3,4,3.824901373,109.317975,33.77793465,4,142,206.3477637
10/28/2011 2:00,2,4,9.298369058,46.8636893,24.13413819,14,96,182.7650101
10/28/2011 3:00,4,1,-1.858940542,52.00457098,13.30985742,8,55,73.41485592
10/28/2011 4:00,4,3,22.13838381,54.70218518,39.90571337,24,123,225.958432
10/28/2011 5:00,1,2,14.02633968,88.53949092,12.16525658,49,170,288.7168543
10/28/2011 6:00,2,2,0.882122098,90.26487398,47.90902765,27,194,328.101278
10/28/2011 7:00,3,1,43.59186521,408.8340952,41.06864983,26,45,121.8634176
10/28/2011 8:00,4,2,10.35288046,80.19982509,41.32134138,45,116,259.7315458
10/28/2011 9:00,3,4,14.77996807,57.01291289,23.44781785,46,175,277.0635364
10/28/2011 10:00,1,4,2.282388079,64.05630465,11.12095689,32,104,197.5630194
10/28/2011 11:00,2,2,24.24901123,39.41817429,21.28506672,32,96,193.8012425
10/28/2011 12:00,2,2,2.149641064,103.5523417,14.25958532,37,163,320.1552273
10/28/2011 13:00,4,4,-3.855435891,111.5193746,10.03828848,7,150,177.1578463
10/28/2011 14:00,2,2,-1.216487043,119.7039702,13.38458517,3,182,257.1797705
10/28/2011 15:00,4,4,15.0000718,73.74078794,45.55040405,47,54,159.5794234
10/28/2011 16:00,1,3,-0.593297543,52.64327408,7.743370698,42,53,151.4414047
10/28/2011 17:00,2,3,0.8168877,60.08259375,49.21675559,35,124,233.7727759
10/28/2011 18:00,4,2,5.614427563,96.15381066,1.256890888,42,64,196.4474931
10/28/2011 19:00,3,2,11.6520863,127.5881058,36.60273515,30,50,153.2014456
10/28/2011 20:00,4,2,2.020924709,48.96520113,44.17379178,9,159,262.2936603
10/28/2011 21:00,2,4,1.295271906,49.61372912,50.36957061,48,127,224.6937341
10/28/2011 22:00,1,3,8.563267389,99.08392035,8.26844351,40,147,242.7510681
10/28/2011 23:00,2,3,7.453904995,92.25248961,37.98515551,41,90,158.1665791
10/29/2011 0:00,2,1,11.59147429,64.95185359,7.477496035,7,163,286.6649777
10/29/2011 1:00,4,1,,,,29,31,111.5615405
10/29/2011 2:00,3,2,-2.28518764,56.39172194,40.87968046,13,102,163.2315901
10/29/2011 3:00,2,4,11.92503294,125.3246208,18.47203189,44,56,175.3330543
10/29/2011 4:00,3,2,4.184964478,64.4384187,18.69349157,34,28,152.3307068
10/29/2011 5:00,4,3,,,,45,173,254.3410508
10/29/2011 6:00,3,2,,,,45,86,223.689291
10/29/2011 7:00,4,2,27.23986811,61.4911959,7.118992226,2,121,170.9748053
10/29/2011 8:00,1,3,18.63204209,95.00857885,45.58261652,28,162,289.9776542
10/29/2011 9:00,3,3,22.33244599,84.12396111,3.81700272,15,78,133.8170194
10/29/2011 10:00,3,3,92.46876222,312.8534061,151.6280958,9,106,194.0929455
10/29/2011 11:00,1,3,28.15571952,96.26207287,40.41299028,3,51,112.2960708
10/29/2011 12:00,3,1,18.7859034,69.14104965,31.7960344,49,142,214.2087058
10/29/2011 13:00,1,4,15.20216909,50.4268351,38.724437,3,88,105.5063867
10/29/2011 14:00,2,4,,,,1,178,213.682028
10/29/2011 15:00,4,3,,,,10,30,126.7326284
10/29/2011 16:00,1,4,18.36465939,48.17878657,21.97374611,14,83,95.646588
10/29/2011 17:00,3,4,25.34810242,75.36859913,49.21809743,10,143,219.9449596
10/29/2011 18:00,1,4,8.694740088,95.67029696,50.70312927,22,163,249.318647
10/29/2011 19:00,3,4,16.80309263,63.7542244,34.11101179,37,38,81.42842762
10/29/2011 20:00,2,3,12.62444138,88.43434058,13.05350371,49,138,219.9758219
10/29/2011 21:00,1,2,8.075538311,85.35892714,24.50078833,29,147,208.9045245
10/29/2011 22:00,2,2,,,,49,55,162.4342227
10/29/2011 23:00,4,2,,,,0,169,269.8289747
10/30/2011 0:00,3,1,3.540169902,110.5652464,36.26052345,44,46,179.0731962
10/30/2011 1:00,3,4,15.87970516,62.59444439,27.71227878,32,5,83.00053641
10/30/2011 2:00,2,3,23.26160693,60.06121006,34.49067995,44,108,183.9127311
10/30/2011 3:00,4,3,21.37208849,103.4718498,2.482580811,36,34,80.02952107
10/30/2011 4:00,1,1,,,,22,135,202.4079762
10/30/2011 5:00,1,3,,,,48,70,147.7881232
10/30/2011 6:00,3,2,8.035789997,120.9039195,35.0697954,47,36,138.6528239
10/30/2011 7:00,2,1,9.264103822,96.42595406,7.813079223,17,177,250.7751171
10/30/2011 8:00,2,3,17.97549206,80.60460518,6.742480133,9,122,173.4407756
10/30/2011 9:00,1,1,6.776547919,78.19509172,3.406284687,16,143,202.0545949
10/30/2011 10:00,4,1,-3.242901648,115.0946495,49.19711039,6,8,49.86565689
10/30/2011 11:00,4,3,12.44775926,61.65248894,33.77206254,14,74,129.2907123
10/30/2011 12:00,1,2,21.93740875,84.37138808,21.18628805,26,59,184.7281677
10/30/2011 13:00,1,3,6.161027213,103.2613162,42.39034155,8,50,130.170573
10/30/2011 14:00,2,4,15.9875666,93.52134916,34.71809837,20,45,137.5624789
10/30/2011 15:00,4,4,18.84012002,95.18823478,32.39505206,36,70,192.9659113
10/30/2011 16:00,1,3,18.03437938,86.95027358,26.90128033,28,139,251.2989699
10/30/2011 17:00,1,2,,,,41,63,203.321906
10/30/2011 18:00,3,4,11.04091372,72.67788179,14.34045031,44,114,232.2172144
10/30/2011 19:00,1,4,1.456954964,87.25089801,8.34393736,32,20,114.7047156
10/30/2011 20:00,1,3,6.243210521,100.7851272,36.59513133,5,4,47.81296917
10/30/2011 21:00,4,3,7.605826982,87.3187008,14.76704105,24,5,60.79728859
10/30/2011 22:00,2,3,14.28617632,78.28669566,26.69240073,34,42,158.9753209
10/30/2011 23:00,4,1,-2.839040726,128.1574128,20.41769556,16,25,94.16172294
10/31/2011 0:00,2,1,,,,43,92,150.6827634
10/31/2011 1:00,3,1,19.24137734,60.00941103,49.37420702,26,53,72.67399125
10/31/2011 2:00,1,3,19.29301242,79.91540863,50.23158045,42,127,289.8796015
10/31/2011 3:00,3,2,16.82948617,59.30664952,6.904422302,39,130,195.8585074
10/31/2011 4:00,2,4,18.52507826,84.30429821,44.5945256,24,138,197.8352743
10/31/2011 5:00,4,1,19.64719781,36.0944688,24.31303081,11,24,128.2506298
10/31/2011 6:00,4,2,16.58364743,52.12054304,41.48818277,42,139,201.1369239
10/31/2011 7:00,3,3,11.00594711,71.38115264,9.604254031,36,64,172.3223483
10/31/2011 8:00,2,1,24.23326396,95.31555542,7.77478698,39,3,153.025253
10/31/2011 9:00,3,3,16.07656096,116.1859107,47.03838328,43,179,341.7667711
10/31/2011 10:00,3,2,,,,37,126,205.9143428
10/31/2011 11:00,1,1,21.55095224,190.2418692,115.6526862,40,192,287.9626281
10/31/2011 12:00,3,1,19.57135942,91.40831439,46.32078023,24,197,265.4181767
10/31/2011 13:00,1,1,21.88613895,48.87221465,35.23200359,48,161,264.7571566
10/31/2011 14:00,1,1,3.766773607,64.30530163,11.05417079,1,108,204.2297996
10/31/2011 15:00,4,2,0.818083685,115.0116472,19.98932968,0,15,29.28828011
10/31/2011 16:00,1,1,24.42760869,78.8436671,8.381847982,49,141,265.6923745
10/31/2011 17:00,1,4,102.7407855,193.7013186,172.2669894,2,101,153.3747725
10/31/2011 18:00,4,4,-1.373348495,89.37351425,52.13745527,28,112,237.2807793
10/31/2011 19:00,3,3,,,,13,73,181.674404
10/31/2011 20:00,2,1,14.79774428,79.8051817,33.81071069,44,188,275.9839366
10/31/2011 21:00,2,4,18.13950513,322.1388925,162.5268437,33,52,137.8605393
10/31/2011 22:00,2,4,22.78850093,68.40967478,12.34572991,21,117,220.9529569
10/31/2011 23:00,3,4,-1.376688283,124.9028213,18.80817071,35,185,305.6558229
11/1/2011 0:00,1,2,-4.280758806,86.17592507,24.13608798,14,62,57.96764678
11/1/2011 1:00,2,1,0.358094445,108.3839673,33.56253923,36,140,258.8149886
11/1/2011 2:00,3,2,3.371901223,103.1687817,45.33796279,9,44,158.5090927
11/1/2011 3:00,1,2,8.041420407,336.265008,60.62200324,8,182,253.7690938
11/1/2011 4:00,4,4,-3.134649237,87.51298478,27.73718149,49,160,293.592297
11/1/2011 5:00,2,4,17.85476469,45.14997958,39.60802672,34,61,189.4358943
11/1/2011 6:00,1,3,,,,45,166,273.7072426
11/1/2011 7:00,2,1,24.30712037,75.47992518,28.95317312,41,140,261.472591
11/1/2011 8:00,2,1,,,,16,80,152.4125117
11/1/2011 9:00,2,4,10.23432322,77.54055703,29.03919021,46,72,172.4531369
11/1/2011 10:00,1,4,5.004162596,102.6860959,41.11453052,17,140,193.158218
11/1/2011 11:00,3,1,6.280887042,122.8417547,14.91900525,48,15,124.1814283
11/1/2011 12:00,1,3,11.33503964,75.46547638,45.30306485,24,181,317.5827686
11/1/2011 13:00,2,4,11.06808089,85.18178624,19.83086651,34,157,219.8885397
11/1/2011 14:00,1,3,,,,15,166,255.4559127
11/1/2011 15:00,4,2,75.5264066,248.9223127,108.6677428,44,96,205.56473
11/1/2011 16:00,3,4,16.75234276,51.65854459,46.45711476,48,103,251.1672781
11/1/2011 17:00,1,2,5.758714854,58.75518804,5.620291102,24,63,192.7956264
11/1/2011 18:00,4,4,20.66318956,120.3830267,18.77876234,15,69,112.1668988
11/1/2011 19:00,3,2,17.93472147,56.3409316,35.20929154,40,139,217.6551718
11/1/2011 20:00,4,4,104.2610949,255.2039612,78.45625941,23,129,192.2804737
11/1/2011 21:00,3,3,23.23775704,85.91171602,5.555629012,11,160,212.3285208
11/1/2011 22:00,1,3,-1.791132012,108.8875436,19.31974239,34,142,219.8875034
11/1/2011 23:00,4,3,2.166950227,111.6444607,42.35639524,8,80,154.2393639
11/2/2011 0:00,2,2,,,,47,179,256.272304
11/2/2011 1:00,4,3,17.564748,119.5800556,7.037132388,36,162,232.4766682
11/2/2011 2:00,3,2,11.75645138,55.07791116,29.99578078,31,94,157.0692182
11/2/2011 3:00,1,4,,,,18,122,210.5521915
11/2/2011 4:00,3,2,5.581267093,106.9651675,35.85642767,21,37,111.8469504
11/2/2011 5:00,4,4,3.0844955,89.81821876,2.945829018,44,41,133.5075156
11/2/2011 6:00,4,1,0.123132234,62.26564787,2.600335522,33,108,171.4767418
11/2/2011 7:00,2,1,14.160216,84.7556864,41.27456636,18,80,105.5980987
11/2/2011 8:00,1,1,14.04999658,89.40428652,5.681818841,49,6,159.6523356
11/2/2011 9:00,1,2,4.971297376,115.9852088,18.99805086,11,55,113.0311108
11/2/2011 10:00,4,1,20.43201145,107.3955738,50.66711802,17,132,285.9943472
11/2/2011 11:00,1,1,-0.857773658,86.43127277,50.94506703,4,167,249.8499628
11/2/2011 12:00,2,1,3.849151219,111.8987665,11.60139569,25,60,195.5304681
11/2/2011 13:00,3,4,19.96878013,86.22082608,29.7848928,26,64,175.4441782
11/2/2011 14:00,1,3,7.648854419,95.13289104,29.09164024,19,193,272.3817361
11/2/2011 15:00,4,2,16.86540568,108.5319774,25.31523973,7,195,239.683231
11/2/2011 16:00,3,1,,,,15,192,233.2944814
11/2/2011 17:00,3,4,18.22167371,50.50648485,38.57574396,1,92,182.1759452
11/2/2011 18:00,2,3,1.32072759,73.43351255,39.60498425,44,84,191.5241869
11/2/2011 19:00,4,3,13.12333529,87.80218998,16.94106268,0,169,243.0549622
11/2/2011 20:00,1,3,16.93006226,54.96289271,23.78878123,4,162,245.9854164
11/2/2011 21:00,4,4,20.15060727,59.66740494,27.69561757,30,193,289.212738
11/2/2011 22:00,3,1,,,,22,24,87.36458987
11/2/2011 23:00,4,3,1.132067338,49.49328173,7.600766207,20,5,110.8882152
11/3/2011 0:00,1,4,0.976190406,100.1943046,10.78584661,11,7,67.54837525
11/3/2011 1:00,1,4,11.76034404,68.54096171,10.55935245,3,162,223.197913
11/3/2011 2:00,2,2,16.67920965,47.41440034,13.93027309,36,52,164.9894225
11/3/2011 3:00,1,4,3.085707119,104.5895521,15.51879,10,18,81.68568623
11/3/2011 4:00,1,3,-2.57259945,109.3905384,14.01241064,41,8,49.90605161
11/3/2011 5:00,4,3,,,,39,160,285.6460263
11/3/2011 6:00,4,4,,,,8,7,108.0631947
11/3/2011 7:00,3,3,1.32337309,127.6783842,18.2704685,25,37,62.46879051
11/3/2011 8:00,2,4,-0.497891187,72.24621732,48.43846676,38,159,221.0904954
11/3/2011 9:00,4,3,,,,26,22,164.0925933
11/3/2011 10:00,1,2,16.47496317,66.13210983,42.18719982,28,161,251.3242332
11/3/2011 11:00,3,1,8.548179133,57.17472294,49.20113025,45,86,186.456734
11/3/2011 12:00,4,2,-2.700288159,59.9706832,11.65831348,42,173,257.5457115
11/3/2011 13:00,2,2,-1.487269797,46.3264165,22.61767296,49,159,232.4031669
11/3/2011 14:00,2,1,2.398509387,111.3914587,25.7082991,24,128,201.4787647
11/3/2011 15:00,3,3,19.73672906,124.0034436,19.32470281,17,6,107.5310386
11/3/2011 16:00,3,1,-2.502259266,115.0234328,3.974202323,29,106,189.8150951
11/3/2011 17:00,3,4,14.20179792,107.4825445,43.6446004,7,111,191.5810487
11/3/2011 18:00,3,1,1.771057807,104.0418237,7.066581154,1,23,132.2308478
11/3/2011 19:00,3,2,1.288790086,93.51839984,53.0684659,21,129,187.83241
11/3/2011 20:00,1,1,3.292803535,115.7983456,40.47749747,20,145,229.3201394
11/3/2011 21:00,1,3,-0.40736473,55.57295839,32.84428409,38,82,205.3528511
11/3/2011 22:00,4,2,19.6375699,70.49676037,9.797238853,25,105,157.2211022
11/3/2011 23:00,2,4,,,,28,99,187.5369778
11/4/2011 0:00,1,3,18.39478989,111.2355716,17.37709134,4,55,170.3523253
11/4/2011 1:00,1,2,-2.007019264,107.0826529,15.58715728,45,91,180.9622898
11/4/2011 2:00,1,4,0.789112645,109.4015769,45.13561286,13,31,131.2074239
11/4/2011 3:00,4,3,5.335279314,82.68265331,20.96953871,34,76,160.910163
11/4/2011 4:00,3,4,18.21942936,105.1777594,23.44178964,5,69,183.1191363
11/4/2011 5:00,4,1,1.375364512,126.0941676,46.62139293,22,92,119.7547605
11/4/2011 6:00,2,1,9.212182693,56.51008801,7.182354749,16,9,82.05476923
11/4/2011 7:00,2,4,9.013365921,116.4003935,33.02272525,23,122,155.727744
11/4/2011 8:00,2,1,-0.645357305,94.95856334,32.37056166,39,167,240.0543966
11/4/2011 9:00,2,4,25.4118775,94.00201802,23.73116808,28,73,134.8634688
11/4/2011 10:00,1,3,13.61596632,111.0547766,44.52538267,29,33,109.0466893
11/4/2011 11:00,1,2,20.43264129,72.5663989,51.54570044,23,83,125.3939992
11/4/2011 12:00,4,4,17.61935511,67.88405353,26.05190206,34,110,196.8779292
11/4/2011 13:00,3,2,12.22424877,89.288583,26.56904078,46,32,146.8315022
11/4/2011 14:00,2,2,-1.9343717,32.79260593,25.92828939,36,87,132.0478192
11/4/2011 15:00,4,4,13.68648905,82.69678639,40.10589463,1,96,132.9443596
11/4/2011 16:00,1,1,0.158006782,65.25355911,34.70272806,20,56,207.2095344
11/4/2011 17:00,1,3,9.051703311,128.4201589,14.97674026,39,149,252.8443358
11/4/2011 18:00,3,2,14.22877162,40.83455649,6.410562461,40,175,215.4224516
11/4/2011 19:00,3,3,,,,4,31,47.92819293
11/4/2011 20:00,3,2,17.41423327,118.0773167,15.7855448,34,124,219.7067924
11/4/2011 21:00,4,4,17.7997941,114.042659,34.51500389,43,107,207.9371574
11/4/2011 22:00,1,1,3.016530417,96.30509848,43.43966816,34,172,243.2814183
11/4/2011 23:00,1,3,6.514463561,89.68040662,17.64696481,18,1,139.6916923
11/5/2011 0:00,3,2,-5.349593156,59.09006628,36.8236043,15,182,330.4416645
11/5/2011 1:00,2,4,16.86326604,74.06638709,9.550456777,24,58,128.9358704
11/5/2011 2:00,3,4,24.63911663,38.51554778,50.47975245,15,32,128.0436635
11/5/2011 3:00,4,2,0.216974257,105.6666885,6.031049313,30,95,207.537544
11/5/2011 4:00,3,2,1.373364092,65.80632168,24.86194807,32,104,222.5063694
11/5/2011 5:00,3,2,10.51831717,101.3921237,29.55628317,16,13,64.61524707
11/5/2011 6:00,4,1,22.42379632,80.2698273,41.37840748,20,195,327.9889298
11/5/2011 7:00,3,2,15.24967589,78.37060805,9.369692162,34,193,279.7351989
11/5/2011 8:00,1,2,-16.94117759,339.0789949,105.8690304,48,58,173.4405539
11/5/2011 9:00,2,1,,,,22,14,90.82978847
11/5/2011 10:00,3,4,20.59150974,54.91308135,20.42716727,48,158,256.5656048
11/5/2011 11:00,4,2,,,,15,28,106.0960456
11/5/2011 12:00,2,3,,,,37,111,167.1550815
11/5/2011 13:00,4,4,12.79508657,48.91383306,39.09774421,49,108,152.5848102
11/5/2011 14:00,2,3,6.350433488,94.63018808,43.80348664,13,122,183.3057536
11/5/2011 15:00,2,2,11.1679185,59.3180452,48.23667082,39,46,113.2821209
11/5/2011 16:00,3,1,17.22653469,47.24355135,34.74046361,40,184,295.1078577
11/5/2011 17:00,1,1,18.074089,107.9401617,21.15038882,49,57,173.6842645
11/5/2011 18:00,3,1,-0.183900247,84.19234864,24.07656741,32,92,179.0627878
11/5/2011 19:00,4,2,24.85411418,56.674015,53.43298566,20,84,203.0934735
11/5/2011 20:00,4,2,,,,16,158,228.4472572
11/5/2011 21:00,2,3,19.09439208,56.87480501,25.78993325,3,52,65.87743506
11/5/2011 22:00,2,1,19.57955098,82.3941841,52.45239335,15,85,147.900521
11/5/2011 23:00,1,2,-1.976923125,91.84796923,44.88552847,29,63,181.7267844
11/6/2011 0:00,3,4,2.601188688,87.45554195,47.5035238,43,81,122.0580294
11/6/2011 1:00,4,2,20.20148597,53.50826924,37.14509609,44,1,96.75251309
11/6/2011 2:00,2,2,8.46247348,90.79578858,46.42873503,33,59,163.8254124
11/6/2011 3:00,1,4,15.05414276,76.80131803,47.35526419,21,83,238.116785
11/6/2011 4:00,4,1,10.17086223,76.31180794,7.652656988,43,175,308.7852228
11/6/2011 5:00,2,4,17.70416727,103.7483309,50.36417011,41,47,146.5039791
11/6/2011 6:00,4,1,8.014357045,74.57344659,17.91880447,28,117,215.1362735
11/6/2011 7:00,1,4,6.578665049,55.20192737,25.0230443,46,188,231.5706601
11/6/2011 8:00,1,3,3.209625028,109.0601008,42.66927947,4,131,157.9978947
11/6/2011 9:00,4,1,22.74505198,59.74477791,36.6989986,0,25,99.00628492
11/6/2011 10:00,3,2,9.280065192,73.09396691,47.00831735,39,83,181.3007064
11/6/2011 11:00,4,3,-0.051095916,100.6711951,21.6265815,24,149,236.116005
11/6/2011 12:00,2,1,24.33314062,100.3098757,20.63444075,49,170,274.465309
11/6/2011 13:00,3,1,16.67209475,102.9268181,5.578029083,5,19,78.2772577
11/6/2011 14:00,2,1,,,,22,92,171.5060345
11/6/2011 15:00,4,4,23.00549831,82.41426769,38.70557662,32,47,101.7252051
11/6/2011 16:00,3,1,,,,13,120,180.5266123
11/6/2011 17:00,2,2,-1.162195183,80.00008858,25.47364645,41,94,152.0594585
11/6/2011 18:00,4,1,9.078550689,240.791035,54.39848144,35,60,130.7828949
11/6/2011 19:00,4,2,,,,17,150,257.2361453
11/6/2011 20:00,3,2,17.7143591,42.1813816,7.391481821,39,60,147.9246473
11/6/2011 21:00,4,2,2.921162682,42.10524006,38.9135615,43,79,194.2106377
11/6/2011 22:00,1,3,0.547080083,76.65130245,23.16391784,9,190,256.7825421
11/6/2011 23:00,2,2,6.334145742,122.227645,6.49807375,44,18,104.7652227
11/7/2011 0:00,2,4,,,,38,12,74.04319394
11/7/2011 1:00,4,1,6.592128303,125.1294068,27.70746452,48,129,219.2868833
11/7/2011 2:00,4,4,-0.832290555,81.73967338,32.3604702,11,178,248.7722191
11/7/2011 3:00,1,3,17.79944707,47.49026948,40.6960981,37,74,182.6697972
11/7/2011 4:00,3,1,15.65945612,66.89238353,34.99045756,22,0,79.92364325
11/7/2011 5:00,4,2,13.88384784,100.7518572,38.47041998,6,168,247.7263055
11/7/2011 6:00,4,1,8.308510979,49.06765777,39.66316552,44,137,189.6251668
11/7/2011 7:00,4,3,,,,45,2,127.2185357
11/7/2011 8:00,4,3,9.965774276,45.6813766,22.18744195,24,7,51.35937316
11/7/2011 9:00,2,4,24.13014445,78.05789254,15.41130756,12,79,174.7006215
11/7/2011 10:00,4,1,17.96073322,55.20364089,46.9451364,37,163,269.2560932
11/7/2011 11:00,2,1,3.025143474,58.95576325,53.65308875,18,106,122.0666813
11/7/2011 12:00,4,1,5.235457713,86.25646619,21.53261395,44,39,159.2697183
11/7/2011 13:00,3,4,14.19311239,68.82106336,9.403131751,21,166,271.0022345
11/7/2011 14:00,1,3,,,,40,174,305.8741641
11/7/2011 15:00,3,2,33.73872434,365.1138441,143.4780088,10,118,159.068373
11/7/2011 16:00,4,1,,,,41,187,287.4971734
11/7/2011 17:00,4,4,20.36967807,112.2802618,42.84932492,2,7,83.93687148
11/7/2011 18:00,4,4,9.734838703,35.66884929,48.35822487,18,73,167.1817532
11/7/2011 19:00,3,2,18.75011235,80.27836575,50.92660002,26,164,256.3661424
11/7/2011 20:00,4,3,17.13246146,82.89735769,3.416523794,6,190,237.27002
11/7/2011 21:00,3,1,19.10745733,127.785987,49.65951067,36,26,145.696023
11/7/2011 22:00,2,1,22.13732078,90.53903738,39.67875115,26,94,203.8609277
11/7/2011 23:00,1,4,1.49363026,51.00422974,8.146724476,46,130,225.4066132
11/8/2011 0:00,1,3,8.057314943,82.60755988,24.52432873,33,166,229.5169673
11/8/2011 1:00,3,1,20.75132433,72.62247911,39.15054374,10,5,47.1751755
11/8/2011 2:00,2,2,79.51378374,300.0473952,213.2801408,37,9,140.9454868
11/8/2011 3:00,3,3,22.86345605,63.37335317,11.65871344,4,156,242.5100018
11/8/2011 4:00,2,3,-3.157041509,76.71597986,9.762174211,6,28,87.37716705
11/8/2011 5:00,4,4,15.86611071,63.57402419,26.92148332,35,147,229.9918899
11/8/2011 6:00,2,4,2.027451322,109.9219468,50.82376289,4,78,82.91022428
11/8/2011 7:00,2,1,10.29700782,85.5001322,50.59352348,4,65,120.4125503
11/8/2011 8:00,2,4,-2.016285564,49.004022,13.76652966,26,11,55.19990041
11/8/2011 9:00,1,3,2.173308863,122.0773279,18.70275713,28,12,98.69212633
11/8/2011 10:00,2,1,-4.038493306,97.82115956,47.80562059,26,107,222.4683618
11/8/2011 11:00,4,1,18.15059605,65.9461421,40.21793901,31,166,221.4862155
11/8/2011 12:00,4,3,2.056547234,50.05485616,51.88866387,24,166,251.046198
11/8/2011 13:00,4,1,-0.673704844,107.8924576,48.03875418,41,101,225.8108364
11/8/2011 14:00,2,2,9.30047414,72.72558433,14.17350142,49,172,281.4751692
11/8/2011 15:00,3,2,0.134509035,111.7598707,42.2604206,33,168,239.1356977
11/8/2011 16:00,3,1,23.56782937,45.9585479,5.498847726,14,90,158.1556732
11/8/2011 17:00,4,4,5.957621581,46.66255507,44.97845465,40,170,292.5504524
11/8/2011 18:00,1,2,4.666791621,115.6104661,33.6793358,33,61,155.6992521
11/8/2011 19:00,3,1,20.33802753,121.6846395,52.02504985,34,130,217.7097395
11/8/2011 20:00,2,2,14.51433242,38.22788254,52.70271266,19,8,115.4841068
11/8/2011 21:00,3,4,,,,23,171,263.2363206
11/8/2011 22:00,4,3,17.29326738,63.77788673,11.22718601,33,124,174.6906985
11/8/2011 23:00,1,1,25.0655108,89.59570995,27.403394,33,161,266.7091535
11/9/2011 0:00,3,1,2.462414736,116.2693128,46.59858915,45,18,145.242554
11/9/2011 1:00,3,1,27.0361069,40.25698784,43.31765277,26,89,131.6253328
11/9/2011 2:00,4,1,20.14806292,52.68370087,52.2262124,49,86,120.6716881
11/9/2011 3:00,1,1,,,,20,17,59.46495679
11/9/2011 4:00,1,1,14.40715463,47.17152893,17.55421041,32,173,255.6370256
11/9/2011 5:00,4,4,15.20378827,51.21698458,4.220386729,38,103,224.9947613
11/9/2011 6:00,2,3,-4.630379192,106.5522465,17.12686072,39,168,233.9616601
11/9/2011 7:00,3,4,1.275347314,64.83484,36.18434086,43,125,238.3329547
11/9/2011 8:00,2,4,23.54146427,84.55899891,49.68031931,35,48,49.89705374
11/9/2011 9:00,3,3,16.01064131,100.8700925,18.82095584,24,101,184.0668459
11/9/2011 10:00,3,4,,,,6,179,226.4446026
11/9/2011 11:00,2,2,18.22796127,70.52437085,23.93195678,49,73,238.593967
11/9/2011 12:00,4,4,14.91642886,43.51807642,17.43527883,49,170,215.8626178
11/9/2011 13:00,4,1,-3.643426141,86.95947316,27.89743574,9,137,199.1793802
11/9/2011 14:00,3,2,19.31756662,48.12085542,25.8325078,9,84,89.65701783
11/9/2011 15:00,4,2,17.88823414,104.1509477,49.57382736,37,165,239.1016756
11/9/2011 16:00,3,3,-0.668232319,63.5620516,25.15966021,23,37,62.54752325
11/9/2011 17:00,4,4,19.9304586,101.9501415,17.59590222,43,174,339.5951145
11/9/2011 18:00,3,4,2.843060957,85.80828173,45.40580557,9,134,185.8943119
11/9/2011 19:00,4,2,,,,44,11,102.2191742
11/9/2011 20:00,1,4,-2.45279371,59.68231931,34.77338661,25,51,128.2573738
11/9/2011 21:00,2,4,55.57675311,244.1229549,56.08052134,29,104,152.5604237
11/9/2011 22:00,1,3,10.45333982,114.9204113,16.81507753,26,160,271.175247
11/9/2011 23:00,2,2,11.11116669,45.66387403,7.065736911,43,91,206.7132824
11/10/2011 0:00,2,1,20.94378517,53.0989416,5.733855497,18,23,122.0349974
11/10/2011 1:00,3,2,-4.942284355,95.32910319,49.7145928,0,175,191.947394
11/10/2011 2:00,2,3,,,,32,30,149.5351264
11/10/2011 3:00,1,3,13.77010131,62.07250943,28.30586675,10,81,175.0603433
11/10/2011 4:00,1,3,28.83672228,87.97337824,37.58766909,49,22,117.4827643
11/10/2011 5:00,4,4,12.8741235,86.46903878,45.33307563,33,70,183.2946536
11/10/2011 6:00,1,2,-7.411291506,50.59592373,11.45077013,37,71,169.6136516
11/10/2011 7:00,4,4,-1.455300677,76.91363757,24.41445033,15,117,137.6030139
11/10/2011 8:00,2,4,,,,0,142,189.9283354
11/10/2011 9:00,1,2,17.74871682,122.0967853,16.87571104,40,37,115.9567394
11/10/2011 10:00,2,3,6.411285182,36.56608871,18.48982267,27,155,237.9541627
11/10/2011 11:00,1,1,15.11868067,95.33342077,33.57713299,14,90,188.0149318
11/10/2011 12:00,1,1,10.21792896,80.64505778,2.398184411,15,126,145.1304778
11/10/2011 13:00,4,2,23.10051977,45.79338989,22.40948925,45,20,105.0529708
11/10/2011 14:00,2,2,26.2018572,96.65531356,13.01519529,31,26,85.69479076
11/10/2011 15:00,1,3,24.38114751,44.96248786,52.29887018,38,174,241.9727959
11/10/2011 16:00,3,2,18.68546204,70.21747692,32.62543486,0,55,83.63590037
11/10/2011 17:00,2,2,18.85481587,58.27783337,44.72602694,47,124,226.3639349
11/10/2011 18:00,2,3,4.703397464,79.4629963,11.92908198,8,105,182.0037557
11/10/2011 19:00,2,3,21.82296307,84.59571958,44.13070386,28,141,232.7479244
11/10/2011 20:00,4,4,17.10352202,84.94777273,26.38328036,24,20,102.8579209
11/10/2011 21:00,3,2,23.65496857,83.84850588,13.31741742,10,13,94.92992388
11/10/2011 22:00,2,1,11.73546705,57.42702059,42.85950632,41,106,271.6771034
11/10/2011 23:00,1,2,-3.940060265,92.0701059,41.66462531,10,69,136.3338076
11/11/2011 0:00,1,1,12.70645401,117.139882,53.35008932,5,27,115.8809786
11/11/2011 1:00,4,1,12.00714624,58.04136358,41.24681191,33,112,227.1621064
11/11/2011 2:00,1,1,0.783151863,83.1880255,11.44481907,49,164,319.5602207
11/11/2011 3:00,2,4,6.841365749,94.31317586,19.29251554,43,101,214.0317699
11/11/2011 4:00,1,3,14.82096561,87.29110034,26.52113042,13,66,106.8765421
11/11/2011 5:00,2,3,6.779320434,67.90552778,9.6017858,7,123,192.3423244
11/11/2011 6:00,1,4,8.476990556,92.60497764,42.92291986,24,32,116.7198839
11/11/2011 7:00,3,3,2.323388625,43.26484224,29.48877588,3,11,91.63107034
11/11/2011 8:00,4,4,25.96943581,71.45146357,50.69383185,49,139,214.963578
11/11/2011 9:00,4,2,19.08209565,89.22081194,33.72198745,30,178,299.145012
11/11/2011 10:00,3,4,,,,20,162,235.3024115
11/11/2011 11:00,3,3,,,,44,102,224.3166075
11/11/2011 12:00,4,3,19.29492377,92.25513888,11.15589017,31,11,104.4153731
11/11/2011 13:00,3,2,-0.727476747,98.48402597,47.18330595,13,18,87.79286579
11/11/2011 14:00,2,4,7.395236512,51.86858098,54.48818291,27,94,181.1208145
11/11/2011 15:00,1,2,17.6535418,118.4153232,22.80373529,24,58,155.2548778
11/11/2011 16:00,4,1,6.14588228,91.54006126,43.36797947,27,116,254.8447723
11/11/2011 17:00,3,4,16.64670425,76.4232276,33.17434642,14,12,18.55383354
11/11/2011 18:00,2,2,,,,45,18,132.2652858
11/11/2011 19:00,4,2,,,,43,163,260.3742891
11/11/2011 20:00,3,3,27.5266301,110.066262,30.50879845,21,131,199.7321317
11/11/2011 21:00,4,4,2.836140296,85.77336207,23.35052682,46,12,40.13707119
11/11/2011 22:00,3,1,,,,5,83,158.4317531
11/11/2011 23:00,4,1,,,,1,133,183.2665241
11/12/2011 0:00,2,4,2.405787916,77.41987066,29.77551469,5,43,75.97292526
11/12/2011 1:00,2,4,6.602004868,67.52931938,34.54253425,22,75,151.2703303
11/12/2011 2:00,1,2,3.312107698,102.2077877,6.956168546,25,108,177.2023916
11/12/2011 3:00,4,3,10.84083115,66.79766663,41.03752611,10,80,90.70448661
11/12/2011 4:00,1,3,1.029304648,53.94176946,39.57267768,0,135,190.612022
11/12/2011 5:00,4,3,8.919183925,75.08619791,48.92208198,27,160,257.3589007
11/12/2011 6:00,3,4,14.78257784,106.2395093,24.38885361,21,120,177.4699225
11/12/2011 7:00,3,3,,,,40,51,151.7885557
11/12/2011 8:00,1,2,24.06855295,66.90850399,26.48546737,12,102,170.1707915
11/12/2011 9:00,4,4,-0.033902387,116.8000976,9.585593206,40,116,240.2824761
11/12/2011 10:00,1,4,,,,46,89,184.7972304
11/12/2011 11:00,2,3,67.16911986,151.8223407,18.85079529,49,82,207.931066
11/12/2011 12:00,1,1,8.357418093,52.27698977,21.28343499,35,12,90.48805236
11/12/2011 13:00,1,1,13.52328281,56.3183008,8.583555313,21,119,251.8986338
11/12/2011 14:00,3,2,,,,3,137,179.7640826
11/12/2011 15:00,1,3,16.94348387,92.98674461,50.12207811,43,161,236.3097282
11/12/2011 16:00,4,3,9.774190766,87.19640121,51.39962022,40,94,183.8353254
11/12/2011 17:00,3,4,-0.433474656,92.34861538,30.00643991,17,154,201.9999246
11/12/2011 18:00,1,4,5.662321815,104.007835,14.51471934,37,185,237.3712172
11/12/2011 19:00,2,3,17.01645967,100.8472774,48.59091287,16,194,284.649415
11/12/2011 20:00,1,4,14.99081178,58.64765505,50.66976569,24,171,155.9323329
11/12/2011 21:00,1,3,0.154942283,89.32742361,45.53190945,16,68,115.2762593
11/12/2011 22:00,1,2,6.682112501,91.6033876,32.25285095,28,4,44.53982386
11/12/2011 23:00,3,4,5.565300164,117.9375682,5.414876334,44,164,265.0483204
11/13/2011 0:00,4,3,12.39982231,55.23708166,7.429169489,43,70,100.1002811
11/13/2011 1:00,2,4,,,,45,103,217.1998051
11/13/2011 2:00,1,2,6.562524481,83.93986659,48.00046047,7,55,134.4375218
11/13/2011 3:00,4,4,,,,28,50,81.76684272
11/13/2011 4:00,4,3,23.49992588,68.27130493,20.78046404,14,55,127.4540409
11/13/2011 5:00,3,4,13.17480581,93.92473352,36.39363556,40,169,277.2083299
11/13/2011 6:00,2,4,10.84043613,49.81808701,43.04205351,32,140,252.9261699
11/13/2011 7:00,3,3,4.617451474,121.19783,40.27182623,48,33,89.6399016
11/13/2011 8:00,4,1,12.25868633,49.77642205,34.86324118,9,99,112.4105812
11/13/2011 9:00,4,4,12.6138417,50.8980178,14.3518238,36,161,294.7685517
11/13/2011 10:00,4,4,10.33983736,46.56923833,18.20941523,10,52,90.0230542
11/13/2011 11:00,3,2,23.93241782,84.80450372,38.75245959,34,2,72.84830619
11/13/2011 12:00,2,1,18.84624814,48.87445341,43.66464671,33,73,177.653969
11/13/2011 13:00,1,2,15.9152758,107.876151,7.953509334,31,106,154.5758202
11/13/2011 14:00,3,3,13.63711452,117.866121,12.85938021,21,98,163.6671019
11/13/2011 15:00,4,3,9.896128976,66.07721653,36.35168069,3,36,118.3856623
11/13/2011 16:00,3,2,0.817064937,81.81700246,22.55735919,1,179,189.991032
11/13/2011 17:00,4,4,3.674788234,49.60487534,29.97762573,32,133,202.6147493
11/13/2011 18:00,1,1,19.71185497,71.85586556,34.94677219,8,148,174.8039672
11/13/2011 19:00,1,2,7.431087916,62.77826038,42.57597486,34,44,107.3784255
11/13/2011 20:00,2,2,22.59879438,52.42782452,44.78984192,37,132,257.1567736
11/13/2011 21:00,4,3,-1.50687711,93.09896041,17.06736328,30,2,126.7300692
11/13/2011 22:00,2,4,,,,13,19,92.30404375
11/13/2011 23:00,2,1,13.64700421,103.8809276,9.639923844,30,60,158.5261859
11/14/2011 0:00,1,2,,,,32,162,261.6964338
11/14/2011 1:00,3,1,22.0906791,100.8181137,47.81017538,43,159,234.3716146
11/14/2011 2:00,3,1,25.66743496,120.7080958,17.9241858,15,146,220.677132
11/14/2011 3:00,2,2,-8.392019462,117.8555479,12.68906103,19,142,174.6643039
11/14/2011 4:00,1,1,-2.212399076,91.39287937,7.414027704,49,73,145.7574255
11/14/2011 5:00,4,3,-1.372043832,80.70136345,31.61517915,13,56,118.9014342
11/14/2011 6:00,3,4,18.94941745,68.05612374,6.694134957,34,153,207.667337
11/14/2011 7:00,2,4,4.517488568,94.15734121,36.43948312,45,69,128.3056564
11/14/2011 8:00,3,4,17.8212906,76.74588221,38.48598581,48,110,189.121552
11/14/2011 9:00,3,3,10.64396473,125.385023,35.8824539,44,89,219.8595323
11/14/2011 10:00,4,3,11.69617697,66.22283733,47.37223815,32,129,260.1747447
11/14/2011 11:00,1,3,19.37827756,59.32841849,22.5074244,28,48,127.4748347
11/14/2011 12:00,4,4,,,,7,175,251.9086845
11/14/2011 13:00,1,1,10.66749529,105.4400568,5.382334998,33,159,227.5289902
11/14/2011 14:00,3,3,-3.4712363,48.00499374,10.20147894,46,130,166.455523
11/14/2011 15:00,2,2,27.50897347,272.9792836,100.1698033,13,147,185.6103812
11/14/2011 16:00,4,3,17.29526436,77.56066591,33.30281363,13,93,149.1568793
11/14/2011 17:00,1,2,11.02858391,51.37989411,4.390806935,49,164,269.6274393
11/14/2011 18:00,3,4,24.70138316,76.30567816,30.89750068,14,108,171.360254
11/14/2011 19:00,1,2,23.66013286,81.89584578,15.68642824,41,147,231.931361
11/14/2011 20:00,1,3,,,,49,59,143.1329466
11/14/2011 21:00,1,3,7.522548241,86.89196849,29.9944077,19,97,178.6790378
11/14/2011 22:00,3,1,19.1367395,120.4698655,32.47336742,27,186,224.437648
11/14/2011 23:00,2,4,5.622332467,120.0808416,48.81480798,3,80,159.4075384
11/15/2011 0:00,2,2,4.378039069,83.75265072,41.05915353,6,41,81.74640201
11/15/2011 1:00,2,4,7.164315651,84.33328224,24.63033136,1,150,265.3411637
11/15/2011 2:00,1,3,,,,8,168,218.8600533
11/15/2011 3:00,3,1,4.57660173,125.2641974,36.23035852,22,72,131.9055671
11/15/2011 4:00,1,3,30.7448598,208.5170899,56.04362519,35,26,96.42158824
11/15/2011 5:00,2,3,23.39544877,75.54883242,6.571732996,11,80,129.1874467
11/15/2011 6:00,2,3,7.728120363,44.65646561,17.76794186,22,173,265.5017336
11/15/2011 7:00,3,2,18.86844318,63.64135076,41.12885893,30,16,97.00798867
11/15/2011 8:00,1,3,-1.813216741,39.21556136,18.19181859,41,112,234.8801234
11/15/2011 9:00,4,4,1.360608175,101.1808412,11.54677065,10,129,205.1917321
11/15/2011 10:00,4,4,,,,0,14,67.19529241
11/15/2011 11:00,2,1,15.6438488,80.62116128,35.49296622,12,117,192.4305951
11/15/2011 12:00,3,4,-1.332690968,68.04302706,34.35036178,38,184,310.1238341
11/15/2011 13:00,1,3,0.969842453,105.5010171,37.99201514,28,168,267.9257846
11/15/2011 14:00,1,3,5.367268324,48.01727471,19.94475,5,72,137.6331097
11/15/2011 15:00,2,4,9.460545125,61.99067433,49.31196538,30,13,107.8901867
11/15/2011 16:00,2,1,,,,8,7,32.61889103
11/15/2011 17:00,1,1,8.65012137,115.9425096,28.10967037,17,75,221.3418637
11/15/2011 18:00,1,4,2.453947222,54.22694693,51.27291093,2,134,204.0263076
11/15/2011 19:00,2,2,21.49584372,89.75327541,53.35545384,31,66,168.0115506
11/15/2011 20:00,1,2,4.096360212,86.89281416,35.90038946,44,153,248.3049279
11/15/2011 21:00,4,2,18.32704131,103.1779477,51.08710905,2,2,-12.76973782
11/15/2011 22:00,2,2,20.99695159,45.14064718,30.07713374,44,173,261.1886194
11/15/2011 23:00,1,4,23.65119152,77.1741224,20.90884655,29,131,214.4189786
11/16/2011 0:00,2,1,13.42634763,52.92904748,17.97861253,5,184,216.4470834
11/16/2011 1:00,3,3,9.633177816,35.59500801,32.66415194,49,123,199.1772913
11/16/2011 2:00,2,3,6.992689076,54.42163775,32.14015405,26,173,240.9380141
11/16/2011 3:00,2,4,14.09239977,130.4405794,27.33678378,1,13,89.25313972
11/16/2011 4:00,3,3,,,,19,130,238.77162
11/16/2011 5:00,4,2,8.832233974,123.900641,25.08893266,16,140,213.2196137
11/16/2011 6:00,1,1,19.73068421,53.90804051,15.61283365,32,135,202.0611126
11/16/2011 7:00,3,4,,,,16,183,240.2027034
11/16/2011 8:00,2,1,23.65958086,97.46722515,53.00530675,36,129,220.0520409
11/16/2011 9:00,1,4,22.25535185,50.25262247,45.82848916,28,101,187.5987217
11/16/2011 10:00,3,4,8.540533754,86.29110046,34.6024534,8,115,188.0984068
11/16/2011 11:00,1,4,9.150257814,70.33551379,45.85694422,3,45,86.86066379
11/16/2011 12:00,1,4,6.24851541,81.32725883,45.14350986,45,30,142.9120394
11/16/2011 13:00,3,1,,,,39,90,194.5322836
11/16/2011 14:00,1,3,0.242899672,72.44992528,21.49520822,12,34,86.16426091
11/16/2011 15:00,4,4,9.081984871,93.38660422,31.32323624,5,61,66.42420601
11/16/2011 16:00,3,2,16.51882326,115.2690457,7.952508878,45,173,243.4527453
11/16/2011 17:00,4,4,22.84859145,68.20019806,52.26110245,8,151,258.0206306
11/16/2011 18:00,2,1,17.12994114,112.1687586,53.41328095,25,64,90.17756406
11/16/2011 19:00,1,4,13.23036022,110.5406618,42.37637338,48,89,228.5023362
11/16/2011 20:00,2,2,-1.535346938,35.3116797,27.02490502,38,43,81.11121495
11/16/2011 21:00,2,1,-0.600044007,44.18429997,29.09770761,40,98,166.7661242
11/16/2011 22:00,1,4,-1.842051927,78.45479161,26.10966004,46,50,136.7110665
11/16/2011 23:00,3,2,,,,41,107,253.4137496
11/17/2011 0:00,1,1,82.19893763,227.8607614,126.585862,13,87,152.720623
11/17/2011 1:00,2,4,16.5046961,56.05493985,6.814667171,47,173,265.5085925
11/17/2011 2:00,2,2,14.52393569,96.08713219,53.8576246,33,32,88.86043544
11/17/2011 3:00,3,1,13.67713357,91.69521755,26.50800404,3,191,261.57173
11/17/2011 4:00,1,4,,,,20,153,209.5234494
11/17/2011 5:00,2,1,7.073966784,120.3505353,39.23880566,30,100,175.0270031
11/17/2011 6:00,4,2,-1.511894235,91.34802024,17.02809023,46,166,253.138618
11/17/2011 7:00,2,4,18.21234503,71.55622444,15.86925826,42,57,172.4772676
11/17/2011 8:00,2,4,-0.283082072,100.0557267,53.78140757,20,114,208.7271942
11/17/2011 9:00,3,4,16.04096337,49.74300187,43.92690013,42,25,92.15409437
11/17/2011 10:00,4,2,16.96095995,77.63238369,14.10010464,28,116,177.0402066
11/17/2011 11:00,2,3,7.956044762,47.48576506,7.933103069,23,74,127.0738009
11/17/2011 12:00,2,4,2.414484034,51.20214096,38.24407824,44,92,193.3429503
11/17/2011 13:00,4,2,4.486666642,67.32131476,18.45447462,15,194,288.0354802
11/17/2011 14:00,1,1,,,,8,56,121.7268559
11/17/2011 15:00,1,1,83.68354403,342.3646342,169.8392368,20,69,75.09974288
11/17/2011 16:00,2,2,0.835601018,91.87538795,38.2398746,1,72,147.6040629
11/17/2011 17:00,2,3,,,,1,7,19.334051
11/17/2011 18:00,1,2,19.07901235,49.72007342,50.96682395,36,90,156.3388911
11/17/2011 19:00,3,1,2.649127707,98.90707843,38.36079956,36,125,218.7413855
11/17/2011 20:00,4,1,18.70988654,51.86807185,48.5254789,4,33,86.26422675
11/17/2011 21:00,4,4,13.18804561,64.84954192,14.31809227,45,68,190.9552324
11/17/2011 22:00,3,3,,,,5,9,47.44298744
11/17/2011 23:00,3,2,3.01071097,107.2063286,6.661462803,47,21,90.75955901
11/18/2011 0:00,3,1,,,,47,139,228.4011129
11/18/2011 1:00,3,1,,,,7,156,244.0534129
11/18/2011 2:00,3,1,9.478809057,60.11609372,52.14536301,31,158,259.6254733
11/18/2011 3:00,3,2,19.05995302,101.0279796,42.82394183,36,5,95.34219782
11/18/2011 4:00,4,2,16.03050054,60.92039623,27.79728613,12,109,212.4991397
11/18/2011 5:00,3,3,21.34731461,60.10725632,42.50405317,2,6,94.05843391
11/18/2011 6:00,1,4,-2.233508286,81.20299375,30.45266618,8,96,179.3597324
11/18/2011 7:00,3,4,-6.976736013,92.33007078,2.680081548,3,109,128.3582853
11/18/2011 8:00,3,4,15.81339824,44.51209728,28.71860132,27,12,114.187522
11/18/2011 9:00,4,1,4.383044628,40.16031024,34.36551115,39,62,146.6121704
11/18/2011 10:00,4,4,,,,15,23,77.82717391
11/18/2011 11:00,3,1,,,,10,93,134.1915558
11/18/2011 12:00,4,3,-3.025987196,87.0062032,17.26658652,18,96,160.5092183
11/18/2011 13:00,2,1,16.96750794,76.90453999,35.83474508,41,83,156.8807339
11/18/2011 14:00,4,3,4.480168726,99.51429894,11.71076882,21,18,95.738623
11/18/2011 15:00,4,3,11.83632547,98.14774403,39.19766093,38,82,166.4503627
11/18/2011 16:00,4,4,20.00218473,98.93557118,24.24572636,11,87,156.247492
11/18/2011 17:00,4,4,3.331145012,61.1238714,19.68953079,29,68,165.2221792
11/18/2011 18:00,1,1,23.58382909,63.23754946,43.66939625,39,149,230.7857898
11/18/2011 19:00,1,2,11.26693833,74.72896441,27.3058117,41,59,129.4906762
11/18/2011 20:00,1,4,,,,4,21,16.41013823
11/18/2011 21:00,3,4,,,,36,91,201.7145889
11/18/2011 22:00,3,2,10.88635255,82.90106215,23.26896316,44,144,241.9507118
11/18/2011 23:00,2,2,4.204416341,61.74531338,48.52088323,31,94,171.295255
11/19/2011 0:00,1,4,19.28996739,103.4879573,29.18177358,33,174,293.7308466
11/19/2011 1:00,3,2,13.82622224,52.17490082,14.05835347,11,134,157.9105441
11/19/2011 2:00,4,1,,,,42,144,239.2462137
11/19/2011 3:00,4,3,23.18732575,102.3154807,17.52935995,1,189,212.6301187
11/19/2011 4:00,1,3,5.81063592,71.86547182,12.73072191,46,190,307.2249268
11/19/2011 5:00,2,4,,,,6,134,124.7534022
11/19/2011 6:00,2,4,13.78152406,86.46950222,15.88069989,31,28,134.651016
11/19/2011 7:00,4,1,10.68117101,108.6193747,41.91727291,39,199,312.4032734
11/19/2011 8:00,2,2,13.89394441,106.4323962,46.37423869,34,3,60.82603262
11/19/2011 9:00,1,4,,,,48,103,204.4995509
11/19/2011 10:00,4,3,24.51048257,103.3891157,17.50980206,5,117,146.4566295
11/19/2011 11:00,3,1,,,,21,15,100.3232099
11/19/2011 12:00,3,1,0.036485664,102.9269507,14.74810528,24,79,179.0951917
11/19/2011 13:00,2,2,1.375160457,122.084338,34.72564775,46,85,152.3319472
11/19/2011 14:00,4,4,23.30239211,83.23270943,48.7122183,12,74,98.57191223
11/19/2011 15:00,4,4,18.28238595,96.64297184,4.590185531,22,186,292.3605374
11/19/2011 16:00,3,1,23.51351969,81.71810122,53.1365905,44,40,193.6956078
11/19/2011 17:00,4,3,2.79093447,60.55112901,44.76329007,43,59,168.286985
11/19/2011 18:00,4,4,20.38740579,109.5482468,40.98502547,45,196,309.4999175
11/19/2011 19:00,4,3,17.29466177,87.60027295,37.994266,8,57,106.4785711
11/19/2011 20:00,2,1,5.58622279,81.2097743,40.00015754,41,111,208.8337605
11/19/2011 21:00,4,4,14.58905545,91.02965202,52.78677578,36,39,136.9477069
11/19/2011 22:00,1,3,14.14762415,111.5453061,41.22768162,36,57,138.9420445
11/19/2011 23:00,2,1,10.34638661,99.60703798,21.1200569,29,188,308.9082286
11/20/2011 0:00,4,3,,,,19,172,247.7079522
11/20/2011 1:00,4,4,18.8200423,87.8762146,20.86647575,37,76,173.5668226
11/20/2011 2:00,1,2,20.90651358,122.9104184,53.23781192,43,47,136.5331598
11/20/2011 3:00,2,3,19.62815646,89.4533842,48.72389826,48,89,186.5751182
11/20/2011 4:00,3,2,8.003594461,115.0572927,32.7127929,15,10,112.939866
11/20/2011 5:00,3,4,11.34964065,106.9938272,42.38407726,49,55,159.7490163
11/20/2011 6:00,2,2,17.39843894,91.94357754,47.76499386,21,22,99.44398073
11/20/2011 7:00,4,1,7.385480018,72.6528123,16.02411387,37,32,125.8245015
11/20/2011 8:00,4,2,5.288806213,64.60905966,33.49560887,9,179,228.4163862
11/20/2011 9:00,3,3,11.91555404,93.38895336,26.6136507,19,115,143.1069072
11/20/2011 10:00,3,3,,,,40,27,165.5156907
11/20/2011 11:00,3,2,17.23094625,104.6082703,22.55654024,1,114,198.3806615
11/20/2011 12:00,1,1,8.28074732,116.3260796,42.15787376,2,131,221.7965417
11/20/2011 13:00,3,4,3.023201764,62.42808725,24.23264717,41,178,238.1430733
11/20/2011 14:00,1,2,29.16005837,93.62868007,7.506512637,7,137,238.6596705
11/20/2011 15:00,2,3,15.12297689,83.81378527,7.072045934,8,51,169.3116262
11/20/2011 16:00,4,3,20.2574386,63.66353009,10.54820666,27,199,308.6436309
11/20/2011 17:00,3,2,16.3015428,72.35842657,7.985551185,20,8,128.727103
11/20/2011 18:00,4,2,22.2198716,106.9694966,30.24235648,32,17,124.2213772
11/20/2011 19:00,4,2,17.61717327,71.98544376,37.1353235,33,193,251.8811955
11/20/2011 20:00,3,4,12.63370593,66.27505289,10.64972976,3,81,150.5019006
11/20/2011 21:00,3,3,,,,47,167,234.6562005
11/20/2011 22:00,2,3,2.633515941,61.50010434,31.23042709,24,65,122.3388107
11/20/2011 23:00,1,3,,,,31,21,112.7420172
11/21/2011 0:00,1,4,,,,11,79,146.7077443
11/21/2011 1:00,4,1,9.060418531,105.2945794,42.70314155,1,100,166.1330544
11/21/2011 2:00,3,3,-1.528659855,52.92923382,3.974851618,46,95,138.4717407
11/21/2011 3:00,2,3,9.565577146,79.83326184,11.37043263,49,73,168.6009066
11/21/2011 4:00,2,1,12.81211361,49.19353768,54.54630092,47,104,218.6916508
11/21/2011 5:00,2,4,27.20351436,122.4793182,41.65463575,11,161,245.6665731
11/21/2011 6:00,2,1,24.71777708,83.50596966,27.35008966,49,175,299.6222356
11/21/2011 7:00,2,1,29.44426747,103.755208,35.58315665,45,15,118.7404936
11/21/2011 8:00,1,1,6.07610504,105.8739561,46.84244065,25,48,112.819737
11/21/2011 9:00,1,1,25.09742248,100.9968264,46.49972129,20,97,183.2343202
11/21/2011 10:00,1,4,,,,43,100,185.1925485
11/21/2011 11:00,3,4,19.51992392,46.99566877,27.20910505,36,62,176.2093981
11/21/2011 12:00,4,1,1.608624256,85.99038997,33.71494667,35,167,265.990726
11/21/2011 13:00,2,2,12.65863296,62.32009999,8.283332498,17,55,121.3136201
11/21/2011 14:00,3,2,,,,23,97,148.0892444
11/21/2011 15:00,2,2,22.05366607,113.624231,26.39266026,29,107,220.7371908
11/21/2011 16:00,1,2,13.88918548,111.3019684,22.87899338,16,76,159.918257
11/21/2011 17:00,3,3,18.25772338,48.18974334,48.29567628,15,175,304.2297261
11/21/2011 18:00,1,4,,,,41,36,143.9210923
11/21/2011 19:00,2,4,19.2628549,73.34282707,5.448922264,16,139,224.4259159
11/21/2011 20:00,2,1,48.09456756,174.9507562,154.5224433,43,92,142.1642558
11/21/2011 21:00,4,3,-2.666403037,50.49823609,24.11467441,11,97,168.430779
11/21/2011 22:00,2,1,-1.099341712,71.5301948,44.68295246,26,31,98.61434365
11/21/2011 23:00,1,1,-5.196581297,124.7099627,8.501234889,3,107,185.8971198
11/22/2011 0:00,2,4,15.28242892,85.2359172,23.12089749,34,150,245.1386607
11/22/2011 1:00,4,3,-8.207147333,323.88712,69.84704658,0,73,153.6503154
11/22/2011 2:00,4,2,,,,11,71,197.0639822
11/22/2011 3:00,1,4,6.309809874,92.82684965,13.93395297,28,20,75.12928475
11/22/2011 4:00,3,3,,,,7,139,225.4753921
11/22/2011 5:00,2,3,15.29307841,83.32796541,45.68165409,7,176,254.5760481
11/22/2011 6:00,4,4,,,,11,102,223.4411707
11/22/2011 7:00,2,4,14.12743292,74.64784205,40.92090922,35,174,281.2179545
11/22/2011 8:00,2,1,12.41861785,118.454724,25.21271811,47,97,213.0928359
11/22/2011 9:00,3,1,3.293385864,76.69350216,34.61614346,33,61,170.588244
11/22/2011 10:00,4,1,22.22190163,86.36976781,38.80569746,35,37,150.6767696
11/22/2011 11:00,2,2,4.780541798,53.2934674,47.3045982,3,97,194.6640465
11/22/2011 12:00,4,4,,,,10,109,145.4457579
11/22/2011 13:00,1,3,16.70769433,105.3269632,51.51697488,2,153,194.2511387
11/22/2011 14:00,1,4,6.228278567,56.66517465,44.63216744,9,39,151.0740901
11/22/2011 15:00,2,3,20.91476027,71.60945678,11.73337046,11,143,146.248279
11/22/2011 16:00,4,2,3.8828894,65.89802284,41.47142921,48,18,114.4620872
11/22/2011 17:00,2,4,62.7762476,437.801821,181.1967066,8,177,240.4850177
11/22/2011 18:00,4,3,-4.348893783,42.34575761,47.07689476,20,183,248.6851315
11/22/2011 19:00,4,3,7.235873343,112.678984,48.84873197,33,28,159.4152151
11/22/2011 20:00,3,1,6.694207996,78.94255956,30.99239767,21,108,194.25921
11/22/2011 21:00,3,2,21.40177703,100.1125869,36.54379008,17,165,221.3559723
11/22/2011 22:00,3,4,23.21556606,114.4980562,1.072462258,43,188,262.9374512
11/22/2011 23:00,2,1,9.590505544,72.33410855,33.05940079,5,163,227.4188494
11/23/2011 0:00,3,2,21.86669516,53.49028455,28.0615255,24,84,193.937071
11/23/2011 1:00,3,1,18.5117566,56.00630971,50.28196171,49,9,113.1050774
11/23/2011 2:00,1,4,,,,44,174,264.9146246
11/23/2011 3:00,4,3,19.07646684,62.09266167,43.03790334,14,171,215.0831408
11/23/2011 4:00,4,4,-2.110534602,61.98189812,6.144756657,0,115,177.1572498
11/23/2011 5:00,3,2,14.2866919,50.82350764,25.3526325,39,107,206.4876499
11/23/2011 6:00,4,4,10.857781,67.73925757,38.69381171,17,189,235.1984431
11/23/2011 7:00,1,2,-2.836930728,40.48385494,5.098287301,43,6,130.7119677
11/23/2011 8:00,1,1,4.006690457,117.0430954,16.96074538,30,196,328.0952803
11/23/2011 9:00,3,2,96.72803471,381.6566659,201.1381382,19,18,89.37843499
11/23/2011 10:00,1,3,23.39604186,76.03423379,8.803044629,43,109,211.9671566
11/23/2011 11:00,4,3,17.50021431,87.15517925,6.010233446,24,32,73.74953634
11/23/2011 12:00,2,3,26.0354121,88.81834686,33.41165369,32,151,256.0078248
11/23/2011 13:00,4,1,19.22170101,90.92076074,50.44863629,9,22,95.81194593
11/23/2011 14:00,2,2,,,,28,85,154.0981818
11/23/2011 15:00,3,1,3.091738194,87.85146386,52.92107578,18,99,145.5711538
11/23/2011 16:00,2,4,-4.031675967,86.44249739,40.99765643,27,180,313.2976661
11/23/2011 17:00,1,4,-2.902714348,89.03297725,24.8209252,26,109,197.3483118
11/23/2011 18:00,4,4,3.058259464,72.27250039,52.33423281,18,148,189.3297281
11/23/2011 19:00,2,4,9.49034202,58.7115206,24.76167997,42,81,199.5208744
11/23/2011 20:00,4,3,23.78577631,68.18720903,21.96230308,30,101,188.73896
11/23/2011 21:00,3,2,23.9592114,79.89439556,25.34369684,34,90,176.6107219
11/23/2011 22:00,3,3,11.87464896,63.79674411,44.85825159,13,36,129.1953986
11/23/2011 23:00,1,2,23.15609331,84.97236641,49.33500581,49,48,69.4505312
11/24/2011 0:00,3,2,8.864323628,67.78621419,21.65833551,5,152,153.616996
11/24/2011 1:00,2,1,21.18129712,103.8982213,26.41028763,8,38,138.199523
11/24/2011 2:00,3,4,,,,40,29,115.950091
11/24/2011 3:00,1,2,2.867370007,74.12197684,5.961242383,26,42,106.0093958
11/24/2011 4:00,4,4,,,,16,181,207.6746806
11/24/2011 5:00,4,4,7.883089132,71.39954029,26.7227832,35,31,122.6177132
11/24/2011 6:00,3,4,8.258159568,67.69342488,24.55303561,3,125,188.3147657
11/24/2011 7:00,2,3,3.318202412,99.39895324,27.35391438,23,94,211.0164061
11/24/2011 8:00,1,4,12.63532694,67.88034695,25.83712715,15,176,252.9602137
11/24/2011 9:00,2,2,23.23441183,113.1843246,40.37140066,16,1,58.69752948
11/24/2011 10:00,1,3,,,,2,46,110.9469935
11/24/2011 11:00,3,4,23.24349115,89.09926482,29.88358867,38,98,220.0562886
11/24/2011 12:00,1,1,-0.618294523,103.7728726,44.59688091,36,22,135.5031794
11/24/2011 13:00,1,4,6.377954001,91.62977713,40.81466734,2,133,204.4046064
11/24/2011 14:00,3,4,-2.621227186,85.9502691,19.59823463,43,84,185.9940081
11/24/2011 15:00,2,3,16.58475906,123.4173411,32.54143152,40,40,113.3117428
11/24/2011 16:00,3,2,-4.248437294,59.47162966,39.15996736,34,41,94.7626176
11/24/2011 17:00,1,4,9.713154697,52.20412141,6.031295564,2,180,197.0114391
11/24/2011 18:00,3,3,5.717700665,60.39125744,24.92800865,15,71,148.5556656
11/24/2011 19:00,1,3,0.776869898,89.34599006,54.56145369,19,166,250.6801511
11/24/2011 20:00,3,2,15.98446393,58.73826645,35.87126792,44,137,264.555972
11/24/2011 21:00,4,3,3.114550589,104.872988,20.17180392,5,111,183.5738981
11/24/2011 22:00,4,2,4.907038099,78.85709616,16.25415501,32,49,163.2432073
11/24/2011 23:00,3,1,7.197556737,102.7314104,14.43726373,42,74,162.7958027
11/25/2011 0:00,2,4,18.47189521,58.8275619,26.01822145,49,135,257.8326297
11/25/2011 1:00,1,3,13.12651999,71.6912255,12.48842442,26,0,46.6584111
11/25/2011 2:00,4,1,1.317983554,46.79867669,10.37396516,29,199,276.892138
11/25/2011 3:00,2,3,1.69017062,62.73339993,21.45750927,34,196,225.7483489
11/25/2011 4:00,1,3,29.86608072,265.3687379,146.2699753,17,0,68.63567657
11/25/2011 5:00,4,1,,,,29,194,310.4269677
11/25/2011 6:00,4,3,20.50160253,76.22345758,6.707798746,42,26,120.7849455
11/25/2011 7:00,3,3,84.88913861,318.9855939,25.91126816,25,108,205.328645
11/25/2011 8:00,1,1,11.27368179,72.14694913,17.64602784,14,188,260.8647373
11/25/2011 9:00,2,3,4.795391378,48.958446,14.13503358,31,124,188.5517085
11/25/2011 10:00,2,2,18.72312475,75.42631313,31.9235577,34,175,254.0603671
11/25/2011 11:00,2,3,20.32690469,47.00925749,27.40889127,11,22,119.0456712
11/25/2011 12:00,1,4,13.25328913,111.3048293,20.93493357,20,171,263.1507094
11/25/2011 13:00,2,3,85.092309,362.0819435,191.7971761,11,167,210.1179816
11/25/2011 14:00,2,4,19.93957124,68.08256578,27.67351891,48,138,195.0170935
11/25/2011 15:00,2,4,8.9668787,88.70270847,8.786655229,0,108,164.8420381
11/25/2011 16:00,3,3,5.665459664,43.94741386,19.30270489,10,138,181.1756631
11/25/2011 17:00,3,1,16.95922001,98.98981999,53.29649384,24,99,168.3044411
11/25/2011 18:00,1,2,1.657864091,102.8530189,52.89230948,46,101,153.990264
11/25/2011 19:00,1,2,20.62358195,110.9547679,17.10679758,8,30,119.8409938
11/25/2011 20:00,2,3,16.8744049,61.9855594,11.85899028,38,187,272.7045568
11/25/2011 21:00,3,1,,,,42,54,148.2491896
11/25/2011 22:00,4,1,,,,26,151,202.6169999
11/25/2011 23:00,4,2,-0.208230142,115.7259772,23.60307844,28,61,131.2788975
11/26/2011 0:00,2,1,0.770062193,119.0431096,30.53984781,49,146,249.2697808
11/26/2011 1:00,2,3,,,,26,95,153.193836
11/26/2011 2:00,3,3,,,,27,39,110.111282
11/26/2011 3:00,3,1,13.67518906,121.1173732,32.67921341,38,101,231.1714755
11/26/2011 4:00,3,3,-3.540053926,63.75834505,50.56125431,17,16,31.07708831
11/26/2011 5:00,1,4,20.9144235,115.0779172,11.88242955,14,177,247.1108296
11/26/2011 6:00,1,2,,,,15,98,140.0056441
11/26/2011 7:00,2,3,5.765311391,63.36336119,26.54595978,46,11,147.6599899
11/26/2011 8:00,1,1,15.17746276,61.19633673,18.57570446,22,142,209.1391517
11/26/2011 9:00,3,2,18.28909297,88.53051713,47.61257181,29,166,214.1420306
11/26/2011 10:00,3,3,17.37166566,115.4554944,25.50615292,35,12,91.08408014
11/26/2011 11:00,1,2,23.58287631,87.50934666,33.47811565,34,93,188.037139
11/26/2011 12:00,4,1,0.104467215,55.04392959,28.4084987,27,105,265.8125314
11/26/2011 13:00,2,4,14.0942439,58.95046715,8.485143335,45,18,50.24531968
11/26/2011 14:00,4,4,,,,2,56,72.56191597
11/26/2011 15:00,2,3,22.93581739,85.20763095,25.233743,15,91,195.6877623
11/26/2011 16:00,4,4,20.90122232,78.14225996,8.220485807,14,59,78.258219
11/26/2011 17:00,1,3,25.52897344,53.18767886,34.38330863,18,183,251.8117948
11/26/2011 18:00,2,2,9.787980943,99.19474469,5.546947072,9,152,197.0177361
11/26/2011 19:00,2,3,86.90476394,430.1024182,59.12765905,48,103,182.3018229
11/26/2011 20:00,2,3,7.372797024,74.98875568,40.84663525,3,131,179.3446441
11/26/2011 21:00,3,3,6.856826405,103.2269151,6.655861319,21,179,240.5258358
11/26/2011 22:00,3,4,1.322222147,110.9469339,38.75622695,17,126,225.2140771
11/26/2011 23:00,4,3,20.58501151,85.28704686,51.40969676,21,100,211.3469977
11/27/2011 0:00,1,1,,,,41,134,238.2832197
11/27/2011 1:00,3,3,5.130216256,103.5405953,25.83908644,15,67,125.4078854
11/27/2011 2:00,2,2,-5.735922904,62.1905854,34.81836372,2,86,146.240135
11/27/2011 3:00,3,1,22.14481262,87.06890899,27.35676325,43,107,224.6327996
11/27/2011 4:00,1,2,13.06929157,109.8543758,37.05494819,34,197,311.5289921
11/27/2011 5:00,3,2,25.08627996,64.94758468,25.30677537,40,172,273.5754751
11/27/2011 6:00,2,2,0.851591922,108.090688,12.45281673,38,136,270.2999595
11/27/2011 7:00,4,1,-2.492805631,87.84944228,8.250824202,15,120,166.9708111
11/27/2011 8:00,2,1,10.48989616,83.93093855,41.82709115,20,8,112.6609379
11/27/2011 9:00,1,4,-5.317541228,103.4857888,16.2250729,20,130,221.5891377
11/27/2011 10:00,4,1,4.157424547,80.23601317,46.63366796,0,76,108.1544398
11/27/2011 11:00,3,3,,,,29,62,148.4311534
11/27/2011 12:00,3,2,1.460047947,77.16928635,7.028737459,46,118,223.4896065
11/27/2011 13:00,3,4,0.988911865,108.3747973,13.0996395,33,92,171.1819048
11/27/2011 14:00,4,1,23.32842368,77.38201996,19.7505636,47,129,221.8509884
11/27/2011 15:00,2,2,,,,38,158,200.6904163
11/27/2011 16:00,4,1,3.969150782,130.8346923,44.58429606,45,37,111.7534372
11/27/2011 17:00,4,4,26.88309125,61.04801855,7.697988546,22,6,71.27651449
11/27/2011 18:00,1,1,18.39570046,102.9257439,15.90301682,33,103,169.2468682
11/27/2011 19:00,4,1,13.05478455,46.55904078,21.19668898,29,137,190.7502557
11/27/2011 20:00,3,2,12.30911239,111.825151,13.14296739,49,76,207.2491928
11/27/2011 21:00,2,3,89.03637216,312.2773684,124.1026656,32,186,265.2949906
11/27/2011 22:00,2,1,18.52395904,104.5303832,28.97404968,15,0,130.4113023
11/27/2011 23:00,2,4,15.25078201,110.958728,19.03109784,40,36,133.0877996
11/28/2011 0:00,3,1,22.60347447,42.02146391,31.69261985,29,152,262.606371
11/28/2011 1:00,3,1,9.25680811,47.1785762,22.15453448,2,93,139.1544109
11/28/2011 2:00,3,3,5.640823211,87.07462752,21.59236486,44,65,139.5442028
11/28/2011 3:00,3,2,23.08931659,79.2128867,15.66542284,1,99,158.2763121
11/28/2011 4:00,3,4,13.26909519,53.55106145,31.5437805,25,75,189.2527247
11/28/2011 5:00,4,2,22.27444856,50.1685467,26.51160188,17,4,68.71149268
11/28/2011 6:00,3,2,,,,1,55,119.783451
11/28/2011 7:00,3,2,8.961056882,51.73732696,5.124778582,39,41,138.1033746
11/28/2011 8:00,3,1,22.96386409,105.2069371,11.54245177,2,191,240.4330068
11/28/2011 9:00,3,3,-0.215655533,100.0297223,6.316451694,16,48,112.9647898
11/28/2011 10:00,2,1,26.02728465,101.4068515,26.00198621,23,45,88.41179075
11/28/2011 11:00,3,4,27.89132544,40.95585696,15.17751537,1,70,121.029896
11/28/2011 12:00,4,3,21.44932193,51.32035363,25.66829155,5,1,75.95790982
11/28/2011 13:00,4,2,,,,39,66,164.2270099
11/28/2011 14:00,4,3,14.66307313,122.5936585,31.78033467,25,131,211.8776342
11/28/2011 15:00,1,4,20.39884958,68.97196509,40.07175754,48,61,181.0991503
11/28/2011 16:00,2,1,17.0881655,68.91455512,27.31837851,5,111,172.1934593
11/28/2011 17:00,3,1,,,,11,79,140.7595118
11/28/2011 18:00,1,2,,,,20,26,118.393484
11/28/2011 19:00,3,1,17.10760393,90.68160351,16.03786435,15,85,154.4333151
11/28/2011 20:00,1,1,23.2080719,54.12050425,26.88814387,5,66,114.234139
11/28/2011 21:00,1,4,-4.134876393,97.29886645,7.960345792,33,112,209.3767933
11/28/2011 22:00,4,3,1.295577395,87.54368936,20.35418107,2,121,172.2688379
11/28/2011 23:00,4,1,7.8443485,81.78866638,49.07917854,40,144,225.8767072
11/29/2011 0:00,1,4,5.80417893,91.28607618,9.012073273,18,179,251.9815152
11/29/2011 1:00,4,4,20.80872989,115.727621,52.52864065,28,70,153.3283279
11/29/2011 2:00,1,2,3.077269199,88.28851003,46.98280192,31,56,104.2036313
11/29/2011 3:00,2,4,25.63121165,92.60019358,46.12781255,9,29,98.30607423
11/29/2011 4:00,4,2,,,,26,199,330.7013494
11/29/2011 5:00,4,1,6.909339835,110.6388372,8.982837807,28,198,246.9144484
11/29/2011 6:00,4,2,3.459754724,71.11820594,12.66916141,12,192,239.2223493
11/29/2011 7:00,2,4,13.081155,59.38634303,11.26998418,19,143,295.6972611
11/29/2011 8:00,1,3,-5.15706296,100.2201724,10.14317308,27,113,165.6293636
11/29/2011 9:00,3,3,0.994122039,60.59105372,21.07794964,26,121,235.8819331
11/29/2011 10:00,4,1,17.59845343,114.5861689,47.62147254,12,103,158.4259492
11/29/2011 11:00,1,1,-2.774605939,43.36439903,15.33779301,24,102,178.0882533
11/29/2011 12:00,2,3,0.268344972,118.6602574,15.710981,28,154,228.3459555
11/29/2011 13:00,3,2,17.83733114,80.883982,38.93721029,14,73,150.0489611
11/29/2011 14:00,4,1,-2.290733023,106.1979219,9.596185307,44,97,143.8823165
11/29/2011 15:00,2,4,11.95293712,69.19861434,22.75202084,44,174,273.8597114
11/29/2011 16:00,2,1,-3.779877361,124.9807074,19.91963735,29,13,80.16804465
11/29/2011 17:00,3,2,,,,37,129,160.3737023
11/29/2011 18:00,1,1,16.46385256,60.26013096,29.65860101,31,166,280.8896256
11/29/2011 19:00,4,4,,,,49,54,90.03492396
11/29/2011 20:00,4,4,22.35093162,119.5107204,10.96451297,6,25,145.7104626
11/29/2011 21:00,1,4,23.49196758,82.93725505,50.49892004,34,43,145.7627566
11/29/2011 22:00,1,2,0.618713882,91.47650006,21.30972942,32,68,109.4213893
11/29/2011 23:00,1,2,24.72110329,89.48399602,40.4932744,11,37,138.3911909
11/30/2011 0:00,3,4,7.257024349,113.5783651,52.44987894,22,79,128.7341324
11/30/2011 1:00,3,4,-2.670496219,309.8244281,130.1348725,4,11,44.09795161
11/30/2011 2:00,4,2,-6.216911827,78.5763396,31.21768351,42,104,142.2107269
11/30/2011 3:00,3,2,11.72711555,91.65871129,11.37558637,43,107,174.3181341
11/30/2011 4:00,2,2,14.59083352,98.14328107,26.59296731,30,16,73.84915932
11/30/2011 5:00,4,3,,,,15,24,113.775823
11/30/2011 6:00,3,2,,,,32,191,308.244491
11/30/2011 7:00,1,4,20.70074039,40.44833468,51.2655835,49,87,149.0022627
11/30/2011 8:00,2,3,5.478588232,73.26628851,37.64545931,0,138,196.3393929
11/30/2011 9:00,1,2,16.0667951,73.61456649,25.59289468,21,145,161.0128385
11/30/2011 10:00,4,4,,,,27,163,248.4481222
11/30/2011 11:00,1,1,-0.737517258,126.5025502,12.66337362,4,2,121.0775019
11/30/2011 12:00,3,3,6.778199408,66.34158764,13.93858074,3,82,81.81805762
11/30/2011 13:00,3,4,10.08293089,102.7085236,18.76602375,0,69,88.76978487
11/30/2011 14:00,4,1,10.18487609,77.90408893,23.76998036,14,86,172.0254048
11/30/2011 15:00,1,4,14.30692998,68.55009358,49.89217155,36,70,181.5603664
11/30/2011 16:00,4,2,3.434713575,86.63468712,21.17387006,38,110,169.9684303
11/30/2011 17:00,1,2,,,,48,107,249.4068017
11/30/2011 18:00,2,1,13.81323105,56.64336332,11.91066174,37,8,70.72943024
11/30/2011 19:00,3,2,13.2308926,79.78786882,41.89875935,44,193,337.3982616
11/30/2011 20:00,4,4,-1.778785089,44.48446403,32.86150891,23,127,214.2512508
11/30/2011 21:00,2,1,,,,22,121,231.3256351
11/30/2011 22:00,2,4,4.97256368,88.38784825,51.04374606,46,46,153.3115274
11/30/2011 23:00,4,4,12.45654809,109.2430301,49.44234223,6,177,252.8931233
12/1/2011 0:00,4,4,,,,30,63,164.4857091
12/1/2011 1:00,2,2,7.975392118,73.92132771,48.27041188,6,108,198.5228794
12/1/2011 2:00,1,2,,,,12,111,172.1920155
12/1/2011 3:00,2,4,10.16058162,61.27897904,45.3866619,3,46,72.17731742
12/1/2011 4:00,4,3,14.88417901,93.41694916,26.06876074,17,74,138.8038582
12/1/2011 5:00,2,4,17.30341217,70.06963765,9.086449528,39,194,263.1450133
12/1/2011 6:00,1,4,6.809477531,113.4762044,55.9520775,18,124,174.1051178
12/1/2011 7:00,3,1,0.621604698,108.5819373,12.3260037,15,41,155.8082476
12/1/2011 8:00,3,4,2.705489952,116.5727843,17.66386778,17,48,133.8444331
12/1/2011 9:00,2,2,11.66807665,45.32621105,12.5076952,15,29,111.4624035
12/1/2011 10:00,1,1,22.74771201,92.31946151,22.85456904,47,7,136.3372845
12/1/2011 11:00,3,3,14.48094932,93.66295665,18.86167598,30,164,262.6810088
12/1/2011 12:00,2,1,12.61044278,100.2007431,35.52301045,24,84,214.1657513
12/1/2011 13:00,2,3,9.936058809,78.32158771,53.35386209,1,7,-4.688154335
12/1/2011 14:00,1,1,4.829955675,43.94892423,6.829145912,45,190,255.2211628
12/1/2011 15:00,4,1,22.42325061,60.9022686,43.45319278,27,127,183.126568
12/1/2011 16:00,2,3,,,,15,10,33.87302795
12/1/2011 17:00,4,2,26.43915876,103.4099733,3.415804897,35,120,208.5300209
12/1/2011 18:00,4,2,8.084806408,107.3830275,36.2232254,44,185,283.9381507
12/1/2011 19:00,3,2,1.0383645,48.90336327,47.93226786,39,120,268.3981057
12/1/2011 20:00,4,1,12.40110622,109.0431463,11.36465273,34,161,272.2495581
12/1/2011 21:00,1,4,-6.3803641,46.99796096,21.25046887,23,166,223.9079728
12/1/2011 22:00,3,1,2.378766668,73.51022529,11.53671601,34,143,241.9624488
12/1/2011 23:00,3,4,10.14399212,50.26941117,47.63959829,29,70,94.32017589
12/2/2011 0:00,3,4,16.80082444,100.5633596,17.90082769,36,131,221.3951681
12/2/2011 1:00,2,2,,,,10,95,157.7890791
12/2/2011 2:00,2,4,-6.999135773,65.91182436,49.14394478,44,100,167.0605028
12/2/2011 3:00,4,1,66.93864209,324.7155555,133.7917595,33,173,250.0854853
12/2/2011 4:00,3,1,9.270233425,51.30295797,50.41525986,37,21,87.3432799
12/2/2011 5:00,3,2,24.26163429,70.71963029,52.76839203,38,198,258.1410599
12/2/2011 6:00,1,3,8.754648844,66.63845605,27.70712145,23,12,105.3504252
12/2/2011 7:00,4,1,14.87928628,59.45158455,35.06972548,28,81,190.1308349
12/2/2011 8:00,1,4,-0.99393174,108.2645956,14.50627545,3,169,237.41143
12/2/2011 9:00,4,1,18.01967404,95.21403787,53.36452482,40,161,237.9665051
12/2/2011 10:00,4,1,14.49073397,66.85567371,19.27824917,49,12,91.23113525
12/2/2011 11:00,2,1,19.78633854,63.62975388,43.61825009,29,156,222.8958583
12/2/2011 12:00,2,3,-4.816583637,47.94344575,19.25451509,13,125,181.5037522
12/2/2011 13:00,1,4,7.472115018,71.98201659,18.4919448,23,174,220.9394291
12/2/2011 14:00,4,2,14.31410321,83.39296845,10.60665869,37,196,314.7150209
12/2/2011 15:00,3,1,-1.197414319,60.11193127,33.3279377,33,94,171.0302705
12/2/2011 16:00,2,4,7.497431639,94.15920349,17.17253668,35,10,118.0431057
12/2/2011 17:00,3,4,22.70266685,68.60805019,11.61619043,14,62,84.09726927
12/2/2011 18:00,1,2,,,,34,101,164.4429108
12/2/2011 19:00,2,1,22.59522055,118.6617613,17.19487666,28,50,153.8731751
12/2/2011 20:00,2,3,-3.061515271,57.44544443,28.58542054,35,187,298.2960167
12/2/2011 21:00,4,4,16.84878864,71.72666168,23.25203611,3,46,63.01201994
12/2/2011 22:00,1,2,9.441149441,67.24491834,9.737751912,14,3,76.17828208
12/2/2011 23:00,4,3,12.0282935,60.39748962,29.65854681,10,6,75.9639583
12/3/2011 0:00,2,4,22.38370473,54.70279951,44.77979173,48,86,162.8364594
12/3/2011 1:00,1,1,-0.913138776,60.54117202,34.91934129,14,30,104.7911479
12/3/2011 2:00,2,4,,,,20,117,139.6660212
12/3/2011 3:00,1,3,17.60694408,103.9334156,10.07912136,34,85,141.2711973
12/3/2011 4:00,2,3,2.853936807,94.04206306,45.32021735,22,29,119.0450885
12/3/2011 5:00,3,1,,,,9,156,215.9597719
12/3/2011 6:00,3,1,9.789662751,81.97093931,28.56142303,3,42,97.5158045
12/3/2011 7:00,4,2,20.79371833,59.34040404,30.71944257,44,84,172.8191613
12/3/2011 8:00,3,1,5.447291106,51.62465291,20.60307751,24,149,239.1771832
12/3/2011 9:00,2,2,18.95392995,61.65182096,20.27016572,1,175,243.621493
12/3/2011 10:00,2,3,9.968706304,78.75539244,36.31100135,37,103,213.8120267
12/3/2011 11:00,3,3,-0.448816897,37.60553215,7.046334196,18,175,246.8356731
12/3/2011 12:00,4,4,14.33743001,45.36410454,33.55128984,23,111,172.4117723
12/3/2011 13:00,3,4,3.024917656,52.67942723,42.59281043,7,184,224.3521822
12/3/2011 14:00,1,2,8.090357828,73.13832554,23.30321502,5,149,172.3558385
12/3/2011 15:00,1,1,2.790422093,75.33840995,16.52177347,19,154,210.9761239
12/3/2011 16:00,1,1,-5.72304536,53.38590015,15.32507488,13,62,106.8668858
12/3/2011 17:00,3,4,,,,39,3,140.1043917
12/3/2011 18:00,3,3,10.0432991,56.56404356,8.358438813,5,89,112.6475316
12/3/2011 19:00,3,2,,,,11,121,213.1751697
12/3/2011 20:00,1,3,7.133077156,73.7726421,5.52550687,40,2,84.02083141
12/3/2011 21:00,4,3,2.910600572,52.98937544,17.06080909,6,80,129.8574612
12/3/2011 22:00,2,1,,,,44,167,273.0859894
12/3/2011 23:00,3,2,15.60553705,68.3312659,54.24650512,29,82,118.4929336
12/4/2011 0:00,4,3,6.63026603,73.01179124,56.68451185,15,81,122.0485382
12/4/2011 1:00,2,4,20.40737029,46.67540636,14.56972021,7,155,174.8123735
12/4/2011 2:00,2,4,12.22818481,59.29142624,17.01692695,13,116,167.6375512
12/4/2011 3:00,2,1,,,,47,142,211.7682261
12/4/2011 4:00,4,4,3.121649825,114.6640337,12.27075732,19,50,158.5571723
12/4/2011 5:00,4,4,-5.950803227,111.0011321,29.55214125,27,153,212.5413861
12/4/2011 6:00,1,3,21.0518959,43.84711616,23.02851766,5,34,17.68564509
12/4/2011 7:00,4,4,,,,29,125,194.0063832
12/4/2011 8:00,4,4,1.014651732,55.5257701,46.59726549,3,79,156.2618928
12/4/2011 9:00,4,3,8.552569349,44.75006724,45.91526564,35,14,147.9451636
12/4/2011 10:00,2,1,15.71829396,97.91885933,54.57610041,2,132,177.15121
12/4/2011 11:00,3,1,14.89995451,43.43426791,13.93288905,9,173,216.5279178
12/4/2011 12:00,1,2,16.02460535,76.17402909,49.67956323,37,23,109.6002908
12/4/2011 13:00,3,4,-2.141401463,93.29493261,32.80541418,26,1,89.48448034
12/4/2011 14:00,3,3,6.945203032,89.30515644,32.61605864,17,186,219.1652391
12/4/2011 15:00,4,2,-5.823636311,111.2366581,50.0062652,44,163,249.6972282
12/4/2011 16:00,1,1,,,,10,44,102.5436986
12/4/2011 17:00,3,1,-8.505923218,110.4340666,42.85055684,35,94,180.4028463
12/4/2011 18:00,3,3,21.878908,70.51742486,21.71985566,39,93,177.6914888
12/4/2011 19:00,1,2,12.45289689,35.49585195,30.09616967,34,122,177.9533646
12/4/2011 20:00,4,2,22.7087266,97.12498624,37.01891379,43,36,139.1881676
12/4/2011 21:00,3,3,-2.365437577,119.7569943,46.67339006,12,117,177.6877845
12/4/2011 22:00,2,3,-0.101979914,73.83675585,39.02997101,22,184,254.6139273
12/4/2011 23:00,3,2,-1.079494949,118.9638139,23.08191657,42,84,143.5473325
12/5/2011 0:00,2,1,3.0907239,52.75920961,26.13497722,8,139,216.2279412
12/5/2011 1:00,4,4,16.5563254,63.27913789,6.751938753,3,121,145.5833941
12/5/2011 2:00,3,1,4.826403755,54.99790492,50.90183277,42,162,302.5137528
12/5/2011 3:00,1,3,0.824462077,75.71926011,9.703034103,39,149,202.6421583
12/5/2011 4:00,1,2,-5.074530111,102.0804614,33.16558366,49,116,237.8854699
12/5/2011 5:00,3,2,,,,30,71,93.77270631
12/5/2011 6:00,4,4,17.33893982,122.0967581,26.66884689,2,154,138.2682325
12/5/2011 7:00,4,2,,,,35,99,167.3736675
12/5/2011 8:00,1,4,19.07368975,80.01603688,43.01430513,16,6,4.224926031
12/5/2011 9:00,3,1,13.11258108,109.5956786,9.843205555,15,2,88.90691727
12/5/2011 10:00,4,1,-0.099687056,52.12101806,25.22964243,38,3,90.36041516
12/5/2011 11:00,1,2,-0.735180101,102.8146549,40.39729941,1,7,100.0447506
12/5/2011 12:00,2,2,16.99565969,51.92004006,27.16637763,4,44,92.99735934
12/5/2011 13:00,3,3,18.41301413,61.16668486,33.71266713,32,147,236.3070149
12/5/2011 14:00,2,3,8.100402358,86.29193269,33.88309396,12,132,185.9660338
12/5/2011 15:00,2,2,-4.57073165,106.491374,12.22867001,11,173,207.7933334
12/5/2011 16:00,4,2,-5.002192002,78.84557613,25.44323076,18,68,123.8074153
12/5/2011 17:00,4,1,4.204435087,94.3896319,5.962278584,21,34,68.89148285
12/5/2011 18:00,4,2,,,,39,192,292.6320458
12/5/2011 19:00,3,3,3.071829492,54.91837558,30.43865596,7,142,189.7735116
12/5/2011 20:00,2,1,8.154063413,102.4556456,31.96982167,43,16,106.0009692
12/5/2011 21:00,3,4,2.306697739,79.25083714,11.58824121,3,75,212.7197845
12/5/2011 22:00,4,3,-21.38877043,178.7338267,169.0277729,6,173,216.9158787
12/5/2011 23:00,2,3,21.64650504,68.86812556,23.33868772,47,188,294.4196488
12/6/2011 0:00,3,1,10.74427787,58.74495717,51.62246197,21,170,239.3823532
12/6/2011 1:00,3,4,24.23940701,60.83539365,23.64832143,17,121,222.7337882
12/6/2011 2:00,1,3,2.136760856,58.33277565,12.01265097,5,78,140.1592732
12/6/2011 3:00,3,2,16.00364593,54.92347891,42.55380451,49,90,180.8624212
12/6/2011 4:00,4,3,-0.119157154,94.26643201,33.46219818,3,113,234.7801958
12/6/2011 5:00,3,1,12.08253851,87.55349076,24.78042437,40,21,85.21377186
12/6/2011 6:00,2,1,-4.002208299,92.27773361,23.54448295,44,136,224.1887653
12/6/2011 7:00,3,1,-5.869434587,69.22519852,14.73563045,11,46,134.4980595
12/6/2011 8:00,1,3,109.0016863,405.0028593,90.8803201,47,2,74.45922958
12/6/2011 9:00,2,4,11.60020833,63.17824597,7.151678481,36,179,287.9712912
12/6/2011 10:00,2,2,24.06588572,82.49549396,28.48121469,1,30,66.61847997
12/6/2011 11:00,1,1,8.339751055,50.45018733,49.41247447,2,12,94.09942489
12/6/2011 12:00,4,4,,,,44,1,124.312412
12/6/2011 13:00,2,2,5.902763311,66.82234966,5.370114664,20,110,177.2993064
12/6/2011 14:00,4,1,17.11481941,108.5461542,48.48432289,38,6,63.9873774
12/6/2011 15:00,2,2,10.88167853,112.725242,27.47571699,12,28,78.25708458
12/6/2011 16:00,2,2,21.75138464,99.70370973,14.00142442,47,131,227.5566613
12/6/2011 17:00,4,4,-7.279593074,59.69511056,45.19080809,13,131,220.649099
12/6/2011 18:00,2,2,18.10267336,68.33437806,21.62413536,29,87,175.6181942
12/6/2011 19:00,4,1,,,,17,148,231.137864
12/6/2011 20:00,1,4,0.774296555,70.89726925,14.54028346,12,172,244.4803676
12/6/2011 21:00,4,3,8.238152049,114.7622629,28.67127229,13,126,214.38695
12/6/2011 22:00,1,3,11.02195034,71.89235337,9.690965038,40,155,238.9879459
12/6/2011 23:00,2,4,-2.413844887,115.0101967,43.8314661,39,7,100.9468868
12/7/2011 0:00,4,3,0.776605985,116.2311062,28.35735412,24,41,115.851369
12/7/2011 1:00,2,2,8.995664662,97.82056174,26.36562938,36,144,216.8613939
12/7/2011 2:00,4,1,8.841523727,49.32356386,4.64341388,26,136,242.3512447
12/7/2011 3:00,1,2,4.485940792,74.92456793,46.24735426,22,188,289.7192639
12/7/2011 4:00,1,4,-4.076261961,108.6383319,29.9738436,6,83,175.1736646
12/7/2011 5:00,4,1,1.115623743,110.0731267,27.24701137,47,68,142.0890293
12/7/2011 6:00,1,4,27.60172637,54.6132641,43.01681905,9,98,167.5243167
12/7/2011 7:00,2,4,24.74536725,74.50325399,9.010122462,24,40,146.7710993
12/7/2011 8:00,2,4,8.003622529,108.7809304,23.08522317,34,156,285.0870432
12/7/2011 9:00,3,2,24.6228616,96.48212101,35.19670469,23,53,80.74128214
12/7/2011 10:00,1,1,14.12322422,105.4726296,26.20044095,48,159,256.91374
12/7/2011 11:00,2,1,-0.402200553,108.0540154,14.75773567,41,192,277.3239511
12/7/2011 12:00,4,1,-0.944880827,124.3738972,20.4721819,10,120,227.725784
12/7/2011 13:00,1,2,20.91181483,46.45439315,19.36213036,19,42,44.72021819
12/7/2011 14:00,2,3,,,,9,68,95.58137634
12/7/2011 15:00,1,2,22.54258714,41.89623005,21.80726009,49,114,255.9920329
12/7/2011 16:00,4,2,25.1504457,115.2311845,16.2112905,20,99,154.9096529
12/7/2011 17:00,2,4,11.49695561,74.10979171,44.41877817,27,15,52.95766603
12/7/2011 18:00,3,1,,,,27,148,270.3628057
12/7/2011 19:00,3,1,0.145137707,66.45775663,26.77636229,26,160,193.0474963
12/7/2011 20:00,1,3,-9.482587728,63.43433347,33.6121893,32,153,265.6632813
12/7/2011 21:00,4,3,,,,3,130,136.1947948
12/7/2011 22:00,2,4,7.316897357,99.73999482,37.02797054,34,22,62.72683507
12/7/2011 23:00,4,1,-1.16941846,99.91594593,5.889417636,19,88,163.0073264
12/8/2011 0:00,2,3,0.108477847,36.01373632,47.42840474,5,181,210.5541443
12/8/2011 1:00,1,3,5.718227966,114.7063789,14.73214489,5,83,146.1738135
12/8/2011 2:00,2,1,6.325641872,61.10918275,18.86554871,16,46,166.065471
12/8/2011 3:00,4,2,10.29533319,88.20581423,14.00221537,18,117,180.3540861
12/8/2011 4:00,4,3,9.245657255,38.65792544,44.44911271,48,163,309.8385181
12/8/2011 5:00,1,1,16.22421616,46.31514899,32.70016833,16,34,109.7340634
12/8/2011 6:00,4,3,24.32925124,46.91402032,43.53734783,48,170,296.6819125
12/8/2011 7:00,2,4,-2.578821746,90.90336289,37.73646631,2,160,141.4092006
12/8/2011 8:00,1,3,,,,45,4,118.0957886
12/8/2011 9:00,2,1,20.76367506,37.6288488,20.16539173,33,3,100.4900342
12/8/2011 10:00,4,3,10.40692335,61.08867474,29.87543327,3,57,99.20554468
12/8/2011 11:00,1,4,19.98806221,105.7824924,19.22706457,22,179,307.8740617
12/8/2011 12:00,2,4,,,,17,199,251.2124119
12/8/2011 13:00,4,3,24.02652868,56.80051789,49.25323115,33,106,140.7429824
12/8/2011 14:00,4,3,27.13489221,70.18954169,43.15111702,28,177,278.4684826
12/8/2011 15:00,3,4,14.22136919,112.9075254,22.78932668,43,154,204.3000608
12/8/2011 16:00,4,4,-9.491121959,61.09869675,44.29931479,14,137,203.3085499
12/8/2011 17:00,2,2,24.33597651,121.954013,37.89357071,44,122,256.2074858
12/8/2011 18:00,1,2,17.69168467,59.80238488,3.423969067,10,61,135.9665362
12/8/2011 19:00,3,4,15.92959861,58.80637501,21.78147492,38,121,201.5911868
12/8/2011 20:00,4,3,-4.69419166,42.59036776,21.35410513,8,147,194.4797071
12/8/2011 21:00,4,1,18.07954856,92.02578684,14.67799662,46,31,164.9744521
12/8/2011 22:00,4,3,0.367513372,62.37070134,16.61568518,34,47,94.41741945
12/8/2011 23:00,2,3,-1.445755378,78.60811419,51.95719944,9,176,258.2672331
12/9/2011 0:00,3,2,10.15782045,65.82404614,27.79372742,39,25,179.8245729
12/9/2011 1:00,2,2,,,,37,121,224.3201578
12/9/2011 2:00,3,2,16.08945151,115.3421653,14.89536402,28,162,232.8772659
12/9/2011 3:00,1,4,14.52680249,94.69130719,13.62301361,45,27,117.2166339
12/9/2011 4:00,2,4,-3.330194275,54.90093452,49.85908085,5,64,104.6079801
12/9/2011 5:00,2,3,55.22847401,320.4951935,121.6393713,18,118,166.4888515
12/9/2011 6:00,1,3,21.71093677,94.39105088,49.51096226,25,153,231.5543031
12/9/2011 7:00,3,1,0.314121017,46.0941697,8.555890275,8,185,263.4064136
12/9/2011 8:00,4,3,15.88550266,79.6397198,52.01507116,40,5,143.3459444
12/9/2011 9:00,1,3,1.169849281,66.37514755,27.52662853,47,49,87.32741902
12/9/2011 10:00,4,2,8.353445204,74.12882668,12.70801071,44,48,68.85311589
12/9/2011 11:00,4,2,0.949728231,103.3964765,41.15432284,12,185,295.9278085
12/9/2011 12:00,1,2,2.320785485,43.23650133,45.8890252,25,45,121.740457
12/9/2011 13:00,3,2,-2.190626814,53.38889478,6.303194527,43,89,185.3125624
12/9/2011 14:00,4,2,25.54490143,71.34026956,53.26687929,19,148,232.0671351
12/9/2011 15:00,1,1,14.64471503,109.9753638,39.4436842,1,95,140.4234495
12/9/2011 16:00,2,1,,,,3,24,136.2849329
12/9/2011 17:00,2,1,5.556811628,45.98115477,12.23537358,6,95,165.7861086
12/9/2011 18:00,2,2,10.3211801,72.25645275,22.9172684,18,124,178.6042691
12/9/2011 19:00,1,4,10.7781254,61.43549025,15.98362529,34,104,177.2878427
12/9/2011 20:00,2,2,5.313734422,89.11563238,27.91482175,10,62,117.7284516
12/9/2011 21:00,4,2,10.39735645,74.62051541,43.22329222,18,82,126.7222868
12/9/2011 22:00,2,1,3.300074333,116.748463,37.61413355,31,65,196.7211774
12/9/2011 23:00,2,2,-3.288983454,57.75095793,27.14371489,13,162,228.7564202
12/10/2011 0:00,4,1,7.618501283,81.14607156,12.17109227,48,79,141.9237784
12/10/2011 1:00,2,2,19.13001986,95.71385498,53.75394978,4,32,98.19600345
12/10/2011 2:00,4,3,1.700423151,113.9173316,17.54337286,24,49,166.2123928
12/10/2011 3:00,2,4,-2.434960367,70.48969999,18.72386916,13,151,245.8667728
12/10/2011 4:00,4,4,4.23684965,88.78981105,37.5648407,38,94,159.249162
12/10/2011 5:00,2,1,22.42484529,63.52973262,43.47914161,11,150,177.7725494
12/10/2011 6:00,4,3,,,,48,80,220.8655851
12/10/2011 7:00,1,4,10.9596457,104.9865878,51.95437244,19,96,116.3178508
12/10/2011 8:00,4,1,,,,17,36,114.1759499
12/10/2011 9:00,2,2,8.349235683,93.9884106,26.58994266,0,99,131.9939424
12/10/2011 10:00,2,2,24.1624516,66.85702688,10.4625401,42,62,193.4602876
12/10/2011 11:00,3,3,6.577645818,106.3985215,35.08929328,3,183,204.4102809
12/10/2011 12:00,4,4,,,,11,62,99.15956767
12/10/2011 13:00,1,2,,,,25,18,111.5658356
12/10/2011 14:00,4,1,6.391259395,96.29816624,5.966214058,31,148,252.921818
12/10/2011 15:00,4,2,13.00189057,53.68046411,13.72648789,36,38,164.8456242
12/10/2011 16:00,1,2,10.91658882,111.2620805,29.98361205,14,103,181.246929
12/10/2011 17:00,4,4,14.90512021,65.91711809,25.65914378,34,82,176.5450645
12/10/2011 18:00,1,4,2.463709707,71.95649024,23.3998676,25,199,305.5354385
12/10/2011 19:00,1,1,-5.569543352,96.4283331,46.379952,14,153,175.9451206
12/10/2011 20:00,4,3,18.61239522,102.0106059,40.10182687,7,104,134.6753183
12/10/2011 21:00,4,3,19.46282946,90.03916983,52.3094903,27,178,216.4624417
12/10/2011 22:00,2,2,24.36345008,62.59527771,28.57505593,29,59,57.49718645
12/10/2011 23:00,2,1,19.36852608,97.24581708,16.48426689,42,81,198.334076
12/11/2011 0:00,3,3,17.73755263,59.68724801,11.49460818,43,91,226.9614252
12/11/2011 1:00,3,3,53.12462329,243.2263071,153.3066245,2,121,189.7522651
12/11/2011 2:00,4,2,,,,5,123,189.4762015
12/11/2011 3:00,1,1,1.232735721,50.23218106,15.17858912,30,96,178.6244282
12/11/2011 4:00,3,3,2.658153888,118.1305487,50.95679082,25,133,209.7314648
12/11/2011 5:00,4,4,25.15248008,92.00486409,30.65236561,7,134,241.9354634
12/11/2011 6:00,3,4,,,,38,187,321.555937
12/11/2011 7:00,1,2,22.53373075,67.94441526,37.33076248,28,188,248.5311151
12/11/2011 8:00,4,2,,,,16,132,231.3477635
12/11/2011 9:00,1,2,16.09620447,47.17052826,7.680617791,15,90,191.9681949
12/11/2011 10:00,4,2,,,,48,135,252.5988649
12/11/2011 11:00,3,3,0.95231,50.26914743,44.65977737,44,101,206.7161972
12/11/2011 12:00,2,1,22.27665997,76.61842732,33.69087446,3,160,223.6886918
12/11/2011 13:00,3,2,4.583871489,57.05120487,19.33187071,9,184,198.6318164
12/11/2011 14:00,3,2,0.965487145,72.32300759,50.91892389,15,139,156.9735076
12/11/2011 15:00,2,3,3.064759071,63.64682024,17.13632347,18,100,191.5945269
12/11/2011 16:00,2,2,-2.174771935,59.17215478,17.09604294,38,124,179.0862007
12/11/2011 17:00,4,2,,,,49,36,93.42082881
12/11/2011 18:00,4,1,,,,12,142,141.8371019
12/11/2011 19:00,1,4,9.436704688,102.9583846,29.52588713,3,16,54.83184899
12/11/2011 20:00,1,2,16.55072823,87.95708363,37.90137459,31,36,128.3350066
12/11/2011 21:00,3,3,0.254354153,109.8676274,54.18587558,17,178,258.7544228
12/11/2011 22:00,2,1,17.35316789,58.11621746,43.72170598,15,156,246.6265453
12/11/2011 23:00,1,3,20.81336165,126.0748258,13.99413071,24,2,64.36564221
12/12/2011 0:00,3,1,-4.960853221,84.70869403,45.07566868,49,153,255.3309027
12/12/2011 1:00,2,1,9.281864549,112.3572329,40.61445855,15,103,193.4890146
12/12/2011 2:00,4,2,-1.303360571,43.60451378,17.6608737,21,120,205.035774
12/12/2011 3:00,3,2,12.89739886,99.33327182,20.44423516,23,44,99.57233676
12/12/2011 4:00,4,2,15.13592141,103.7888597,40.83443499,27,133,219.1097527
12/12/2011 5:00,1,4,,,,22,98,110.5954712
12/12/2011 6:00,1,4,,,,20,181,251.1281318
12/12/2011 7:00,2,3,6.667784785,108.0354543,42.21937801,8,146,185.5744231
12/12/2011 8:00,3,2,-0.711470368,79.97279052,49.70756639,1,12,108.6858447
12/12/2011 9:00,4,4,2.353650729,42.16052363,10.01586596,37,56,113.8138964
12/12/2011 10:00,2,2,10.51979602,98.80363688,27.81499748,27,72,152.6330706
12/12/2011 11:00,1,4,1.048344002,50.95068848,36.34694815,25,82,144.2698402
12/12/2011 12:00,1,4,18.08725661,113.4110423,39.59719126,26,84,143.3901967
12/12/2011 13:00,3,1,,,,24,184,269.4590484
12/12/2011 14:00,4,2,21.66304452,49.45439011,40.61272508,20,173,230.5951519
12/12/2011 15:00,3,2,5.233644275,54.39089142,36.54495258,37,11,153.7031431
12/12/2011 16:00,4,4,,,,24,156,170.9078335
12/12/2011 17:00,4,2,25.74409256,125.0521781,9.374734217,37,96,202.082954
12/12/2011 18:00,3,4,,,,45,64,156.6062135
12/12/2011 19:00,2,2,20.43577482,56.11732454,33.24340794,10,48,106.6428236
12/12/2011 20:00,3,1,22.30859211,67.94184595,23.71991256,27,126,212.2182334
12/12/2011 21:00,3,2,11.28143753,114.5004849,10.27020898,48,131,259.0894166
12/12/2011 22:00,1,1,-3.086599445,269.5482942,87.99835802,35,27,120.1113181
12/12/2011 23:00,1,3,,,,3,49,132.2013347
12/13/2011 0:00,3,2,18.07575,88.92885955,48.0747559,18,11,80.55582226
12/13/2011 1:00,3,2,26.18940283,69.92738642,11.40829708,23,82,124.1428126
12/13/2011 2:00,1,2,8.425357312,69.87209119,31.92327858,21,17,85.49414521
12/13/2011 3:00,4,1,6.997379749,68.73765087,19.62706791,47,106,237.7586167
12/13/2011 4:00,3,2,14.26231618,99.58754212,38.18672626,24,110,171.8527933
12/13/2011 5:00,2,2,23.88499779,118.2653296,33.69730116,7,110,134.6915307
12/13/2011 6:00,2,4,-1.449695874,105.3720462,51.49453301,19,133,220.7616989
12/13/2011 7:00,2,3,10.2127589,87.22342328,6.640924886,0,67,127.2788518
12/13/2011 8:00,3,1,,,,3,75,105.056754
12/13/2011 9:00,4,4,-1.554862204,53.74173489,13.27553608,11,22,76.1937105
12/13/2011 10:00,4,1,-2.564566599,97.50860702,31.43093937,24,155,223.7378037
12/13/2011 11:00,1,4,6.686359523,90.54116076,46.87639483,20,39,109.3818979
12/13/2011 12:00,3,3,20.6231389,110.4163228,50.73968415,18,97,184.589936
12/13/2011 13:00,4,4,-1.979685327,56.74660754,26.01592171,33,47,118.0394083
12/13/2011 14:00,3,1,6.259028946,101.7714169,46.58847914,5,161,237.1453932
12/13/2011 15:00,1,2,16.92429126,93.12885905,20.7342284,34,91,159.1959612
12/13/2011 16:00,1,2,,,,2,189,291.1924527
12/13/2011 17:00,1,3,21.95326547,91.63702707,47.68463006,32,185,317.8414518
12/13/2011 18:00,2,1,11.31695415,112.176422,11.44517238,8,161,193.5162729
12/13/2011 19:00,3,1,26.835078,118.9799855,6.306418947,6,56,75.44604189
12/13/2011 20:00,1,1,-3.765670425,98.57532504,21.00079626,40,28,147.5599958
12/13/2011 21:00,3,3,,,,26,89,172.9529397
12/13/2011 22:00,2,2,,,,0,123,189.7691727
12/13/2011 23:00,2,4,2.047546169,94.87039198,46.0075733,39,179,248.579178
12/14/2011 0:00,1,3,10.37793287,67.61685204,26.26566807,17,97,160.2509383
12/14/2011 1:00,1,4,-1.314383499,53.12468596,30.43985777,34,7,80.88227328
12/14/2011 2:00,4,2,20.76561848,59.86318176,16.93839661,16,92,167.3560852
12/14/2011 3:00,3,3,8.073362091,32.71356131,31.58055865,38,106,156.8612289
12/14/2011 4:00,1,2,,,,10,103,160.2555863
12/14/2011 5:00,4,4,,,,36,143,191.5650736
12/14/2011 6:00,3,1,3.291011078,44.79266474,55.08744496,44,91,169.7743368
12/14/2011 7:00,1,1,25.58518963,72.80751766,26.69056856,10,157,214.3236558
12/14/2011 8:00,4,4,15.69884672,81.51156473,56.24191176,2,86,153.4699588
12/14/2011 9:00,4,1,21.20423224,58.03076946,19.3597949,12,92,171.9594277
12/14/2011 10:00,3,4,4.228103252,40.04218803,4.906328897,27,83,183.0801544
12/14/2011 11:00,4,3,-0.35138935,56.77934789,44.3137107,37,80,122.7719144
12/14/2011 12:00,3,3,10.31649071,93.56853935,14.0590423,46,153,287.1811311
12/14/2011 13:00,3,3,9.86018768,41.26804528,8.392313563,33,184,247.9174952
12/14/2011 14:00,3,1,5.470034301,88.14451081,53.70653411,27,38,98.11068696
12/14/2011 15:00,2,2,,,,1,32,91.32983404
12/14/2011 16:00,4,1,1.924186827,48.33294472,10.86146299,45,77,162.1603532
12/14/2011 17:00,3,1,5.682027039,248.0183589,178.8416196,1,30,92.12817724
12/14/2011 18:00,1,2,4.262439899,44.24136053,46.02505441,36,20,122.698202
12/14/2011 19:00,2,2,12.59802854,59.17007344,50.72535773,15,177,219.3841941
12/14/2011 20:00,2,2,18.01426995,68.85547741,33.77764454,7,127,178.770738
12/14/2011 21:00,4,2,12.08532771,73.45326869,40.38070605,39,133,217.6620829
12/14/2011 22:00,3,1,7.813284412,96.780427,44.04797615,10,187,276.0368577
12/14/2011 23:00,4,4,,,,44,89,169.3368995
12/15/2011 0:00,2,3,23.35650397,123.2150589,39.28376861,14,140,189.0340433
12/15/2011 1:00,3,4,,,,3,57,79.64950697
12/15/2011 2:00,1,1,,,,22,171,216.0157807
12/15/2011 3:00,3,2,-2.497717664,68.4002115,53.84222587,7,31,47.78619967
12/15/2011 4:00,2,3,11.05793481,98.90415936,21.80353278,15,58,102.2156459
12/15/2011 5:00,1,3,12.16128141,57.73554523,9.685839933,15,102,215.1177149
12/15/2011 6:00,3,4,23.77421743,51.67067302,42.95713227,23,80,174.041206
12/15/2011 7:00,1,1,23.75803903,42.49159712,16.50078509,9,172,269.6376137
12/15/2011 8:00,1,1,22.10456278,110.9121047,34.10684777,33,182,236.8159555
12/15/2011 9:00,2,1,-2.511255423,68.30416526,11.87582875,17,176,184.8918254
12/15/2011 10:00,1,3,21.01810801,108.7442028,36.77481441,15,60,134.8184957
12/15/2011 11:00,4,4,12.574265,72.67643183,53.55323581,35,39,179.9382765
12/15/2011 12:00,2,3,20.85182713,113.3810415,40.98806443,7,81,123.7735884
12/15/2011 13:00,4,3,7.990724136,106.395663,17.7736249,19,161,233.3914878
12/15/2011 14:00,1,2,5.795359367,111.524229,52.58043557,22,112,137.254296
12/15/2011 15:00,4,4,9.734587573,78.50556077,21.84809676,39,88,178.1899135
12/15/2011 16:00,3,2,,,,13,11,70.59747385
12/15/2011 17:00,1,1,6.252188245,111.8473616,29.74514147,15,142,144.5591799
12/15/2011 18:00,3,3,20.02874047,65.60127187,54.92507993,37,106,162.2338395
12/15/2011 19:00,4,4,-5.620036766,71.0352781,7.902479625,17,8,41.8554626
12/15/2011 20:00,3,1,0.101382794,100.2527841,39.34795772,39,147,188.9690239
12/15/2011 21:00,1,4,-6.058550282,61.63915617,22.11140901,29,88,145.6186482
12/15/2011 22:00,3,3,6.794976921,94.82538144,10.29284195,35,110,210.6308856
12/15/2011 23:00,4,4,,,,35,48,114.3758033
12/16/2011 0:00,4,1,,,,38,13,135.8294741
12/16/2011 1:00,4,2,-2.420865377,47.05577701,45.13222746,39,132,210.4955416
12/16/2011 2:00,1,3,24.14569177,61.00507832,17.62477794,40,125,225.1684286
12/16/2011 3:00,4,2,,,,0,47,112.3098426
12/16/2011 4:00,1,3,-3.748615895,105.7447212,45.57010117,16,56,168.405436
12/16/2011 5:00,3,1,18.24122283,50.04494497,28.48620336,27,92,147.9093405
12/16/2011 6:00,4,3,14.92450657,102.6071744,34.4284911,6,59,128.6670422
12/16/2011 7:00,3,2,20.59570345,104.0316133,55.35993044,19,199,240.0010891
12/16/2011 8:00,2,3,10.16756693,73.47077753,49.1948255,41,80,223.0664135
12/16/2011 9:00,3,1,21.90501589,67.08421615,29.21170437,23,42,84.21654226
12/16/2011 10:00,2,3,-0.337561102,62.73443429,38.22141172,0,81,142.9211817
12/16/2011 11:00,3,2,2.853599659,84.58962109,44.64459283,17,90,204.1984066
12/16/2011 12:00,1,1,5.805155123,42.91162838,6.253714896,25,63,102.522662
12/16/2011 13:00,3,2,26.32915875,260.1685472,147.8462782,13,1,82.27496295
12/16/2011 14:00,1,3,23.51698786,124.1521468,55.21402981,18,0,38.64239807
12/16/2011 15:00,1,4,11.65156878,48.31989657,54.08314692,17,117,254.2804975
12/16/2011 16:00,4,2,-0.415036963,82.21907467,48.38960212,44,63,100.6922136
12/16/2011 17:00,1,3,6.635614882,117.983914,9.242464874,6,71,81.91786691
12/16/2011 18:00,2,4,5.903431145,115.9957274,56.71335532,1,84,101.7953171
12/16/2011 19:00,4,4,25.84055174,113.5633136,37.09630675,6,23,46.76520708
12/16/2011 20:00,4,1,14.92029298,110.5505932,16.44908129,27,129,222.074745
12/16/2011 21:00,3,4,14.49780512,63.43237188,39.7309591,27,58,189.4429201
12/16/2011 22:00,1,2,,,,41,101,227.1102669
12/16/2011 23:00,1,2,18.11668442,117.3158943,11.91294165,16,161,234.4773619
12/17/2011 0:00,2,4,14.61057196,79.28817106,51.12834908,29,55,134.7516957
12/17/2011 1:00,3,3,4.543609916,73.09747399,52.17153196,20,113,165.2772721
12/17/2011 2:00,3,2,,,,36,4,102.2042789
12/17/2011 3:00,4,2,16.71666196,69.98233913,50.27612864,8,108,160.2119395
12/17/2011 4:00,4,1,20.06073223,44.648215,53.22131737,35,123,214.1623629
12/17/2011 5:00,4,3,,,,21,182,231.2568857
12/17/2011 6:00,2,4,101.0265111,305.0223438,81.07497663,14,118,146.4331901
12/17/2011 7:00,2,3,16.55649763,78.14537548,24.10981186,13,35,99.25615943
12/17/2011 8:00,4,1,22.38503967,44.19605276,22.4745007,26,71,147.5972213
12/17/2011 9:00,3,1,-0.451796961,97.42618478,43.09225412,17,93,142.6222047
12/17/2011 10:00,2,3,9.737892859,56.608255,24.43410204,9,182,218.5089682
12/17/2011 11:00,3,1,14.53449567,47.68351418,54.25706709,47,137,251.2605566
12/17/2011 12:00,3,1,2.866823041,93.0309538,55.45817783,21,84,169.1609273
12/17/2011 13:00,1,1,20.8048559,68.84539491,22.58319438,22,173,301.813116
12/17/2011 14:00,4,3,16.81772735,52.17200785,31.95319732,41,51,183.9486525
12/17/2011 15:00,1,1,17.32526609,73.7702766,33.45027582,40,189,243.7096463
12/17/2011 16:00,4,4,24.88627549,103.5415956,33.16160101,47,131,222.8043253
12/17/2011 17:00,4,4,3.072530486,88.47353548,25.26810427,4,183,196.5902344
12/17/2011 18:00,3,2,16.06765199,73.60454934,14.20084114,24,10,29.36043219
12/17/2011 19:00,4,4,10.62821952,57.62778133,8.486255004,0,104,220.4064097
12/17/2011 20:00,3,2,5.07374151,92.06051038,10.59083829,23,177,294.9548775
12/17/2011 21:00,3,3,1.817479852,116.5444736,51.54438979,32,188,251.6561267
12/17/2011 22:00,4,1,20.79434583,99.16539425,20.11109138,36,150,273.8558066
12/17/2011 23:00,3,4,11.23422835,99.10323441,9.348621115,6,125,223.3104266
12/18/2011 0:00,3,2,,,,23,112,127.9492033
12/18/2011 1:00,3,3,11.40848344,93.87917005,10.58908558,14,29,119.0855658
12/18/2011 2:00,2,2,3.375356324,104.5309572,9.858914989,10,122,167.8221922
12/18/2011 3:00,3,1,3.433637756,101.8819539,37.0922657,43,87,192.0690118
12/18/2011 4:00,2,4,3.007229751,116.1389051,32.67294159,16,24,180.8764039
12/18/2011 5:00,2,3,23.24097815,74.73386747,7.794673856,48,29,175.1458037
12/18/2011 6:00,3,2,-6.244836897,110.0229968,28.54421669,22,166,234.7429777
12/18/2011 7:00,3,3,24.53117682,95.71854965,26.93977672,48,73,214.2439732
12/18/2011 8:00,2,2,23.25595178,110.6617086,33.85535945,3,123,118.9348769
12/18/2011 9:00,2,2,26.482568,45.22651712,43.37883572,30,138,233.7098554
12/18/2011 10:00,3,1,8.845128745,98.76546183,20.35365165,33,72,171.431448
12/18/2011 11:00,3,1,24.33327673,107.5907735,28.45756884,9,163,243.7824296
12/18/2011 12:00,4,2,7.308498611,64.61075884,44.40023014,36,111,182.3615451
12/18/2011 13:00,2,4,-3.695955273,91.07332861,51.46172507,9,179,250.0798858
12/18/2011 14:00,2,3,1.806784661,116.3648697,50.43302159,41,4,121.3043953
12/18/2011 15:00,4,3,24.50715589,58.54418762,29.04907726,10,75,65.94091621
12/18/2011 16:00,2,1,-6.054440836,75.38803281,32.56109818,30,141,212.149044
12/18/2011 17:00,1,4,,,,9,147,179.5395702
12/18/2011 18:00,2,2,-3.074365627,87.513958,50.53799753,42,19,131.5077322
12/18/2011 19:00,4,1,1.096535651,41.13773874,46.87131701,37,171,299.9833192
12/18/2011 20:00,1,2,-1.853291282,49.73604197,23.51730868,41,99,172.2972291
12/18/2011 21:00,3,2,,,,7,24,48.99666079
12/18/2011 22:00,4,1,14.19309709,66.06340994,24.66626832,10,168,232.1770585
12/18/2011 23:00,4,4,26.61257712,56.79134159,21.38003973,19,109,144.0704995
12/19/2011 0:00,3,3,14.21116301,108.1999958,52.95628875,23,126,192.8785467
12/19/2011 1:00,4,1,24.92999637,81.24576959,20.13285058,6,68,114.7197918
12/19/2011 2:00,2,4,6.925188334,94.80045894,14.70643275,20,90,178.08408
12/19/2011 3:00,3,2,15.20496106,50.75921219,49.5098179,43,1,104.1416205
12/19/2011 4:00,4,1,10.65667738,76.27609673,6.615286055,5,139,199.5324323
12/19/2011 5:00,3,3,8.419393401,66.28100135,18.57223697,30,27,156.8008285
12/19/2011 6:00,3,3,18.31745061,106.808865,28.07285881,11,43,112.7920037
12/19/2011 7:00,3,2,15.94529027,90.47992212,36.92695835,36,140,214.1698058
12/19/2011 8:00,1,1,,,,12,84,137.8540643
12/19/2011 9:00,4,3,18.77969657,50.46335789,31.65524245,48,42,117.7854882
12/19/2011 10:00,1,1,-0.854953185,103.1173857,15.33123554,30,54,104.1604125
12/19/2011 11:00,4,3,17.82392367,84.7935966,34.22074261,8,135,152.0441154
12/19/2011 12:00,2,2,-0.364962005,111.9989162,27.29490147,26,123,233.7562647
12/19/2011 13:00,2,2,8.322777589,75.71293364,45.84903524,16,63,108.1849992
12/19/2011 14:00,2,1,,,,7,116,183.2166113
12/19/2011 15:00,4,4,22.85927057,46.56548444,27.64943537,26,11,78.74811255
12/19/2011 16:00,3,4,-1.952968714,93.27736696,36.832851,39,40,128.8723486
12/19/2011 17:00,3,2,,,,14,43,142.3680874
12/19/2011 18:00,1,3,-5.774576503,129.6698604,58.47729386,38,10,104.0587484
12/19/2011 19:00,1,4,9.905815442,35.3617373,46.30228425,5,18,46.08383125
12/19/2011 20:00,2,2,17.38610393,121.1307971,18.0510132,31,124,188.8457321
12/19/2011 21:00,1,3,19.34295759,69.37060343,39.96708051,47,59,182.5725401
12/19/2011 22:00,4,3,17.11450318,114.4275279,10.31765572,7,199,271.2745828
12/19/2011 23:00,4,4,,,,34,154,266.45671
12/20/2011 0:00,1,2,3.531116678,112.3697569,55.97005578,30,198,271.6343676
12/20/2011 1:00,1,3,,,,41,120,169.9132127
12/20/2011 2:00,1,3,-2.14378683,116.3407943,30.1232465,25,154,244.9990998
12/20/2011 3:00,1,1,,,,41,13,112.3893766
12/20/2011 4:00,2,1,17.3770468,56.61491103,50.5386812,23,151,233.1802418
12/20/2011 5:00,2,4,13.01995662,86.59755437,4.78079667,1,63,73.36284808
12/20/2011 6:00,1,1,9.782731054,78.73497784,37.0396318,40,151,222.6138619
12/20/2011 7:00,4,2,3.86969569,48.04477173,38.96248429,0,129,151.6745232
12/20/2011 8:00,2,4,23.262655,100.8304309,23.75188303,9,179,250.8118013
12/20/2011 9:00,4,4,,,,49,94,206.8498719
12/20/2011 10:00,3,1,,,,22,11,82.53667704
12/20/2011 11:00,4,3,,,,32,192,303.8741358
12/20/2011 12:00,1,2,,,,43,187,325.5732407
12/20/2011 13:00,3,2,18.96579449,76.67131273,33.38249873,36,57,154.4488954
12/20/2011 14:00,2,2,25.76110755,290.1935535,78.21175173,10,93,173.9946647
12/20/2011 15:00,2,4,14.86430857,112.8039282,19.37844433,19,41,94.62137853
12/20/2011 16:00,3,2,17.54693089,60.02617692,30.46714516,25,0,54.11038759
12/20/2011 17:00,4,3,9.768750898,76.29199214,50.93975918,45,149,275.1709373
12/20/2011 18:00,2,3,21.03012566,87.56507189,36.71372499,46,105,175.641748
12/20/2011 19:00,1,1,10.66576138,75.09353135,45.63218228,1,71,143.8013278
12/20/2011 20:00,3,2,3.552654,61.63110535,37.53359582,24,140,266.4789899
12/20/2011 21:00,1,4,16.08951364,77.44635516,40.28837704,3,192,265.5047554
12/20/2011 22:00,3,1,10.87610599,64.48317374,27.09854944,18,37,103.4777858
12/20/2011 23:00,2,3,-2.955113081,68.30504864,50.58443052,12,191,213.7015086
12/21/2011 0:00,4,2,23.30426342,109.7204544,30.85787728,18,75,148.8158134
12/21/2011 1:00,3,3,13.97246824,85.72862783,33.95576431,12,51,144.1951232
12/21/2011 2:00,3,1,,,,11,110,166.5589668
12/21/2011 3:00,1,3,23.79500288,56.76223484,22.18799005,1,79,161.5781252
12/21/2011 4:00,2,2,13.54867101,52.24828538,17.34688315,36,83,180.8895869
12/21/2011 5:00,1,2,9.515606015,113.0264973,8.354957252,49,107,215.6846574
12/21/2011 6:00,2,1,11.45030368,66.67430026,42.19204005,22,159,222.4463844
12/21/2011 7:00,1,2,8.144805442,123.4044547,20.22705401,18,154,179.274325
12/21/2011 8:00,3,3,19.29743331,79.60769842,25.55847481,2,97,137.2079388
12/21/2011 9:00,1,3,18.22211597,110.2741223,51.41159762,23,188,248.9752745
12/21/2011 10:00,4,4,1.090920121,66.59567877,33.64597517,22,85,175.2357857
12/21/2011 11:00,2,4,,,,3,61,114.5214952
12/21/2011 12:00,2,4,23.87610734,38.97904321,45.73643718,17,2,102.4789639
12/21/2011 13:00,3,3,,,,11,80,150.4302197
12/21/2011 14:00,2,3,18.78519042,68.81154089,34.43142569,34,125,194.8648563
12/21/2011 15:00,4,1,,,,26,90,142.554816
12/21/2011 16:00,1,4,6.18702787,99.2232391,17.72087114,42,102,176.9056032
12/21/2011 17:00,3,3,7.321773624,60.06671927,9.765156374,13,109,177.835683
12/21/2011 18:00,4,1,16.05907807,68.93877821,15.75641244,30,94,163.834606
12/21/2011 19:00,2,3,10.66830306,107.4996652,10.22954113,2,30,50.73102725
12/21/2011 20:00,2,1,10.47125915,76.10387733,19.51467708,4,191,276.2315015
12/21/2011 21:00,4,4,19.17403966,105.7139819,55.83912851,28,169,252.6052028
12/21/2011 22:00,1,4,17.26979349,70.48764646,26.77138917,38,57,154.2832995
12/21/2011 23:00,1,4,24.37476333,226.1836655,203.4187239,16,42,84.36887059
12/22/2011 0:00,3,3,-0.856520177,53.28820647,34.64016879,18,159,196.8055366
12/22/2011 1:00,2,3,4.365872068,107.2239198,39.04188882,34,157,237.1922905
12/22/2011 2:00,4,1,9.453128508,115.6743026,14.10377858,32,82,104.2188255
12/22/2011 3:00,1,2,3.442253572,111.5775204,20.11328437,7,126,207.4656215
12/22/2011 4:00,3,2,8.775913743,77.90976458,31.79799058,36,188,253.9564714
12/22/2011 5:00,2,4,,,,34,155,232.051997
12/22/2011 6:00,2,2,9.860006762,71.13859487,8.981685911,19,44,126.8967013
12/22/2011 7:00,3,4,6.68278269,78.46934598,30.0713315,16,137,197.3560693
12/22/2011 8:00,3,1,13.28098608,102.7305101,8.479226395,44,143,203.0499036
12/22/2011 9:00,1,2,,,,12,158,266.27818
12/22/2011 10:00,4,2,1.988721948,54.62738656,39.64074307,3,9,17.13575713
12/22/2011 11:00,2,4,19.4584268,63.06789656,42.96223256,49,73,106.0229287
12/22/2011 12:00,4,1,1.725199765,105.7519884,12.00236122,29,91,197.3633727
12/22/2011 13:00,2,2,18.43268097,64.79597216,14.82599159,5,11,23.34852399
12/22/2011 14:00,2,2,110.652895,226.7584478,123.5669735,1,155,244.7210593
12/22/2011 15:00,4,2,12.80860603,121.8373491,55.8895343,14,17,93.45034881
12/22/2011 16:00,3,1,22.79705635,71.25540988,23.64586613,33,179,271.6399604
12/22/2011 17:00,1,1,2.376449711,61.35707018,28.3978507,19,155,208.0851617
12/22/2011 18:00,2,2,10.70660077,92.19550971,26.83816785,15,27,68.40017567
12/22/2011 19:00,3,4,,,,42,191,272.8807588
12/22/2011 20:00,2,4,-5.166648736,49.31522008,44.26525359,48,13,85.85805849
12/22/2011 21:00,1,2,5.812077699,90.70567476,19.83411624,28,7,122.4108624
12/22/2011 22:00,2,1,4.939715346,33.53571994,41.54853367,26,99,153.9046029
12/22/2011 23:00,1,2,15.31034703,74.08657235,28.77086283,0,2,68.38374335
12/23/2011 0:00,1,1,23.51149106,70.91950686,35.71416764,12,136,229.3558334
12/23/2011 1:00,2,2,1.663750492,65.25389568,10.6649059,39,46,109.7703577
12/23/2011 2:00,2,1,5.224994833,82.84852975,51.6775249,31,62,155.509945
12/23/2011 3:00,1,3,10.92139235,113.1725969,19.12867344,2,167,193.4021329
12/23/2011 4:00,3,4,8.034819199,97.29484557,39.61218575,13,76,135.0190967
12/23/2011 5:00,4,3,17.86289338,113.4219122,47.51122733,27,85,149.4721777
12/23/2011 6:00,1,4,,,,45,120,195.3743842
12/23/2011 7:00,2,1,-5.42585819,42.58260562,23.73135106,25,151,231.9775803
12/23/2011 8:00,2,3,17.60404183,59.32594763,54.56792421,20,198,232.8268902
12/23/2011 9:00,3,4,21.80648388,104.956392,19.78511821,45,12,136.133595
12/23/2011 10:00,4,2,12.55852847,102.1066209,54.27261422,10,133,161.8171251
12/23/2011 11:00,1,1,13.04645009,118.4754346,13.78608051,26,178,217.2570543
12/23/2011 12:00,1,1,-0.559671064,56.9668548,25.14775085,43,59,145.7072859
12/23/2011 13:00,4,2,6.173127583,68.78958802,12.55010537,0,74,114.1075987
12/23/2011 14:00,1,2,2.13002742,67.44935105,4.251729217,32,156,249.955889
12/23/2011 15:00,4,4,,,,45,15,113.8406653
12/23/2011 16:00,2,1,22.29802729,57.92064566,9.48706764,17,191,210.481414
12/23/2011 17:00,4,4,,,,1,84,165.9057854
12/23/2011 18:00,1,2,2.879101139,97.99153293,43.9317064,3,54,99.99516541
12/23/2011 19:00,4,1,3.66137069,64.90221335,7.641568799,49,156,263.5657127
12/23/2011 20:00,3,2,2.076741076,49.76968493,15.51590764,3,77,197.3931912
12/23/2011 21:00,2,4,14.00353526,99.53569598,40.38923098,16,54,159.9284201
12/23/2011 22:00,2,4,10.92927709,80.71473078,27.0691126,47,187,291.6576629
12/23/2011 23:00,4,4,,,,15,168,193.1563395
12/24/2011 0:00,1,1,13.10269779,74.31660746,29.86813476,8,8,26.66505109
12/24/2011 1:00,3,2,-0.912157445,110.4246935,38.13626264,25,5,116.2231122
12/24/2011 2:00,2,2,-3.797214092,81.36369478,36.5882986,9,101,149.3140078
12/24/2011 3:00,2,4,-3.172245822,116.830151,38.22303761,6,156,208.3227488
12/24/2011 4:00,1,4,3.637151576,87.61362046,17.96076186,8,145,170.0178711
12/24/2011 5:00,1,4,0.45706793,70.96912639,24.46992182,47,23,134.7642087
12/24/2011 6:00,3,4,5.079353446,67.58123704,10.25381285,26,50,161.6378194
12/24/2011 7:00,4,3,19.28209095,84.07115766,38.16428511,31,16,144.1087177
12/24/2011 8:00,1,3,16.80455033,85.47362306,29.24260461,48,20,105.9645146
12/24/2011 9:00,4,3,11.63927867,98.94577291,44.67485057,22,82,174.7621747
12/24/2011 10:00,3,4,16.35294702,54.42291369,16.56047732,26,61,135.5700439
12/24/2011 11:00,4,4,4.607917848,102.6705967,29.31109082,24,90,191.8378494
12/24/2011 12:00,2,2,22.18516489,107.7844124,16.05895716,28,116,195.3173364
12/24/2011 13:00,4,1,6.032295643,99.7591839,35.82626336,23,74,123.7194457
12/24/2011 14:00,3,2,4.081678099,85.43737292,47.98274458,15,116,222.0548489
12/24/2011 15:00,3,3,8.710884962,122.8748975,43.45895206,15,53,122.4132043
12/24/2011 16:00,3,2,-2.299049259,68.13180555,56.10587305,27,138,205.9201619
12/24/2011 17:00,4,4,25.66792852,48.71767358,55.42916396,19,170,245.8042994
12/24/2011 18:00,2,3,3.183667565,98.35144454,44.21096701,18,120,167.3786434
12/24/2011 19:00,1,3,1.244103401,59.94625803,19.87390186,9,135,207.9423896
12/24/2011 20:00,2,1,,,,25,150,220.602823
12/24/2011 21:00,4,1,-2.878987051,55.01668061,29.49997416,1,120,148.6549737
12/24/2011 22:00,4,3,,,,2,52,176.8128226
12/24/2011 23:00,1,3,-6.62022992,51.40275816,26.42509514,38,39,98.29411076
12/25/2011 0:00,4,2,7.945708988,69.81134501,16.47929477,1,8,71.11844482
12/25/2011 1:00,3,3,21.57711279,49.55606944,53.55716445,24,151,228.2309011
12/25/2011 2:00,3,4,22.97579602,171.0489493,101.1015224,44,75,139.766173
12/25/2011 3:00,3,2,-1.377880753,100.764398,39.84535074,3,75,119.4212732
12/25/2011 4:00,3,4,13.80713645,90.09001297,46.05660663,14,129,154.2717658
12/25/2011 5:00,3,4,27.307323,103.4056606,48.59388925,17,69,199.550124
12/25/2011 6:00,4,4,0.145478166,112.5035043,47.85358606,6,3,52.52386962
12/25/2011 7:00,1,3,4.39478146,76.80819208,48.84405315,26,60,132.0853669
12/25/2011 8:00,1,1,23.70702642,107.3720677,41.12520808,17,125,251.9330387
12/25/2011 9:00,3,1,-0.847437272,83.22447997,25.662716,6,191,223.8648425
12/25/2011 10:00,4,4,15.83022308,73.22987035,40.2416511,28,35,153.4236343
12/25/2011 11:00,2,3,3.347820528,98.42744016,48.84340782,40,40,149.3743897
12/25/2011 12:00,2,2,24.5176997,72.72510727,23.47487227,43,102,137.2362864
12/25/2011 13:00,4,4,27.04817496,113.3568708,21.21165913,32,165,237.4803853
12/25/2011 14:00,3,2,16.92137751,75.59534285,23.16603023,1,81,146.7185667
12/25/2011 15:00,1,2,8.270120446,51.95733071,35.9339716,17,142,211.694838
12/25/2011 16:00,4,3,2.409084723,45.62317067,8.993025903,45,47,144.7827973
12/25/2011 17:00,2,3,1.060931935,50.16644872,45.6724699,22,96,151.4273815
12/25/2011 18:00,2,1,21.13187031,114.0507226,12.94977165,5,157,192.2634935
12/25/2011 19:00,2,1,23.9348525,117.6497545,12.43691211,42,190,274.4048271
12/25/2011 20:00,3,3,8.340317646,74.07939132,14.85733432,24,24,158.5036872
12/25/2011 21:00,2,4,14.70073019,72.22150743,36.23199548,18,3,45.44153126
12/25/2011 22:00,4,1,,,,7,17,61.2130369
12/25/2011 23:00,4,2,6.431280415,107.4306654,24.38660889,36,172,260.5520264
12/26/2011 0:00,2,4,,,,25,119,151.7994636
12/26/2011 1:00,4,2,8.353329372,118.6889696,48.83319062,28,96,188.6599773
12/26/2011 2:00,2,3,32.36775862,319.1958544,199.007955,27,83,123.0688652
12/26/2011 3:00,2,2,,,,6,192,217.099227
12/26/2011 4:00,1,4,17.89476557,90.15227875,48.35808405,35,72,124.6663733
12/26/2011 5:00,3,3,23.4119345,101.437703,45.45150001,14,64,80.5140892
12/26/2011 6:00,3,4,23.86039815,88.27089718,54.20421963,32,110,231.7888966
12/26/2011 7:00,1,2,,,,4,26,97.39427467
12/26/2011 8:00,1,4,13.85476187,104.4259146,7.602045555,28,87,194.4257985
12/26/2011 9:00,3,3,3.854772287,82.24779174,14.73200934,16,187,279.6996585
12/26/2011 10:00,2,2,24.65481357,88.48764423,51.2115952,44,186,276.7260636
12/26/2011 11:00,2,2,,,,26,152,228.8913616
12/26/2011 12:00,3,1,74.11841614,427.8017765,117.2741223,16,161,259.1959987
12/26/2011 13:00,2,1,14.45957353,96.18798103,31.99544463,3,49,152.945145
12/26/2011 14:00,1,4,18.06439023,44.50260916,46.48025762,48,182,244.0572187
12/26/2011 15:00,2,1,-4.925541765,44.66255186,51.57774369,11,137,275.4065267
12/26/2011 16:00,2,1,5.003891335,103.7538383,42.2679464,22,108,142.3457826
12/26/2011 17:00,4,1,17.6275809,48.14139112,45.29305919,49,185,271.9643815
12/26/2011 18:00,4,1,19.99149773,58.49897084,22.65095183,10,88,152.0528121
12/26/2011 19:00,4,3,58.98056963,211.6290661,115.9310135,35,130,221.8156513
12/26/2011 20:00,2,3,10.31862218,87.6803471,51.01038619,11,85,206.761235
12/26/2011 21:00,3,1,3.949538389,95.79630949,44.80980707,8,103,193.211263
12/26/2011 22:00,1,4,18.53095977,66.39723243,40.03952034,23,109,196.2468924
12/26/2011 23:00,2,3,16.38178883,67.58518574,10.58624905,17,119,218.9344556
12/27/2011 0:00,3,1,16.81958645,108.6313149,9.102793139,26,87,175.2500511
12/27/2011 1:00,2,3,2.576215551,124.4875501,13.9731665,8,55,94.62287261
12/27/2011 2:00,1,2,25.41535996,39.98359688,35.40971022,32,154,252.4623385
12/27/2011 3:00,2,3,53.41646839,197.053291,140.0569971,5,89,147.9276571
12/27/2011 4:00,1,3,19.59617974,90.35654265,52.91226033,32,143,201.6232762
12/27/2011 5:00,2,4,-2.127245761,97.19318065,40.85360641,39,37,165.8005642
12/27/2011 6:00,1,3,1.29912927,111.9348838,20.74765441,5,104,159.2911136
12/27/2011 7:00,2,4,21.18541187,97.26116864,14.47058749,3,180,201.3176987
12/27/2011 8:00,1,2,-2.618053136,106.8788961,47.57300576,2,195,220.0610198
12/27/2011 9:00,4,1,8.509333266,56.48636745,29.13726585,12,22,101.9985257
12/27/2011 10:00,2,4,7.663939487,45.77285831,40.50670151,25,82,190.4396002
12/27/2011 11:00,2,3,19.05587216,86.94029085,33.55528904,33,183,282.414203
12/27/2011 12:00,3,3,4.980239646,105.8555751,10.43126845,12,87,165.559596
12/27/2011 13:00,3,4,1.690655554,96.40248899,7.994673474,46,52,125.6709853
12/27/2011 14:00,1,2,24.73815131,114.9016575,27.90799285,7,199,260.7752758
12/27/2011 15:00,2,1,44.26500522,407.1751761,102.5443671,11,194,247.093497
12/27/2011 16:00,1,3,,,,7,146,199.1559038
12/27/2011 17:00,4,2,4.48835284,48.0091507,38.08276583,18,3,69.65922044
12/27/2011 18:00,3,1,,,,40,156,228.2230308
12/27/2011 19:00,1,1,1.528471824,104.0758187,48.66953445,9,172,255.5792309
12/27/2011 20:00,1,3,18.32936935,63.51267904,30.72553647,31,104,156.7639028
12/27/2011 21:00,3,4,,,,20,20,53.08670518
12/27/2011 22:00,2,3,23.57360525,105.7689036,39.40353431,22,53,103.4976413
12/27/2011 23:00,1,3,21.40035604,113.9784101,11.72412218,26,125,229.5637706
12/28/2011 0:00,3,3,12.67430979,62.64194265,56.76691527,24,108,194.2448851
12/28/2011 1:00,2,2,-2.545067429,102.2220069,31.36943695,6,51,55.58109787
12/28/2011 2:00,4,4,,,,41,145,256.0048083
12/28/2011 3:00,3,2,7.385506495,60.99262388,55.55527818,34,144,228.639614
12/28/2011 4:00,1,3,24.14055905,84.26375038,34.24480184,1,43,83.58165099
12/28/2011 5:00,4,4,11.88941769,94.56496867,9.129747596,27,106,177.852021
12/28/2011 6:00,2,1,18.49581868,34.41649704,34.42291187,6,151,169.1108601
12/28/2011 7:00,2,4,,,,41,112,210.3252748
12/28/2011 8:00,3,3,17.64238475,45.98042505,46.39641171,39,133,186.1098441
12/28/2011 9:00,3,4,34.52421359,424.1251828,35.96264047,11,154,206.6445628
12/28/2011 10:00,3,1,5.286013138,91.14360205,29.17002408,16,174,231.6918027
12/28/2011 11:00,2,1,0.796482712,72.33610259,51.69009681,21,173,269.2587832
12/28/2011 12:00,4,4,,,,8,90,151.3622302
12/28/2011 13:00,2,1,1.897019994,91.21643301,15.01737003,2,90,165.3580521
12/28/2011 14:00,1,2,6.134366754,86.28624605,49.59363243,21,162,199.3144771
12/28/2011 15:00,2,4,,,,35,184,267.9612006
12/28/2011 16:00,1,1,4.242490499,61.30337421,47.75678929,38,139,245.1131644
12/28/2011 17:00,4,1,17.37751348,119.3592267,20.9416691,17,28,134.4811272
12/28/2011 18:00,3,4,-5.450427992,76.51125979,55.21696985,16,56,90.04508619
12/28/2011 19:00,3,2,14.83825513,66.23870402,40.16670246,26,197,250.0006245
12/28/2011 20:00,2,4,11.65065079,69.40768845,25.59568915,34,54,155.3963037
12/28/2011 21:00,3,1,25.44358908,80.78219118,21.60076122,31,164,295.5940388
12/28/2011 22:00,4,4,18.59869225,118.0081235,17.31881,2,70,132.8311959
12/28/2011 23:00,3,1,11.85295363,102.4987629,40.46984405,12,197,227.9645572
12/29/2011 0:00,2,3,22.7788157,83.70750992,53.32006889,16,52,87.55864698
12/29/2011 1:00,4,4,1.540269918,56.52018788,45.2226721,17,13,86.32593792
12/29/2011 2:00,1,4,13.34891204,59.28212537,48.32082457,16,20,99.01650529
12/29/2011 3:00,2,1,-1.896953201,85.08817945,46.40907847,47,103,195.6596395
12/29/2011 4:00,1,1,6.96203925,104.3457788,55.40517909,15,13,47.93438357
12/29/2011 5:00,4,1,2.003917919,102.3287105,45.41208579,21,52,158.3576342
12/29/2011 6:00,2,1,16.96564469,54.78356728,14.9703408,24,114,179.8622714
12/29/2011 7:00,2,4,,,,0,95,163.1415255
12/29/2011 8:00,4,1,22.6895065,73.76421437,20.52576937,26,126,151.1462528
12/29/2011 9:00,3,4,8.129862977,119.573835,56.46621523,13,194,295.3846594
12/29/2011 10:00,2,2,-2.14586908,98.97482724,25.11143241,27,84,142.8144748
12/29/2011 11:00,2,4,15.17258854,71.93963824,22.52108991,46,93,231.7080788
12/29/2011 12:00,1,1,23.6593161,61.46362011,19.19493668,35,175,280.7584572
12/29/2011 13:00,3,1,,,,42,110,161.5229324
12/29/2011 14:00,1,2,9.752387816,90.68895479,11.58239003,49,183,291.7597494
12/29/2011 15:00,1,4,19.36692971,103.6797225,54.59205055,31,166,299.0987609
12/29/2011 16:00,3,2,21.53094743,119.1645488,20.68154064,28,100,162.4741055
12/29/2011 17:00,3,4,1.481293589,76.78020895,21.27447515,16,168,286.1702555
12/29/2011 18:00,4,1,0.825469432,62.66313806,10.15629219,27,175,266.0013747
12/29/2011 19:00,3,4,-1.564065482,98.60462405,18.01320962,40,155,287.648996
12/29/2011 20:00,2,1,7.919116163,98.13529777,27.04741061,20,1,78.23174711
12/29/2011 21:00,3,1,7.952821631,42.24453407,24.72039728,23,21,92.73682314
12/29/2011 22:00,4,3,25.20931446,111.0250457,23.35864718,45,198,350.5799284
12/29/2011 23:00,4,3,7.519420045,108.0554319,9.201560037,34,127,235.116059
12/30/2011 0:00,4,4,14.95086456,83.45033662,22.71812881,19,95,159.4233149
12/30/2011 1:00,3,1,15.64164266,89.06002191,46.24692877,21,122,208.2085735
12/30/2011 2:00,3,2,3.845636543,97.24818131,29.33693899,3,188,226.5556082
12/30/2011 3:00,1,1,-1.604797017,92.92698808,21.5778602,15,79,149.7465106
12/30/2011 4:00,1,2,13.17242719,42.03170781,22.17229688,20,35,143.3876855
12/30/2011 5:00,2,4,16.80856807,48.55344631,32.83902353,43,193,283.672475
12/30/2011 6:00,1,4,26.50407824,53.88131436,22.04037271,20,80,126.30152
12/30/2011 7:00,2,2,4.66806698,102.0599476,38.00690402,39,48,110.5397583
12/30/2011 8:00,4,2,21.78204805,72.25354898,56.59344344,40,2,96.76388179
12/30/2011 9:00,1,1,7.356899605,88.3320727,8.56986577,10,22,60.33786231
12/30/2011 10:00,3,4,16.74974932,101.5020142,15.7866271,36,186,231.5913564
12/30/2011 11:00,1,1,14.10692295,64.62021997,16.48613273,43,100,159.6250894
12/30/2011 12:00,2,2,-3.168290528,99.70710297,26.02677695,21,155,263.8448913
12/30/2011 13:00,1,3,-2.884630812,78.15193875,8.227780447,19,108,175.3299079
12/30/2011 14:00,4,3,2.45759767,72.15135631,28.61702212,1,104,159.3431903
12/30/2011 15:00,3,3,8.46747192,70.3222827,53.28608881,42,71,136.6212108
12/30/2011 16:00,2,2,18.72203776,123.268959,6.879170568,10,32,77.18389262
12/30/2011 17:00,3,1,,,,20,125,179.2253176
12/30/2011 18:00,3,4,12.80700548,44.6357602,44.8525914,32,67,143.3441415
12/30/2011 19:00,2,2,3.92969684,112.8368821,13.84254985,48,70,120.9045251
12/30/2011 20:00,3,3,20.02881377,102.2939142,11.42938393,16,10,111.3560294
12/30/2011 21:00,3,1,15.7241462,48.51345994,37.83534195,35,135,222.1823321
12/30/2011 22:00,1,4,,,,13,19,90.74699078
12/30/2011 23:00,3,4,,,,36,61,177.1238973
12/31/2011 0:00,3,2,4.494898698,94.80341546,11.57470863,30,170,277.8353755
12/31/2011 1:00,3,2,19.34394735,95.23977514,33.69801901,3,102,140.4600404
12/31/2011 2:00,3,4,17.70700186,233.7650499,181.7242028,5,91,166.8558758
12/31/2011 3:00,2,4,1.271457156,79.11903177,21.48087374,49,74,193.5566188
12/31/2011 4:00,4,3,-0.434556939,50.60713091,11.08024341,20,113,195.2200979
12/31/2011 5:00,1,4,18.8202039,45.33039943,14.6606633,12,120,216.5837224
12/31/2011 6:00,3,2,16.40414864,78.60996465,49.51367777,37,197,310.7455148
12/31/2011 7:00,3,1,16.90348787,70.82819079,43.44586128,14,6,94.5901019
12/31/2011 8:00,2,3,,,,4,137,234.7369265
12/31/2011 9:00,4,3,-2.820011262,127.1269025,44.21085906,37,167,257.6477716
12/31/2011 10:00,3,4,22.70087105,57.73163763,40.63988893,23,3,80.53056563
12/31/2011 11:00,2,1,10.24655123,43.26677501,56.42051778,17,101,195.3831307
12/31/2011 12:00,1,3,,,,28,18,93.46295264
12/31/2011 13:00,1,2,12.60443146,87.0957825,49.01455108,31,109,207.2743555
12/31/2011 14:00,3,4,3.109264178,98.10164618,28.35867139,6,165,207.0324798
12/31/2011 15:00,3,2,0.630236764,89.82554285,52.34925844,29,21,34.46038724
12/31/2011 16:00,4,4,8.979145039,81.51418412,12.68690536,37,102,209.7911129
12/31/2011 17:00,4,3,1.641884901,68.01793906,13.32346035,25,128,159.4041042
12/31/2011 18:00,3,4,1.592635693,66.70702161,49.35102763,7,112,150.900667
12/31/2011 19:00,2,1,24.89527195,62.02044757,47.53020233,24,180,281.4841552
12/31/2011 20:00,4,2,10.5040599,82.92755057,22.05362701,29,148,254.8463489
12/31/2011 21:00,3,1,10.66879499,56.91004545,36.20218305,23,134,245.1613112
12/31/2011 22:00,4,2,16.58924013,111.2987108,24.52118086,29,6,27.32119514
12/31/2011 23:00,3,2,27.0579478,89.51464684,8.746682555,4,76,141.8029714
1/1/2012 0:00,1,4,,,,3,22,70.20174252
1/1/2012 1:00,3,3,78.14163485,268.6119293,38.21537561,41,187,310.5885249
1/1/2012 2:00,1,3,10.73525525,122.7137211,35.90422223,8,89,194.2426056
1/1/2012 3:00,4,1,1.130136767,40.58097564,20.04581031,32,17,62.69413677
1/1/2012 4:00,3,4,4.375600514,60.95900452,11.31231265,28,116,197.4478583
1/1/2012 5:00,4,3,9.155894053,79.60803865,54.11450032,30,70,177.9601526
1/1/2012 6:00,1,2,18.36945833,95.26610966,13.55371763,43,65,150.8510625
1/1/2012 7:00,3,2,3.255089409,58.94852047,40.54400939,18,52,175.3716948
1/1/2012 8:00,4,4,,,,44,146,230.9666229
1/1/2012 9:00,1,1,,,,46,191,281.0145289
1/1/2012 10:00,4,4,8.315875678,108.8317483,16.60101757,1,141,162.8312447
1/1/2012 11:00,2,1,24.63511224,63.35672751,34.90739928,19,24,100.6579909
1/1/2012 12:00,1,4,20.11396275,96.22513001,31.97333186,11,32,5.50434
1/1/2012 13:00,1,2,,,,49,175,269.6272939
1/1/2012 14:00,1,4,27.67170053,69.65899546,35.8339423,20,38,149.1392588
1/1/2012 15:00,3,3,-4.868563013,118.4284844,53.99864474,30,121,162.1771493
1/1/2012 16:00,3,3,-4.968646144,50.37261822,8.37571513,35,111,150.5410404
1/1/2012 17:00,3,4,40.46152988,408.8867587,184.1280315,19,107,212.5868183
1/1/2012 18:00,2,1,,,,43,132,265.661216
1/1/2012 19:00,2,1,14.16104049,120.6855485,24.46081502,19,112,143.4495328
1/1/2012 20:00,1,2,8.446698244,92.92279286,12.08716797,44,148,297.1125829
1/1/2012 21:00,2,2,1.289923942,97.57872057,30.35999297,35,58,159.1138144
1/1/2012 22:00,4,1,3.107165491,38.71035422,46.59672216,45,119,248.6126523
1/1/2012 23:00,1,4,18.8627587,77.38990647,10.98871647,17,76,122.404332
1/2/2012 0:00,1,2,19.26627933,93.49172803,21.10710118,5,13,115.8423026
1/2/2012 1:00,4,1,,,,32,190,267.1401672
1/2/2012 2:00,1,1,16.82687972,55.07055666,12.64232381,9,53,105.8297446
1/2/2012 3:00,2,4,,,,17,172,256.6722828
1/2/2012 4:00,3,3,3.090810397,56.17479163,46.27999898,33,177,251.45036
1/2/2012 5:00,4,1,7.073986372,55.59414525,47.3634281,14,168,189.6001107
1/2/2012 6:00,2,2,,,,2,91,150.1845224
1/2/2012 7:00,4,4,10.92054045,109.4611692,32.37260901,7,126,176.6944219
1/2/2012 8:00,4,4,-3.663146933,66.11723927,21.1709196,10,128,168.2146055
1/2/2012 9:00,1,4,23.71075815,87.15417829,39.33968473,45,129,264.478005
1/2/2012 10:00,1,3,,,,31,71,227.0422528
1/2/2012 11:00,2,3,-0.154751953,41.98661502,53.95064967,47,140,212.7089743
1/2/2012 12:00,4,2,13.12042703,85.78549609,55.74195283,41,146,246.2162557
1/2/2012 13:00,1,2,25.15597793,108.9656376,55.39544301,16,50,107.3501441
1/2/2012 14:00,1,4,1.055126122,95.47883824,24.56734003,46,125,292.9656375
1/2/2012 15:00,4,2,13.13022598,100.2287973,25.64458056,29,1,98.07603963
1/2/2012 16:00,2,1,7.725051226,99.46500857,48.87748675,42,9,132.1430229
1/2/2012 17:00,2,3,5.671531841,45.01070312,41.97672808,7,196,291.7996992
1/2/2012 18:00,4,4,21.73429102,86.51063529,42.45494174,39,117,213.2597246
1/2/2012 19:00,2,4,8.363302221,105.6071059,20.81158628,6,29,82.77401077
1/2/2012 20:00,1,1,-1.614475075,51.84256086,46.09053545,19,64,181.943898
1/2/2012 21:00,4,1,-6.37085421,43.68669528,37.38880931,11,108,195.723013
1/2/2012 22:00,1,1,-4.774407101,109.2864932,29.56743536,20,43,91.01982509
1/2/2012 23:00,3,1,7.892077324,99.49119068,50.15805633,27,41,99.6809336
1/3/2012 0:00,3,4,18.20798723,71.7335181,26.1048731,27,2,70.72815902
1/3/2012 1:00,2,3,3.330264615,117.306956,39.92483265,15,110,213.2048062
1/3/2012 2:00,3,3,15.36625908,99.82132332,30.57362247,47,157,301.6421845
1/3/2012 3:00,1,1,16.9614249,115.5976888,36.86623526,9,164,291.0011354
1/3/2012 4:00,3,2,3.521696559,114.7451469,9.925593685,21,27,80.19872943
1/3/2012 5:00,1,4,15.08531585,79.98511549,31.18555802,6,50,113.6765812
1/3/2012 6:00,2,3,16.87192296,102.6447015,36.65856539,3,114,158.4749048
1/3/2012 7:00,2,1,9.829784629,100.2168221,30.63881508,23,124,195.0211763
1/3/2012 8:00,1,2,5.263692465,104.5289698,48.63492006,33,12,126.3985159
1/3/2012 9:00,3,2,14.43513677,106.1119214,22.76220745,40,39,131.1363993
1/3/2012 10:00,2,1,26.01386363,54.96418117,50.26461751,46,153,291.9991345
1/3/2012 11:00,4,4,,,,13,103,154.0451012
1/3/2012 12:00,2,3,8.220596898,63.75553612,42.05430229,43,157,275.7872108
1/3/2012 13:00,3,2,53.48847842,405.3125178,49.71294659,48,151,239.272703
1/3/2012 14:00,4,3,-1.466452517,107.93219,18.14036254,16,37,51.44936918
1/3/2012 15:00,3,3,11.00736503,82.90900585,44.72450018,44,104,170.9327563
1/3/2012 16:00,1,2,7.344721164,85.09588112,7.94294695,7,109,173.3114299
1/3/2012 17:00,4,1,-3.372740467,118.1532629,55.53523049,41,196,348.2432157
1/3/2012 18:00,3,2,7.548981156,63.9336419,16.41280836,12,15,66.82141321
1/3/2012 19:00,4,2,-3.504342753,37.84297085,51.12181928,6,109,163.5441607
1/3/2012 20:00,3,4,8.808913944,85.08928243,31.72729426,2,54,124.3206958
1/3/2012 21:00,4,3,-3.591820857,114.7107596,35.76985641,23,176,234.6587684
1/3/2012 22:00,3,1,-4.305189302,103.9161279,10.25303791,46,126,211.1394562
1/3/2012 23:00,1,3,,,,23,79,157.8264984
1/4/2012 0:00,4,2,22.25143042,56.74292232,14.65944542,6,51,97.57692524
1/4/2012 1:00,4,1,,,,29,48,77.19499494
1/4/2012 2:00,4,1,13.33214375,111.7261546,31.63170324,4,191,229.1905629
1/4/2012 3:00,4,1,4.043067967,96.2370151,42.08089593,39,47,158.1541522
1/4/2012 4:00,1,1,9.461571064,77.59073282,51.47711296,20,73,166.0975674
1/4/2012 5:00,4,4,6.146381253,59.10016483,28.48107293,48,81,222.815414
1/4/2012 6:00,2,1,6.65823923,113.8493348,18.35390708,7,37,135.4054271
1/4/2012 7:00,1,2,77.86564264,205.2907807,92.25322675,6,16,48.74467724
1/4/2012 8:00,2,4,,,,38,40,109.3987871
1/4/2012 9:00,4,2,-1.216346881,110.0268704,13.7928299,1,53,86.73383782
1/4/2012 10:00,3,2,18.64620797,121.3098647,37.14476832,42,39,130.2214274
1/4/2012 11:00,2,3,15.16464037,97.44034433,6.354282974,11,30,76.0961934
1/4/2012 12:00,4,1,11.59148968,90.40947876,19.13401875,27,89,164.5695221
1/4/2012 13:00,2,1,,,,43,153,223.650475
1/4/2012 14:00,4,2,9.997977305,43.26796976,30.49632557,18,75,170.3596146
1/4/2012 15:00,4,1,9.12062895,54.68567918,32.61177993,27,145,197.3966253
1/4/2012 16:00,4,4,6.56102399,95.00564304,40.75117388,34,34,91.92247438
1/4/2012 17:00,3,3,12.10031943,47.36515388,17.95906146,11,122,202.4676186
1/4/2012 18:00,2,1,,,,27,119,221.5408727
1/4/2012 19:00,1,1,15.02800722,61.76662151,42.24959467,25,55,127.129346
1/4/2012 20:00,1,4,13.78858475,75.21662834,34.67289958,37,116,232.9638213
1/4/2012 21:00,1,3,3.107589927,82.18237914,7.86177418,5,29,111.8089795
1/4/2012 22:00,1,4,7.892371975,89.82719519,40.97993008,18,172,300.890705
1/4/2012 23:00,4,2,5.669220144,70.50608112,40.40541732,26,74,175.9155307
1/5/2012 0:00,2,2,,,,8,51,164.1550598
1/5/2012 1:00,2,1,9.655236011,78.07024872,44.01270159,40,195,290.8080785
1/5/2012 2:00,3,3,19.27585725,97.78127584,32.98648176,49,54,198.95024
1/5/2012 3:00,2,2,13.05477663,89.56554104,16.13902455,9,137,242.5957129
1/5/2012 4:00,2,4,23.34866718,47.37664093,37.27286841,9,181,239.7055913
1/5/2012 5:00,2,2,17.33991784,96.80120375,38.33235806,32,33,98.33908942
1/5/2012 6:00,3,2,24.07968672,77.98105544,53.05435659,17,190,245.6263387
1/5/2012 7:00,1,4,11.55930115,116.6901596,46.25461824,9,158,233.4716665
1/5/2012 8:00,2,1,25.65863952,116.8751225,22.69885208,6,191,216.5380747
1/5/2012 9:00,3,3,3.101927819,53.41159449,12.44825887,39,177,256.4287177
1/5/2012 10:00,3,1,-2.063631593,49.22307478,50.53821043,31,155,275.9689277
1/5/2012 11:00,4,4,11.4877336,71.82551916,49.6730533,42,106,222.0684259
1/5/2012 12:00,3,2,25.40406664,117.8506294,16.58491789,5,36,24.49564123
1/5/2012 13:00,1,3,,,,18,159,191.1068195
1/5/2012 14:00,2,1,4.295454757,93.81118158,41.76204755,40,34,192.864258
1/5/2012 15:00,3,4,11.6355121,96.97209828,44.60348184,42,184,315.4961394
1/5/2012 16:00,1,2,11.74780276,100.6638185,17.54079715,33,188,257.6327665
1/5/2012 17:00,3,2,4.685064082,52.95978724,41.81542036,42,84,135.4790989
1/5/2012 18:00,3,1,,,,4,31,51.6583485
1/5/2012 19:00,3,4,24.41491916,81.03758474,20.60296991,18,7,94.4299033
1/5/2012 20:00,3,2,22.19152834,57.93793341,23.73533096,48,162,323.4744496
1/5/2012 21:00,3,2,2.13682381,50.40242483,32.10768602,49,22,182.5758664
1/5/2012 22:00,1,3,,,,13,92,111.9191338
1/5/2012 23:00,2,2,5.693315859,94.08684621,29.94792065,9,165,219.328133
1/6/2012 0:00,2,1,3.369681101,77.84223452,21.58733888,48,18,94.5014278
1/6/2012 1:00,2,4,,,,10,181,249.3329717
1/6/2012 2:00,2,4,20.66951563,72.60518782,10.84507569,30,44,88.30425663
1/6/2012 3:00,1,3,6.035684053,59.89636872,47.2551497,1,35,73.87316342
1/6/2012 4:00,4,4,25.71784271,69.60509633,44.21322223,9,176,213.2415302
1/6/2012 5:00,4,1,24.52214148,55.89803087,19.51216775,20,187,276.9791655
1/6/2012 6:00,1,2,,,,0,55,93.83694125
1/6/2012 7:00,1,3,,,,45,63,151.1590712
1/6/2012 8:00,3,4,17.02464999,123.0740052,33.97157635,30,61,160.6336661
1/6/2012 9:00,3,3,10.94672016,49.76234685,7.547082285,10,58,171.5934623
1/6/2012 10:00,3,3,6.951376719,123.1863729,49.81957453,42,0,159.8028427
1/6/2012 11:00,2,4,12.49000094,110.9526685,25.02343702,9,96,173.0217134
1/6/2012 12:00,3,3,16.22445963,342.0813941,97.49957877,19,76,146.6958841
1/6/2012 13:00,4,4,,,,20,4,117.8523091
1/6/2012 14:00,2,1,-3.581051879,56.12649812,39.68601404,36,146,271.3916275
1/6/2012 15:00,3,4,18.5990106,57.43922151,24.57815394,36,57,173.8428355
1/6/2012 16:00,2,2,5.200753631,63.56362463,12.9838634,13,56,76.0201262
1/6/2012 17:00,4,4,-2.978578408,58.38206103,34.97976322,4,169,263.657448
1/6/2012 18:00,3,2,10.34978025,65.35954744,36.89358312,5,72,142.1700887
1/6/2012 19:00,4,3,,,,23,133,183.6248558
1/6/2012 20:00,4,4,36.6949418,183.7543369,132.7547191,15,84,133.2915358
1/6/2012 21:00,4,2,-1.509717113,65.88663053,39.72038366,22,21,114.9206937
1/6/2012 22:00,3,4,20.74108892,50.55814386,10.4724889,46,52,77.12248842
1/6/2012 23:00,1,4,14.55725484,91.60111348,53.94982315,37,56,143.7193907
1/7/2012 0:00,3,4,-1.478559342,125.9746877,23.37240776,15,125,174.8436619
1/7/2012 1:00,4,1,9.700279063,81.51479494,38.70614836,12,102,145.7992795
1/7/2012 2:00,3,2,53.3391488,294.6271824,216.2932453,44,111,195.8036965
1/7/2012 3:00,4,1,-5.359117861,72.47716609,47.16652452,7,50,67.14947764
1/7/2012 4:00,1,1,15.24825302,104.7107951,37.96197209,37,4,127.1179038
1/7/2012 5:00,2,2,21.53007852,52.27389465,42.34925128,31,149,170.7186859
1/7/2012 6:00,1,4,72.13750143,420.5506444,219.9103916,21,113,193.6462015
1/7/2012 7:00,1,1,0.365269946,74.74424899,48.10120183,16,134,179.152898
1/7/2012 8:00,2,1,21.34229035,71.20586145,37.64741679,4,63,181.099069
1/7/2012 9:00,3,1,6.764832009,120.5352991,40.96184454,7,184,246.2843911
1/7/2012 10:00,2,4,24.0174705,127.1834228,14.48773049,49,25,64.91591812
1/7/2012 11:00,3,1,-1.057270671,97.59594029,30.20161128,29,24,124.0326543
1/7/2012 12:00,3,3,14.04399066,47.4081632,21.22654366,18,68,107.8628554
1/7/2012 13:00,4,2,12.82502778,102.4238607,27.1571746,11,159,254.1989784
1/7/2012 14:00,4,3,-0.292753558,266.3501248,171.3440942,24,7,104.1961515
1/7/2012 15:00,2,4,20.72717749,72.25295211,13.87232903,43,8,149.8545166
1/7/2012 16:00,1,1,18.11439851,56.92519683,7.058332371,12,53,125.2997993
1/7/2012 17:00,2,2,-2.734251864,80.11916899,26.54907645,3,19,101.2755208
1/7/2012 18:00,3,1,12.01715913,107.5851764,22.95084034,9,195,259.9959071
1/7/2012 19:00,4,4,10.43731984,66.12833719,29.78035531,47,194,278.0359091
1/7/2012 20:00,2,2,-0.409491294,127.8552323,53.35630881,27,171,284.7104263
1/7/2012 21:00,2,3,27.10572078,70.39152131,45.11045181,4,168,189.8355299
1/7/2012 22:00,4,2,20.15988613,51.97399806,23.56337708,27,169,249.673118
1/7/2012 23:00,4,1,4.134669511,94.75690781,18.14931903,43,138,218.7176683
1/8/2012 0:00,4,2,10.1787146,106.0918482,38.94883027,30,111,221.0497733
1/8/2012 1:00,3,4,5.713505799,123.6533183,40.3785479,15,126,167.3988628
1/8/2012 2:00,4,4,18.48964227,105.3083997,32.89796739,22,170,234.5466503
1/8/2012 3:00,1,2,24.22832203,61.55456766,18.90495712,28,135,219.1413942
1/8/2012 4:00,2,4,6.771974144,129.760756,9.210013765,46,173,318.4680567
1/8/2012 5:00,4,4,18.1664332,112.3371373,22.74553533,20,33,91.87326707
1/8/2012 6:00,4,4,12.17598661,51.34517662,29.51215453,1,67,110.8344002
1/8/2012 7:00,3,3,7.777185423,86.44202049,45.55823877,22,142,178.4275329
1/8/2012 8:00,3,1,22.15014596,91.47761767,49.16952619,15,145,185.396177
1/8/2012 9:00,2,4,15.77154734,81.11341888,29.5606339,10,138,215.2879087
1/8/2012 10:00,1,2,,,,8,146,209.8729927
1/8/2012 11:00,2,4,15.84816264,51.50681575,56.30830419,1,72,129.3665132
1/8/2012 12:00,4,3,28.88928533,313.5762336,167.0782256,17,24,148.172363
1/8/2012 13:00,1,2,9.413316503,55.20034748,43.39292355,12,149,165.780089
1/8/2012 14:00,1,1,23.66149171,84.58928508,51.63810444,44,189,357.4956021
1/8/2012 15:00,1,2,17.0494938,102.5969403,23.59003222,7,164,261.3217346
1/8/2012 16:00,1,2,,,,9,137,191.2122605
1/8/2012 17:00,2,2,3.835338877,75.90106555,54.91962683,26,80,172.7356055
1/8/2012 18:00,3,2,11.91411654,127.8945308,33.58496654,16,51,101.5258557
1/8/2012 19:00,3,4,25.51441599,102.6983589,45.78069051,23,76,163.6008059
1/8/2012 20:00,4,1,6.232806147,88.23084481,49.21962233,20,67,206.5317279
1/8/2012 21:00,3,4,1.939468352,66.84134741,26.8481787,0,27,62.66041102
1/8/2012 22:00,3,3,11.81762603,76.60241813,33.12133975,15,157,220.1015353
1/8/2012 23:00,3,3,,,,42,173,247.3713782
1/9/2012 0:00,3,2,-1.069525995,111.3963657,17.81627362,32,167,236.2036327
1/9/2012 1:00,4,4,,,,5,148,196.0189113
1/9/2012 2:00,2,4,25.17800651,101.9153151,34.52742,11,142,175.2658708
1/9/2012 3:00,1,1,65.89911978,198.7887352,50.9885791,31,130,208.2167976
1/9/2012 4:00,3,1,,,,47,80,183.7648675
1/9/2012 5:00,2,1,21.08529924,77.42549612,16.45901432,10,96,149.0561495
1/9/2012 6:00,3,4,18.96870153,57.73309778,43.52679012,17,196,199.1905522
1/9/2012 7:00,3,1,-3.244516238,46.47219197,49.91386891,1,7,58.54666233
1/9/2012 8:00,1,1,1.688629179,97.2977868,36.27200945,31,136,220.7708407
1/9/2012 9:00,1,1,-2.108724051,91.67069276,29.2361406,48,121,281.128051
1/9/2012 10:00,1,2,-3.143508311,106.7699363,56.96345409,48,89,193.0191875
1/9/2012 11:00,3,3,4.768548211,96.07367518,8.371898145,19,129,231.2950487
1/9/2012 12:00,3,3,9.152195352,104.2842348,22.50360018,20,164,226.4693308
1/9/2012 13:00,3,4,0.190525683,70.58842383,20.4786267,35,139,268.1984226
1/9/2012 14:00,1,4,-2.733408446,47.54518316,24.05019917,37,18,81.92978343
1/9/2012 15:00,4,2,12.54894098,88.00559919,17.77687314,26,26,122.4286542
1/9/2012 16:00,2,3,5.325769155,52.12119309,20.81689978,46,151,277.5028547
1/9/2012 17:00,4,1,99.48655309,397.3506245,85.83475379,10,193,279.1130071
1/9/2012 18:00,3,1,-4.47849567,83.57619892,33.33895873,17,15,152.2422626
1/9/2012 19:00,3,4,24.30510916,61.43537472,26.41791247,16,1,54.79978842
1/9/2012 20:00,4,3,23.39069293,82.82362299,40.30234195,33,148,278.7572022
1/9/2012 21:00,3,4,87.69130197,422.0030454,136.8106437,44,9,143.0260462
1/9/2012 22:00,2,4,19.71887365,55.36746946,16.49492956,25,185,266.8536892
1/9/2012 23:00,3,1,22.25962611,59.02687723,44.41740651,5,105,220.5605476
1/10/2012 0:00,2,1,2.963228589,114.3417674,30.05192864,42,16,108.999006
1/10/2012 1:00,4,3,25.81928826,45.33795333,13.40081468,29,6,91.07829635
1/10/2012 2:00,4,4,89.10986487,189.6530145,66.72832185,38,45,138.2573545
1/10/2012 3:00,3,2,17.4404453,74.71097671,47.21209231,49,177,243.2393717
1/10/2012 4:00,2,3,6.305114757,80.02287645,41.34764466,31,9,118.2934571
1/10/2012 5:00,3,4,15.20041807,78.71150515,32.90656491,16,15,104.6230888
1/10/2012 6:00,1,3,15.51741178,88.63253547,21.15128054,12,0,64.33388827
1/10/2012 7:00,1,3,16.36032585,113.381612,29.2635796,45,136,289.3634425
1/10/2012 8:00,1,3,16.79940883,106.5211645,38.38969041,40,12,94.3839573
1/10/2012 9:00,1,2,1.906071888,122.3502054,51.78261633,12,188,203.6198044
1/10/2012 10:00,3,2,5.41871264,89.12812062,36.47448921,5,175,292.5930886
1/10/2012 11:00,1,1,,,,21,143,249.8733862
1/10/2012 12:00,2,1,6.97969821,119.6964236,10.75263892,32,168,274.3345691
1/10/2012 13:00,4,4,,,,32,29,106.3831853
1/10/2012 14:00,4,3,3.488106257,102.1467617,40.04144813,3,71,139.8425363
1/10/2012 15:00,1,4,,,,13,182,212.7816961
1/10/2012 16:00,1,1,10.61196387,103.2707112,31.18312285,49,10,107.8520269
1/10/2012 17:00,1,2,-5.612666406,113.3990518,42.69229881,47,112,187.5086764
1/10/2012 18:00,3,1,24.47794414,74.52554719,23.45588136,34,179,276.4893417
1/10/2012 19:00,4,4,19.29250403,66.12625734,39.8835095,26,74,183.3502734
1/10/2012 20:00,1,1,20.39634552,68.26427935,36.1713802,5,47,76.23079466
1/10/2012 21:00,2,4,4.501473483,90.11720732,30.93251486,0,6,83.42027608
1/10/2012 22:00,1,4,12.87727681,55.60793313,52.35298674,42,181,284.6787036
1/10/2012 23:00,4,4,13.63228968,92.3135323,42.20504949,27,0,103.2152022
1/11/2012 0:00,1,4,27.14340841,71.30411779,26.51818096,28,86,162.4462775
1/11/2012 1:00,4,1,20.72211039,63.37820119,47.03222392,31,31,138.846887
1/11/2012 2:00,1,4,14.41534865,79.25697549,44.20206303,27,61,122.8656472
1/11/2012 3:00,2,4,17.78566024,85.15364044,47.72542301,26,142,173.2857152
1/11/2012 4:00,1,3,0.492500495,58.4474871,40.62003402,9,91,112.1487666
1/11/2012 5:00,2,4,-5.695377102,89.05843825,23.9385414,17,188,245.6972006
1/11/2012 6:00,2,1,16.46352214,110.4481613,24.02956803,3,77,87.41796378
1/11/2012 7:00,1,4,1.071440736,62.09670527,39.05042286,37,76,215.3183383
1/11/2012 8:00,2,2,0.234435461,63.85803763,13.76751363,40,183,276.3357341
1/11/2012 9:00,3,2,20.80301999,98.77129289,47.42121575,41,33,157.4123687
1/11/2012 10:00,1,4,4.973053513,59.32192381,26.53054303,31,147,257.459779
1/11/2012 11:00,1,2,12.43560415,46.17612601,39.0413961,4,117,177.0537944
1/11/2012 12:00,2,2,18.65327531,98.2801206,33.19072337,21,23,205.9707963
1/11/2012 13:00,2,1,5.965303083,65.692216,34.27708782,47,27,217.7177849
1/11/2012 14:00,1,3,,,,21,10,128.658798
1/11/2012 15:00,3,2,-2.570764627,119.3060462,38.35338027,1,157,186.7599761
1/11/2012 16:00,2,2,-14.34313153,207.4512629,82.16288383,40,37,175.9182654
1/11/2012 17:00,2,3,-14.8009447,421.3423692,43.63187318,42,128,173.4869262
1/11/2012 18:00,4,3,-1.567672149,60.48638145,48.01206606,33,120,250.8589466
1/11/2012 19:00,3,2,10.48580033,101.227796,52.56313116,49,196,224.28657
1/11/2012 20:00,3,4,6.20404364,77.58187361,15.50781984,1,160,207.4152113
1/11/2012 21:00,1,2,20.6156557,51.15021348,21.34181286,45,108,245.2713331
1/11/2012 22:00,3,4,20.24105575,103.9925,22.03391396,35,64,166.5673187
1/11/2012 23:00,1,4,21.50712724,110.0317918,54.02555425,39,171,221.6677972
1/12/2012 0:00,4,4,12.22235547,53.79295037,15.56223718,7,63,131.1477504
1/12/2012 1:00,3,3,0.66984768,92.4990841,14.34084907,32,8,107.6212646
1/12/2012 2:00,2,2,16.63023409,86.12611096,15.77650358,32,31,125.2098825
1/12/2012 3:00,4,2,,,,3,53,99.86170392
1/12/2012 4:00,1,1,,,,17,124,222.7463503
1/12/2012 5:00,4,3,20.13265455,45.61983007,27.81848809,18,25,133.4550702
1/12/2012 6:00,1,1,6.350262545,64.42089991,14.80011532,9,61,121.495851
1/12/2012 7:00,4,1,2.297967895,77.39996837,36.6554224,49,108,258.7250431
1/12/2012 8:00,1,4,23.34820825,118.6858182,19.6245487,41,169,261.4614359
1/12/2012 9:00,3,3,,,,40,175,256.4687013
1/12/2012 10:00,2,1,6.346700773,84.32357835,51.93948258,29,133,258.8843217
1/12/2012 11:00,1,2,7.66879938,47.66622254,51.51649452,21,117,233.8036151
1/12/2012 12:00,4,1,13.69701511,91.68777628,55.81339982,38,29,104.6015784
1/12/2012 13:00,1,3,20.93763751,90.84017741,31.05771882,37,150,220.2612483
1/12/2012 14:00,1,2,,,,0,102,211.1642694
1/12/2012 15:00,1,2,60.89935625,431.3117847,187.1472188,29,24,106.1668254
1/12/2012 16:00,4,2,25.26551033,52.15346896,18.20242841,4,140,200.3592327
1/12/2012 17:00,2,4,4.706261435,56.75227531,19.73344004,46,152,246.7072285
1/12/2012 18:00,3,2,24.32433065,125.9806686,20.31432811,25,16,136.9369823
1/12/2012 19:00,2,4,21.11921948,62.99289033,56.00871519,45,107,272.6278223
1/12/2012 20:00,1,4,3.730289818,98.12883684,44.28045846,30,26,114.4163109
1/12/2012 21:00,4,1,15.92727412,97.79189249,13.32867038,38,138,304.862423
1/12/2012 22:00,2,1,5.985526913,95.82238524,12.10133203,40,133,212.7095986
1/12/2012 23:00,1,2,18.28008165,64.87338562,48.44497491,11,78,136.8748423
1/13/2012 0:00,3,3,,,,16,36,128.5656241
1/13/2012 1:00,3,2,,,,17,111,159.8773818
1/13/2012 2:00,3,1,18.60489473,51.24932637,18.18604231,1,105,182.2075953
1/13/2012 3:00,1,2,18.38580341,108.4791989,30.95002333,48,199,287.8605218
1/13/2012 4:00,4,1,6.90409191,82.37109397,36.76807549,23,119,152.1057458
1/13/2012 5:00,2,2,0.648401792,76.06067119,53.95246204,27,164,195.168588
1/13/2012 6:00,3,3,-4.437494032,64.43506103,16.29319965,38,58,142.744149
1/13/2012 7:00,1,2,12.17385819,122.1430435,32.02298882,9,9,87.00040414
1/13/2012 8:00,1,3,25.27017182,89.34206176,14.83156639,46,0,61.65056995
1/13/2012 9:00,2,3,,,,32,51,144.8582285
1/13/2012 10:00,3,2,6.41848193,128.5531247,18.81622341,23,145,229.9573755
1/13/2012 11:00,1,3,14.70912645,94.5936629,46.7516488,10,86,147.4997144
1/13/2012 12:00,2,3,,,,7,4,39.75583397
1/13/2012 13:00,4,1,5.53959795,192.8969712,114.9105698,26,127,216.7646326
1/13/2012 14:00,4,1,11.57564745,113.9979008,27.37327839,25,101,178.3017457
1/13/2012 15:00,4,3,8.651073755,71.9214151,50.10926818,11,117,214.0384316
1/13/2012 16:00,3,4,12.89280319,102.3781986,45.00900514,34,116,167.8162606
1/13/2012 17:00,2,2,24.16880982,113.9814532,10.98622268,14,102,176.0337436
1/13/2012 18:00,2,3,,,,20,92,130.4738569
1/13/2012 19:00,1,2,15.64559852,73.79122553,36.70900451,36,47,132.531298
1/13/2012 20:00,1,1,3.154927793,102.2371505,29.50678154,29,32,84.80550073
1/13/2012 21:00,1,2,27.67411825,47.11576508,21.47338832,4,184,217.1539205
1/13/2012 22:00,2,3,21.37329696,98.77506886,46.96186068,16,102,174.5713246
1/13/2012 23:00,1,3,21.61896582,39.78333629,15.12027077,25,24,88.73234616
1/14/2012 0:00,2,3,24.20407257,453.1707612,236.5439099,33,43,176.7164206
1/14/2012 1:00,2,3,14.38628114,68.92667488,7.554031466,32,90,214.1049744
1/14/2012 2:00,4,4,16.11792973,89.51287925,12.71601278,17,120,217.8870681
1/14/2012 3:00,1,4,5.257410242,50.0892739,23.71503752,24,110,214.3076473
1/14/2012 4:00,4,4,16.36312444,51.24392754,33.90958386,40,65,165.6813987
1/14/2012 5:00,3,3,,,,29,127,251.9318749
1/14/2012 6:00,3,4,-0.860861193,86.62084429,43.58544674,36,195,278.9812375
1/14/2012 7:00,3,2,-4.414052671,48.81110891,25.47899731,19,152,291.3982204
1/14/2012 8:00,2,3,79.41597612,426.090027,44.93171965,44,172,244.5658734
1/14/2012 9:00,2,1,,,,1,22,45.98142031
1/14/2012 10:00,2,3,,,,12,99,126.0115475
1/14/2012 11:00,1,2,17.84972008,80.13253672,38.56993183,39,168,227.2493722
1/14/2012 12:00,4,4,,,,41,86,135.0093096
1/14/2012 13:00,2,3,20.02273181,58.87985507,13.4939482,19,119,201.3275079
1/14/2012 14:00,4,4,16.95491373,88.3358459,22.23597951,5,160,247.5339106
1/14/2012 15:00,4,3,26.44097088,82.11178131,24.66614808,10,120,187.9580327
1/14/2012 16:00,4,2,,,,45,27,87.38985371
1/14/2012 17:00,1,3,21.29758466,66.52329971,33.1984132,24,7,73.87288147
1/14/2012 18:00,1,4,-1.609930855,45.8230513,6.075993279,41,156,279.2225438
1/14/2012 19:00,3,4,3.013485897,44.33046312,27.77046266,9,111,166.7348156
1/14/2012 20:00,3,2,,,,30,183,246.055966
1/14/2012 21:00,4,3,12.22690714,63.49314147,19.04524255,42,142,195.6086193
1/14/2012 22:00,3,1,25.54027594,103.4051034,29.74782608,3,14,61.3545936
1/14/2012 23:00,4,3,10.75135856,72.09400361,24.1868568,24,36,95.97479812
1/15/2012 0:00,1,2,,,,27,146,227.4752674
1/15/2012 1:00,1,1,3.777199807,55.17926901,12.40094299,23,106,200.3726436
1/15/2012 2:00,1,2,6.823673657,90.9233102,35.05506765,34,186,268.621936
1/15/2012 3:00,2,3,22.29243864,67.04074884,41.72355555,40,178,280.6551194
1/15/2012 4:00,4,1,8.512963334,92.86232272,28.13777773,4,119,194.2859005
1/15/2012 5:00,1,2,22.16204685,100.2007536,43.55512929,32,84,136.2463342
1/15/2012 6:00,4,4,4.99745338,101.256196,17.34252839,10,162,285.7367126
1/15/2012 7:00,3,1,27.65035716,64.32849493,14.37342234,7,117,158.9275308
1/15/2012 8:00,3,1,,,,20,91,183.681946
1/15/2012 9:00,1,2,,,,31,35,89.12064437
1/15/2012 10:00,4,4,0.650983482,121.0032544,31.60305744,4,180,244.5193789
1/15/2012 11:00,1,1,12.12216524,110.160484,54.53083601,33,79,173.6320014
1/15/2012 12:00,3,2,26.54376064,88.54995217,28.08850514,8,11,126.0179788
1/15/2012 13:00,1,1,23.60306745,123.5351188,8.471525543,37,27,114.2814001
1/15/2012 14:00,4,1,1.551209265,94.99180606,54.69247774,42,198,336.2590418
1/15/2012 15:00,3,1,28.84777756,261.0718325,30.79703757,31,32,129.0037027
1/15/2012 16:00,2,4,11.88532852,60.59062952,42.9080275,9,74,195.8681787
1/15/2012 17:00,3,3,0.986969286,79.79239852,24.72024391,11,78,92.91701689
1/15/2012 18:00,2,3,18.395582,114.972454,31.13111291,34,182,287.8001134
1/15/2012 19:00,1,4,3.831907625,115.1666744,37.37068007,38,78,93.1632497
1/15/2012 20:00,1,4,10.09898924,88.10649947,28.84281154,17,49,121.6230804
1/15/2012 21:00,4,2,17.83452372,78.80607058,46.32259102,22,28,138.0100232
1/15/2012 22:00,2,1,10.77272604,89.00679538,56.43838935,11,57,168.7638543
1/15/2012 23:00,1,4,21.39676225,102.1453549,12.59839529,30,25,134.5691976
1/16/2012 0:00,2,2,20.94116032,67.38991383,48.24711379,10,22,80.70872187
1/16/2012 1:00,1,3,-2.856323093,90.35757032,13.667978,33,16,122.7945947
1/16/2012 2:00,3,3,,,,26,132,290.9471608
1/16/2012 3:00,1,3,3.432427687,125.4470531,55.00854421,20,58,137.7324156
1/16/2012 4:00,4,3,10.13827506,111.7864929,33.53142742,9,143,238.3173319
1/16/2012 5:00,3,2,-2.38089758,48.53135319,13.65473113,12,102,158.6208682
1/16/2012 6:00,4,1,1.725221214,51.528851,37.50246843,44,93,226.6294832
1/16/2012 7:00,3,2,4.467569463,107.5073751,19.92170731,46,148,278.7135543
1/16/2012 8:00,2,1,34.32557403,409.7255547,126.634237,24,4,67.23170607
1/16/2012 9:00,4,3,25.49130321,75.27985242,38.57873449,12,185,277.8815544
1/16/2012 10:00,1,4,21.20662913,84.59023219,50.58624759,40,25,147.3211564
1/16/2012 11:00,2,4,29.7156931,109.4414615,8.488632548,5,170,254.7912041
1/16/2012 12:00,1,4,14.97984082,112.6914132,18.35610662,34,111,201.3738414
1/16/2012 13:00,3,1,4.322528355,116.3289547,11.79604363,27,125,246.4962986
1/16/2012 14:00,3,3,3.311426322,72.41970334,12.66018359,19,186,234.5910971
1/16/2012 15:00,1,2,5.06801634,104.0374632,54.25254612,19,85,161.9466371
1/16/2012 16:00,1,4,5.937745708,53.43644355,53.92330124,40,185,286.0116245
1/16/2012 17:00,2,1,18.8276225,114.4493483,43.63625666,3,108,203.8261052
1/16/2012 18:00,1,4,,,,19,1,48.70604192
1/16/2012 19:00,4,2,9.695818959,104.495312,50.56260764,4,43,111.9485489
1/16/2012 20:00,4,3,4.395612567,370.043968,43.69182686,21,105,168.9611132
1/16/2012 21:00,1,2,-3.145030511,102.3308217,15.45834658,23,153,237.0301086
1/16/2012 22:00,4,3,3.620181281,88.37298814,26.14853895,43,108,220.5307672
1/16/2012 23:00,1,3,-1.006828963,47.18711984,48.83394076,16,43,78.42462869
1/17/2012 0:00,2,3,19.26050254,99.04453573,30.45727818,4,146,245.714699
1/17/2012 1:00,4,4,-3.477898713,81.26456057,33.99284837,25,48,143.6433058
1/17/2012 2:00,4,2,17.79886356,63.7545082,19.48067506,35,90,157.0659793
1/17/2012 3:00,1,4,7.177937371,126.3659694,41.2437752,7,80,134.6039922
1/17/2012 4:00,4,2,-2.260983819,95.58412502,52.47916486,8,184,294.680785
1/17/2012 5:00,3,1,94.54392475,363.0083109,98.57579917,16,133,219.3459554
1/17/2012 6:00,2,1,15.28445948,91.30692587,38.4665128,7,150,185.9395856
1/17/2012 7:00,2,2,4.114697507,107.0791847,24.73040514,4,81,119.3963897
1/17/2012 8:00,4,2,,,,9,42,127.6608806
1/17/2012 9:00,4,2,-0.902333397,89.71860173,32.67198793,49,43,172.276577
1/17/2012 10:00,3,2,2.049551704,122.8451159,23.37257726,13,65,146.8342835
1/17/2012 11:00,3,3,18.22707565,81.19929894,29.92148505,26,44,119.2200442
1/17/2012 12:00,4,4,18.50155963,87.92670854,10.39636667,26,18,126.2700814
1/17/2012 13:00,4,3,,,,4,3,55.638496
1/17/2012 14:00,3,4,1.257866041,70.81853601,55.283574,14,96,142.3701454
1/17/2012 15:00,1,4,24.72765885,86.12696826,30.07068433,27,97,229.6250006
1/17/2012 16:00,3,4,4.935504878,118.8211359,16.72944301,4,95,171.7061388
1/17/2012 17:00,1,3,,,,21,184,239.5142317
1/17/2012 18:00,2,2,13.43677115,75.75163552,30.38998882,11,136,209.1013348
1/17/2012 19:00,2,3,26.06387761,75.66409294,19.74454004,41,100,199.9082436
1/17/2012 20:00,3,3,-0.191029698,34.62687376,8.608194032,7,47,101.607632
1/17/2012 21:00,1,4,19.4664278,114.9945889,53.57384187,0,163,228.1274136
1/17/2012 22:00,3,1,11.28929305,60.54348123,46.34179306,34,194,258.280862
1/17/2012 23:00,3,1,7.392623285,58.46309164,49.8655111,15,17,116.3616842
1/18/2012 0:00,1,3,19.49892354,113.3981385,28.83981188,29,39,125.9834473
1/18/2012 1:00,3,4,26.29127092,71.53032848,44.27841717,42,193,244.9004691
1/18/2012 2:00,2,3,1.322627062,101.4742785,36.19979777,40,64,155.3553629
1/18/2012 3:00,4,3,1.04229386,116.1933472,27.10596483,9,151,199.7397789
1/18/2012 4:00,4,2,25.29877497,114.5446504,48.51699449,33,180,181.5194421
1/18/2012 5:00,3,4,,,,10,113,176.5730768
1/18/2012 6:00,1,1,12.00267223,54.30009329,51.75252044,19,169,277.3667245
1/18/2012 7:00,1,1,56.84827415,175.2919802,188.2228876,42,52,149.0448393
1/18/2012 8:00,2,1,21.54426676,65.78000037,45.53873854,6,61,146.5395243
1/18/2012 9:00,1,3,18.78532116,50.66875132,42.44398666,20,189,267.5659808
1/18/2012 10:00,1,4,22.21216339,76.37476566,49.5318928,10,195,249.635948
1/18/2012 11:00,2,2,,,,36,125,197.3949828
1/18/2012 12:00,3,1,,,,22,113,154.8751538
1/18/2012 13:00,4,4,15.08803609,71.36391781,45.69537869,43,162,291.1479423
1/18/2012 14:00,2,1,8.716192464,84.5782492,54.82390043,30,184,294.3134378
1/18/2012 15:00,3,2,15.18932778,67.42462542,24.00140296,17,60,127.0582367
1/18/2012 16:00,2,4,8.942243686,64.39295545,45.77321297,23,139,159.6950497
1/18/2012 17:00,3,3,1.145585354,100.4149449,21.92990149,21,48,141.6015693
1/18/2012 18:00,2,3,7.352567829,99.36958446,56.50690807,36,149,216.3117907
1/18/2012 19:00,3,1,,,,46,89,197.7876406
1/18/2012 20:00,2,1,20.49904331,112.946108,34.83990125,43,67,122.2498419
1/18/2012 21:00,3,4,14.72125465,105.6511745,46.16398138,0,70,131.263313
1/18/2012 22:00,2,2,-0.21524009,106.7476268,49.43130753,49,150,253.5799388
1/18/2012 23:00,4,1,5.530523905,48.01866067,53.99521343,5,94,85.24405712
1/19/2012 0:00,4,4,21.53647863,52.66266009,53.08520754,37,134,278.090469
1/19/2012 1:00,1,2,9.796625522,109.3422689,9.849715748,28,125,201.797023
1/19/2012 2:00,3,1,,,,42,21,113.805858
1/19/2012 3:00,2,1,8.880541543,70.70478186,49.02907603,10,102,186.6405064
1/19/2012 4:00,3,4,,,,15,39,111.0963599
1/19/2012 5:00,4,1,23.43473924,66.75340037,22.41351468,5,146,220.5519919
1/19/2012 6:00,3,3,,,,0,52,76.31733285
1/19/2012 7:00,2,2,50.19077751,227.0325581,110.1211682,47,29,130.3995957
1/19/2012 8:00,3,2,6.334641742,75.79550605,28.37656446,34,153,188.4017726
1/19/2012 9:00,2,3,-2.202615582,56.66302599,45.21169787,23,122,196.5681326
1/19/2012 10:00,4,4,,,,37,168,307.0658575
1/19/2012 11:00,4,3,11.17050294,108.4756577,18.98605971,2,119,134.5505123
1/19/2012 12:00,4,3,,,,39,149,236.2239602
1/19/2012 13:00,1,2,15.68299316,104.0745198,14.8496031,1,60,56.04478106
1/19/2012 14:00,4,4,89.78403151,208.2413275,186.1297623,14,72,145.0174549
1/19/2012 15:00,3,1,,,,21,45,138.7806314
1/19/2012 16:00,1,3,16.20689275,106.6846057,38.99910795,45,57,172.3160215
1/19/2012 17:00,4,3,,,,45,28,113.7720764
1/19/2012 18:00,3,4,6.516447769,59.05576735,22.17389973,3,52,49.51940862
1/19/2012 19:00,3,3,12.84364294,62.00872373,30.39130416,23,145,189.6141323
1/19/2012 20:00,3,4,27.62182024,57.64791304,50.08761192,18,158,272.5715752
1/19/2012 21:00,2,1,3.634530158,58.71424526,36.82867085,29,31,145.2631062
1/19/2012 22:00,1,4,22.7174629,49.37818911,8.048411232,21,8,85.16998814
1/19/2012 23:00,3,1,0.789822656,68.13431704,49.1083066,38,36,137.7954197
1/20/2012 0:00,2,4,8.451689169,86.29096782,9.68329987,47,7,82.11452565
1/20/2012 1:00,4,3,5.970018916,121.8325619,54.70628927,39,151,287.6785548
1/20/2012 2:00,3,1,13.78489162,58.30453414,18.85472794,26,67,130.4015747
1/20/2012 3:00,2,3,-0.088384057,120.5413548,32.47093194,14,51,137.1108396
1/20/2012 4:00,3,1,103.468819,398.4451327,46.72728673,36,45,100.1720468
1/20/2012 5:00,1,4,21.28793444,118.5060773,34.71396836,0,16,69.67941926
1/20/2012 6:00,1,4,18.24634793,126.0431976,31.83830843,11,20,127.495286
1/20/2012 7:00,4,4,7.502197614,103.4140673,29.37664503,8,47,85.65073595
1/20/2012 8:00,3,2,,,,18,8,107.5560261
1/20/2012 9:00,2,2,22.10012058,81.26997822,51.72164212,17,196,239.6689066
1/20/2012 10:00,4,1,10.81860992,84.01794204,46.51521233,38,4,74.05116278
1/20/2012 11:00,3,2,16.63092462,113.571897,40.38823186,10,5,73.85585103
1/20/2012 12:00,4,4,10.30223424,77.23338763,35.17253441,10,199,297.2909418
1/20/2012 13:00,2,2,,,,29,175,254.2128119
1/20/2012 14:00,4,2,6.659497298,108.0575836,14.02402072,19,45,141.7322961
1/20/2012 15:00,4,3,12.00529947,86.89280353,55.53359658,14,96,203.515766
1/20/2012 16:00,4,1,-0.680509507,113.1485873,22.13163658,24,111,171.0739336
1/20/2012 17:00,3,1,7.299809505,44.989562,40.15504041,48,100,161.4701204
1/20/2012 18:00,2,1,20.07236109,91.10642249,39.83655275,2,190,240.5763343
1/20/2012 19:00,1,2,22.82677007,64.16054289,39.65964822,42,130,269.4511784
1/20/2012 20:00,3,4,26.8178307,126.5342489,51.48904217,25,158,217.8955479
1/20/2012 21:00,1,3,10.18610823,58.28933453,23.61232267,44,122,255.740505
1/20/2012 22:00,1,1,13.38503181,118.4212292,43.87509695,27,102,180.4337619
1/20/2012 23:00,3,2,0.009797026,59.76071904,35.30073681,5,134,251.011919
1/21/2012 0:00,3,4,19.29235479,65.62956985,12.86822976,45,15,186.7050102
1/21/2012 1:00,2,3,-1.138989603,64.62343793,27.78629412,31,91,212.3030297
1/21/2012 2:00,2,3,5.388188225,79.36758876,50.67956407,10,121,140.9778892
1/21/2012 3:00,4,1,14.7150953,100.8188601,23.73344848,12,142,141.2959486
1/21/2012 4:00,1,1,5.592543541,61.16595412,30.86564014,16,6,83.24496956
1/21/2012 5:00,2,4,-3.141628106,89.51710559,32.95925455,45,98,229.6260127
1/21/2012 6:00,4,2,22.6155872,59.90946636,38.41414349,45,111,230.473686
1/21/2012 7:00,2,4,4.219872276,111.6027385,51.04931392,35,165,237.7524845
1/21/2012 8:00,3,1,1.445023352,50.88513143,15.55769748,29,135,178.8976023
1/21/2012 9:00,2,4,-4.212343501,73.26295333,31.42849373,3,183,273.3878158
1/21/2012 10:00,1,2,12.31997923,351.9876345,121.467155,13,97,225.268968
1/21/2012 11:00,2,3,5.599992067,126.5805171,21.80060605,45,128,212.4262795
1/21/2012 12:00,1,3,19.26870442,112.7762121,53.88362036,27,146,257.301289
1/21/2012 13:00,3,3,3.932618155,115.8337316,8.16895471,6,18,161.6498987
1/21/2012 14:00,1,3,21.49391487,51.64887025,13.11145426,15,86,154.8872466
1/21/2012 15:00,2,1,1.188386216,111.88592,43.09244398,13,3,70.51128331
1/21/2012 16:00,4,1,10.04083184,98.5876879,23.65138629,36,191,303.4048229
1/21/2012 17:00,3,2,15.37423506,115.0672918,44.06147373,38,129,218.0993384
1/21/2012 18:00,2,2,,,,48,22,169.8239082
1/21/2012 19:00,3,2,62.74492269,453.1728558,89.82422406,26,183,256.5437444
1/21/2012 20:00,3,2,,,,29,106,193.7495581
1/21/2012 21:00,2,4,,,,14,81,111.424772
1/21/2012 22:00,2,2,12.97518052,79.91028515,18.11356122,38,178,268.6476881
1/21/2012 23:00,4,3,21.93352631,69.6714022,23.16817101,41,80,150.5049061
1/22/2012 0:00,3,3,-2.576355856,87.35479595,52.2361279,17,158,245.1313315
1/22/2012 1:00,3,3,,,,10,57,76.83957511
1/22/2012 2:00,2,4,,,,21,163,273.1803111
1/22/2012 3:00,1,2,12.09821221,92.72384778,52.4875743,45,11,89.66564822
1/22/2012 4:00,2,3,8.338081649,109.3349761,10.74026084,3,120,236.3418696
1/22/2012 5:00,3,3,1.809057342,69.94872157,41.23204818,2,162,264.9579131
1/22/2012 6:00,2,3,13.72162096,120.249846,16.89570574,23,3,101.9217515
1/22/2012 7:00,4,3,17.9407893,93.37195998,10.23506109,13,27,53.729902
1/22/2012 8:00,1,1,2.435344872,60.74436314,45.25553114,2,32,75.05015406
1/22/2012 9:00,2,2,8.067190936,105.4592005,32.50763718,30,73,136.0153772
1/22/2012 10:00,4,2,14.09137603,61.5835181,37.58524233,34,158,228.7875127
1/22/2012 11:00,3,4,21.62431254,47.1504247,28.27978321,30,4,141.2421346
1/22/2012 12:00,2,1,71.08628421,330.742116,50.30403092,11,9,75.37653114
1/22/2012 13:00,3,4,21.2799019,91.59052098,45.55326882,9,152,201.23722
1/22/2012 14:00,4,3,,,,19,168,224.5531531
1/22/2012 15:00,3,4,4.557454074,70.31444899,11.19561619,17,16,77.05262116
1/22/2012 16:00,4,3,,,,43,188,307.0036682
1/22/2012 17:00,4,3,21.43147323,64.74094955,35.79282562,35,59,105.2297147
1/22/2012 18:00,4,2,9.015359901,58.77806305,40.2422809,18,32,113.0051409
1/22/2012 19:00,2,2,23.81949109,125.8734847,38.50364945,16,136,224.7835572
1/22/2012 20:00,3,2,27.07425815,71.54525745,40.67826502,39,177,224.0335952
1/22/2012 21:00,3,2,-5.860823357,109.3183708,55.32474902,10,158,185.5861235
1/22/2012 22:00,1,2,-0.757426034,63.93538082,25.2918766,4,132,194.6981204
1/22/2012 23:00,1,1,2.303010102,95.1210474,35.52475439,36,173,312.3762429
1/23/2012 0:00,1,2,8.603082151,78.14645666,41.76055114,44,110,250.2460432
1/23/2012 1:00,1,4,2.749730913,121.8477677,36.82974989,35,131,207.9275553
1/23/2012 2:00,3,3,,,,44,30,176.4777643
1/23/2012 3:00,4,2,-1.593682993,92.56582024,37.47383411,47,3,100.6277861
1/23/2012 4:00,4,1,3.382896503,123.1192843,40.67069484,43,122,215.3878701
1/23/2012 5:00,2,4,3.404496479,120.4943433,37.40693046,13,17,93.07204364
1/23/2012 6:00,4,4,28.90993822,46.96475456,18.21315864,27,81,193.4530415
1/23/2012 7:00,3,3,15.14761188,116.1934607,33.4686195,8,33,83.01667709
1/23/2012 8:00,3,4,22.90122873,81.24311816,50.02785099,37,47,132.362686
1/23/2012 9:00,3,4,24.81431317,97.51121132,50.66286905,28,62,112.876692
1/23/2012 10:00,2,4,12.2378542,76.97843335,47.12771429,24,13,107.8700842
1/23/2012 11:00,1,4,1.975301548,82.14024542,41.71013118,7,89,184.3570462
1/23/2012 12:00,4,1,3.727387835,62.50182436,17.37590091,47,86,223.2132086
1/23/2012 13:00,3,3,5.462094593,95.9933909,29.61475449,18,32,69.39465884
1/23/2012 14:00,3,2,19.41063339,85.68811279,12.07682206,1,80,129.9228
1/23/2012 15:00,1,4,-22.74385198,201.2463329,197.1826427,5,169,271.7913671
1/23/2012 16:00,3,1,0.619330737,87.66413998,23.7375142,29,127,223.4100522
1/23/2012 17:00,4,3,17.20726241,124.0406622,45.85459314,1,159,221.4857804
1/23/2012 18:00,2,2,18.01638514,102.2285815,49.13840267,18,111,189.7963077
1/23/2012 19:00,3,3,17.80528433,75.39534785,52.75891331,12,98,186.7417556
1/23/2012 20:00,4,1,8.703518538,128.2078828,45.70309388,48,114,231.0931775
1/23/2012 21:00,3,1,101.3289827,327.4109124,154.50851,7,170,220.2718354
1/23/2012 22:00,1,1,16.96725493,57.99420594,38.75363029,8,184,278.9829253
1/23/2012 23:00,3,4,-1.632305007,96.36407271,22.96148576,22,142,188.4823281
1/24/2012 0:00,3,1,23.1835773,49.10711819,16.65109375,36,49,185.2503653
1/24/2012 1:00,2,2,25.53844554,105.2041698,16.35237892,7,115,155.7257723
1/24/2012 2:00,1,4,-1.334910526,121.8077204,17.50077442,8,70,155.0588762
1/24/2012 3:00,1,3,5.794932667,73.57243192,53.27563917,15,62,132.6970817
1/24/2012 4:00,2,2,11.19197632,80.31723247,14.86871771,15,69,130.3664417
1/24/2012 5:00,3,4,-0.469411062,87.36103055,45.16817237,11,136,248.4027219
1/24/2012 6:00,4,1,22.24097633,72.60334994,18.0227338,24,140,246.9806093
1/24/2012 7:00,1,3,3.465881375,114.7469388,55.9311993,10,103,171.9427308
1/24/2012 8:00,1,1,19.73800894,96.0930785,27.17246242,17,145,275.08427
1/24/2012 9:00,3,2,16.46717919,44.57133448,30.3064907,12,162,264.1394753
1/24/2012 10:00,3,2,15.28648655,103.160445,29.7872227,34,0,70.6005656
1/24/2012 11:00,1,4,-0.312943596,53.79262977,50.52590617,17,124,133.9723318
1/24/2012 12:00,3,2,,,,42,113,219.0065058
1/24/2012 13:00,4,3,-0.692448651,76.78001699,49.47849374,29,35,166.3235557
1/24/2012 14:00,1,4,2.792433829,94.77111195,40.55593464,42,194,315.1560703
1/24/2012 15:00,4,3,9.67995951,50.89981526,19.10328796,36,45,189.0734113
1/24/2012 16:00,4,1,22.61503185,84.15208509,10.50691064,29,164,235.9230766
1/24/2012 17:00,3,3,9.381611787,106.6097445,46.50589327,2,199,258.3737125
1/24/2012 18:00,4,3,22.64306982,89.36415281,20.34256876,28,121,207.1201777
1/24/2012 19:00,3,2,,,,24,81,173.1630642
1/24/2012 20:00,2,1,19.58991496,92.27196754,13.0712902,1,156,240.9677253
1/24/2012 21:00,3,2,28.22589904,126.7506693,39.77474442,46,43,198.9335594
1/24/2012 22:00,4,1,5.415129096,132.5109578,42.38629375,4,92,212.2613365
1/24/2012 23:00,2,1,22.69505205,81.71139072,39.09307547,30,67,207.9956864
1/25/2012 0:00,3,3,18.6362419,95.81599151,23.86963511,4,75,160.0890632
1/25/2012 1:00,4,2,21.30245325,115.2302824,51.70909741,20,76,146.7680346
1/25/2012 2:00,1,3,73.01351894,231.7175183,189.906191,47,141,255.8297548
1/25/2012 3:00,1,3,9.976626757,116.5938191,34.33342134,48,77,205.7278901
1/25/2012 4:00,3,3,2.18861735,90.56337135,36.96676634,25,178,268.1410677
1/25/2012 5:00,3,1,-0.523397803,103.1737973,36.47519287,6,85,124.6933275
1/25/2012 6:00,1,2,16.08858064,50.16200446,55.26347946,29,8,84.25415197
1/25/2012 7:00,4,2,27.82862838,112.4929588,53.00452064,33,113,233.1847187
1/25/2012 8:00,4,3,19.43445265,71.08097182,18.18675166,27,80,160.7666103
1/25/2012 9:00,4,1,6.732427873,104.6393172,20.76853028,13,87,161.9050076
1/25/2012 10:00,3,2,22.72133572,83.83161887,57.24318867,17,68,143.8453669
1/25/2012 11:00,2,4,,,,43,161,238.4502368
1/25/2012 12:00,2,2,6.915365528,120.4882006,57.67429344,16,105,177.0963175
1/25/2012 13:00,2,3,-2.983194879,108.1398299,41.45608248,24,64,135.5181565
1/25/2012 14:00,2,4,,,,5,26,71.5167062
1/25/2012 15:00,2,1,,,,4,167,200.5399134
1/25/2012 16:00,3,4,20.34710129,101.599004,31.67301677,20,135,213.2893595
1/25/2012 17:00,3,4,6.46160965,98.37770497,51.37300032,38,5,122.8708459
1/25/2012 18:00,2,3,1.506200672,93.59008016,25.72057683,49,52,195.9614451
1/25/2012 19:00,3,2,22.02753832,48.06420242,23.25765707,19,132,170.5379237
1/25/2012 20:00,3,1,26.72682203,67.73509374,56.1097198,10,181,300.5727934
1/25/2012 21:00,2,4,22.14489578,115.6590046,12.57492864,4,116,190.1873823
1/25/2012 22:00,4,3,14.66338,76.76101777,37.95318995,37,145,209.6065068
1/25/2012 23:00,3,2,5.185240115,114.6708246,33.69562982,38,198,285.3247972
1/26/2012 0:00,4,4,15.90872945,57.57319925,10.49274323,34,163,202.1325358
1/26/2012 1:00,3,3,7.132038939,131.0439659,11.80936092,34,96,142.8197461
1/26/2012 2:00,3,3,21.4798347,101.9899668,26.93337751,24,127,264.1336511
1/26/2012 3:00,2,3,,,,29,53,122.5302872
1/26/2012 4:00,3,1,24.53737098,78.6395894,33.36495314,1,161,239.634515
1/26/2012 5:00,1,2,5.757632808,125.3246639,38.60681056,19,31,108.210451
1/26/2012 6:00,1,4,,,,35,50,147.0989295
1/26/2012 7:00,2,2,9.987761728,104.1317331,35.73322635,36,130,238.6239183
1/26/2012 8:00,4,2,,,,1,64,64.08096418
1/26/2012 9:00,4,4,16.52254259,94.40889535,14.22604738,47,84,232.1763393
1/26/2012 10:00,4,2,-3.573948829,119.0830324,20.84446191,43,12,113.6772801
1/26/2012 11:00,1,1,25.68159902,70.71752699,29.13497427,46,7,99.52868322
1/26/2012 12:00,4,4,13.36529475,113.1742509,55.05506182,26,171,272.7158218
1/26/2012 13:00,4,4,13.23091196,51.96064281,18.91848706,31,157,228.0606069
1/26/2012 14:00,2,3,20.90385195,121.8848048,29.25062159,3,7,77.9590857
1/26/2012 15:00,4,2,21.26481224,132.6741239,43.53907236,26,57,139.7693214
1/26/2012 16:00,1,4,8.890244744,79.35331751,45.59915345,29,123,235.0801798
1/26/2012 17:00,1,4,27.61730348,44.16277223,54.94635841,2,90,147.3500816
1/26/2012 18:00,1,1,,,,45,102,177.88647
1/26/2012 19:00,2,3,4.666616905,184.1253536,32.73329348,44,86,202.6759529
1/26/2012 20:00,2,4,15.26038961,76.7597597,24.74529799,26,135,214.7058935
1/26/2012 21:00,3,1,5.853726974,64.3578395,15.84956865,37,60,104.2130568
1/26/2012 22:00,4,4,8.784196559,81.48790443,35.48459885,35,180,282.7913207
1/26/2012 23:00,2,4,,,,0,198,243.7569893
1/27/2012 0:00,1,4,,,,34,75,181.2716845
1/27/2012 1:00,1,1,22.79674874,46.98500661,14.70284916,11,113,160.2661015
1/27/2012 2:00,2,2,13.59584262,100.8183714,14.84629684,34,163,222.7448829
1/27/2012 3:00,2,4,30.80400345,90.65694723,55.37903908,17,101,215.3588399
1/27/2012 4:00,2,4,,,,45,106,238.2682843
1/27/2012 5:00,3,2,7.225237363,92.17969427,54.29253023,36,93,190.7952037
1/27/2012 6:00,1,4,,,,22,73,170.1443631
1/27/2012 7:00,3,3,10.51458594,66.05058585,58.24778238,32,189,307.3425624
1/27/2012 8:00,3,4,,,,13,146,220.7432159
1/27/2012 9:00,4,3,-1.828982025,101.3060753,28.1978989,43,17,85.81251536
1/27/2012 10:00,1,2,4.66725184,46.12720197,46.19225011,0,171,242.0705933
1/27/2012 11:00,1,1,25.97471333,74.64343803,31.73900498,26,112,230.1719867
1/27/2012 12:00,2,2,17.89865041,89.18680363,21.30179029,23,147,249.9196127
1/27/2012 13:00,2,4,,,,1,1,65.92213404
1/27/2012 14:00,4,3,,,,11,29,119.1206106
1/27/2012 15:00,3,1,24.59595633,125.5543085,13.75507803,12,178,245.4834042
1/27/2012 16:00,2,4,25.68040069,105.1689736,18.31053247,26,171,290.5248941
1/27/2012 17:00,2,1,4.337004885,67.45265117,33.95378584,19,46,167.6339531
1/27/2012 18:00,1,1,6.89311313,50.79922215,55.90227839,46,42,111.3519698
1/27/2012 19:00,1,4,22.07664173,56.42925329,39.25174749,47,10,152.7344022
1/27/2012 20:00,2,2,21.83211268,81.60328464,27.9635169,36,169,334.393837
1/27/2012 21:00,1,4,25.48968446,89.03424227,21.02762137,33,18,129.0619039
1/27/2012 22:00,4,4,10.61672704,113.9857542,18.92544899,5,130,226.8259336
1/27/2012 23:00,2,2,23.96329516,107.2124655,40.92056436,7,3,52.91929238
1/28/2012 0:00,1,3,6.471427756,62.37748152,51.26937516,20,110,177.2399693
1/28/2012 1:00,4,4,21.20027768,330.6066145,119.9510584,38,165,259.0848846
1/28/2012 2:00,1,1,18.66795383,54.65150926,36.06921563,20,199,269.3157047
1/28/2012 3:00,1,4,11.84698845,89.68120198,44.10924724,44,161,228.0534907
1/28/2012 4:00,1,4,,,,5,50,112.2474026
1/28/2012 5:00,2,1,,,,40,158,285.5377843
1/28/2012 6:00,3,2,20.35429626,116.0460642,44.56427783,43,103,169.5096405
1/28/2012 7:00,1,3,4.511338944,129.3581812,42.22362479,29,82,178.8583844
1/28/2012 8:00,4,3,20.61878672,90.25937454,10.99814771,9,36,111.9570323
1/28/2012 9:00,2,1,-0.527058998,56.67288627,21.3834203,10,171,234.4831399
1/28/2012 10:00,2,2,16.01386492,79.87238161,40.56455104,0,58,135.4374873
1/28/2012 11:00,4,4,18.53238208,54.35896336,20.97470654,9,107,190.6406253
1/28/2012 12:00,1,4,9.160294469,91.67731925,51.31200646,24,104,179.4069985
1/28/2012 13:00,3,4,4.540298408,103.122984,10.07358429,15,17,126.4258512
1/28/2012 14:00,1,4,14.2379964,95.47965409,17.43351818,18,24,121.4366065
1/28/2012 15:00,4,4,22.75718364,115.5231339,23.1875633,9,137,255.8417208
1/28/2012 16:00,2,1,8.978927336,103.664514,53.7998406,46,196,302.6637956
1/28/2012 17:00,3,4,5.151379045,109.8009116,46.04423372,13,24,90.02291611
1/28/2012 18:00,2,4,3.953134862,69.72663053,52.8939765,2,83,141.4410811
1/28/2012 19:00,4,2,24.78801142,116.7487153,29.62054553,3,50,151.0637923
1/28/2012 20:00,1,4,4.368666964,102.9424455,49.56487084,39,180,277.2726108
1/28/2012 21:00,3,3,7.438375919,232.7941164,211.0395204,32,9,101.1234563
1/28/2012 22:00,2,1,22.72991529,125.0183253,28.4798973,19,176,316.6012242
1/28/2012 23:00,2,1,16.87811971,129.6607091,56.35093409,14,124,160.4569453
1/29/2012 0:00,2,1,,,,6,165,244.5151927
1/29/2012 1:00,1,3,25.84222438,122.5424935,57.48882483,43,91,194.9862142
1/29/2012 2:00,3,4,18.89493379,63.29243316,50.26630865,2,125,182.3309281
1/29/2012 3:00,1,1,9.753949544,85.2480195,45.63933827,26,112,172.2676405
1/29/2012 4:00,1,3,9.276522973,60.58792001,54.47163004,36,113,191.9702723
1/29/2012 5:00,1,2,24.32438463,83.62977964,30.08956104,28,45,123.6644806
1/29/2012 6:00,4,4,6.5589895,84.95144148,45.52662112,25,69,171.7987766
1/29/2012 7:00,4,3,5.951168181,67.52220585,19.82685016,26,10,124.5191666
1/29/2012 8:00,4,4,-2.253354249,101.5649205,45.39127038,24,82,115.601033
1/29/2012 9:00,3,2,19.86470717,62.80317558,47.37384989,39,143,208.9377655
1/29/2012 10:00,1,3,13.52650021,59.92117423,42.71285826,42,159,280.440789
1/29/2012 11:00,1,4,16.033868,72.6889734,50.05915534,29,129,239.9913203
1/29/2012 12:00,4,3,7.026949714,74.3344412,29.81966078,43,57,119.1331843
1/29/2012 13:00,1,1,13.67363435,66.89348564,36.86661465,19,84,192.2910854
1/29/2012 14:00,1,4,18.97593102,63.99314899,7.870658233,6,165,233.6627406
1/29/2012 15:00,2,3,7.254884699,80.48188442,16.81601504,28,78,191.5135101
1/29/2012 16:00,1,1,20.90090499,63.7443113,41.27215611,45,184,266.5687227
1/29/2012 17:00,2,2,9.568317543,77.43906078,36.4915719,33,76,130.4396194
1/29/2012 18:00,1,4,20.02487887,120.2103902,17.51268107,25,70,148.9002288
1/29/2012 19:00,3,4,-0.522522901,72.87914247,19.97127216,26,115,196.2510902
1/29/2012 20:00,4,2,12.91823196,112.2193884,27.40770964,43,186,282.5935526
1/29/2012 21:00,2,1,27.19353559,60.56798235,44.38535256,8,184,243.5125153
1/29/2012 22:00,4,2,28.64319346,62.95638867,40.20890167,21,66,201.0246674
1/29/2012 23:00,2,4,,,,11,14,37.26336403
1/30/2012 0:00,2,3,12.45814439,127.6000251,45.9405772,5,83,125.9309192
1/30/2012 1:00,2,1,-0.345907669,83.34120196,22.10948451,5,185,240.739223
1/30/2012 2:00,3,1,25.95418837,106.8623783,44.14534747,26,2,92.03589139
1/30/2012 3:00,1,1,14.32435162,97.98690114,13.92551267,18,57,159.6663741
1/30/2012 4:00,2,2,9.983606714,53.12012512,59.21561404,5,26,120.3164435
1/30/2012 5:00,3,2,4.225754536,427.362227,51.85796547,48,142,285.6709375
1/30/2012 6:00,2,3,25.88655217,74.10116913,44.04645533,16,187,280.838512
1/30/2012 7:00,1,3,14.11077085,56.95580387,34.0062119,28,2,41.5139251
1/30/2012 8:00,2,1,7.250460671,68.27111686,12.25821327,22,155,190.5031926
1/30/2012 9:00,3,3,5.701654086,77.20186489,10.09979573,16,174,287.8726187
1/30/2012 10:00,1,2,8.68199174,57.02263654,27.42278911,20,64,179.9524181
1/30/2012 11:00,3,3,12.02934149,105.626989,46.95561094,9,180,271.57397
1/30/2012 12:00,1,2,24.23298883,75.63944025,11.13132823,42,147,227.9049696
1/30/2012 13:00,1,3,100.7499527,322.7184435,178.9214247,7,10,70.85716119
1/30/2012 14:00,4,4,12.34522324,51.90588623,41.19615451,13,24,88.58662296
1/30/2012 15:00,4,2,25.65680913,137.3936683,22.29355587,30,190,252.8303805
1/30/2012 16:00,4,4,6.691836292,65.35717453,14.0431515,17,3,91.36355536
1/30/2012 17:00,1,2,4.276988635,96.97882272,54.50278899,46,82,256.2759739
1/30/2012 18:00,2,3,22.97266996,100.0292814,22.09451008,29,53,130.76287
1/30/2012 19:00,3,4,6.913543361,57.15605407,13.81625328,17,59,178.5547261
1/30/2012 20:00,3,3,7.987631476,67.15935232,43.3675774,24,155,216.1111301
1/30/2012 21:00,3,2,,,,48,137,202.591265
1/30/2012 22:00,4,4,2.003470879,64.6633871,32.88545949,36,163,292.3358791
1/30/2012 23:00,1,1,22.65422377,60.90633731,10.45169811,24,79,160.1664443
1/31/2012 0:00,4,3,26.98782224,100.585909,56.72599697,29,160,290.8882031
1/31/2012 1:00,2,2,12.23362867,89.770627,31.41542187,29,58,194.8974289
1/31/2012 2:00,1,4,-4.979817026,86.22192595,57.19376797,35,172,262.4382834
1/31/2012 3:00,3,3,9.562090877,57.979475,28.4231054,10,178,292.1009185
1/31/2012 4:00,4,4,-1.868133529,117.808672,26.53547215,47,45,129.5487059
1/31/2012 5:00,4,3,55.76204246,244.6960769,220.8301063,38,140,215.0963117
1/31/2012 6:00,2,3,21.14992198,85.04523377,24.81389286,26,92,214.0384638
1/31/2012 7:00,2,3,13.32839246,54.50810108,30.25711898,15,131,163.4559687
1/31/2012 8:00,4,4,9.781602627,57.71077644,11.75571024,37,169,269.8633914
1/31/2012 9:00,2,4,15.02372933,101.9489774,54.85092753,31,154,286.4197421
1/31/2012 10:00,3,3,15.65872414,103.3062259,12.68546978,28,135,266.4538476
1/31/2012 11:00,2,1,,,,9,104,163.9901035
1/31/2012 12:00,2,1,6.182711938,100.3264948,36.75989595,29,45,168.2670724
1/31/2012 13:00,4,1,23.23694887,125.8350356,10.75893454,10,135,175.3222514
1/31/2012 14:00,4,2,12.93371858,83.17263938,9.631499663,14,25,83.00913454
1/31/2012 15:00,1,1,4.41118511,74.0425507,54.10800973,43,0,113.9625649
1/31/2012 16:00,1,4,,,,22,111,208.4028775
1/31/2012 17:00,4,1,10.10242026,60.21665504,42.49836472,47,188,267.6586144
1/31/2012 18:00,2,4,16.63388535,89.22141856,29.4703904,22,89,230.9788103
1/31/2012 19:00,2,2,8.076407138,71.39386378,19.05475468,49,38,94.80672678
1/31/2012 20:00,1,4,24.90461397,92.85120633,44.41977072,6,136,207.7768414
1/31/2012 21:00,1,4,17.72957646,62.41226929,38.45586153,13,26,109.048075
1/31/2012 22:00,1,4,25.7893456,118.2972144,47.12088035,8,197,216.7821972
1/31/2012 23:00,3,1,-12.22499661,464.1737403,106.0105884,27,147,277.9350182
2/1/2012 0:00,3,3,11.82233978,73.90813029,56.1351619,5,192,239.0170051
2/1/2012 1:00,1,4,,,,42,15,124.2051255
2/1/2012 2:00,2,1,5.782288845,114.3043359,11.76117888,44,195,313.1128035
2/1/2012 3:00,1,1,25.17271275,131.2777875,54.47876309,21,66,107.6641124
2/1/2012 4:00,3,1,-1.844994931,72.59712674,39.53632442,17,21,70.14791112
2/1/2012 5:00,2,3,12.60475409,115.1062158,24.78590421,43,72,226.2231149
2/1/2012 6:00,3,3,-3.381654651,78.64351406,45.23444955,37,183,282.3775631
2/1/2012 7:00,2,3,8.344948648,101.8855804,31.07422533,21,119,123.461032
2/1/2012 8:00,3,3,25.00712201,112.489967,9.09625613,8,184,247.3353631
2/1/2012 9:00,2,2,16.07334503,111.5416045,41.30251117,17,181,261.4262238
2/1/2012 10:00,2,3,,,,20,135,226.0146797
2/1/2012 11:00,2,3,,,,14,134,152.4875198
2/1/2012 12:00,2,3,29.92056507,92.43109796,20.22944726,8,75,146.5948967
2/1/2012 13:00,4,4,21.55995342,63.3889137,32.22141813,41,0,80.51490844
2/1/2012 14:00,3,4,10.15158913,86.9122422,10.57718102,1,181,253.1458341
2/1/2012 15:00,3,3,9.887635641,112.1201099,53.15466614,13,139,231.7252169
2/1/2012 16:00,4,2,,,,20,13,109.5553114
2/1/2012 17:00,2,4,83.18485102,372.784771,94.98655111,42,146,294.6950478
2/1/2012 18:00,2,1,21.01676541,57.57783184,43.27842858,44,18,192.3133285
2/1/2012 19:00,3,4,14.77692747,60.63174909,47.70951106,33,76,139.6085051
2/1/2012 20:00,4,1,2.792699075,59.74083675,40.66437961,6,107,166.1775982
2/1/2012 21:00,2,4,18.00271002,55.4011241,18.40745261,14,73,173.9492707
2/1/2012 22:00,2,3,13.78768575,73.74571798,14.17303031,38,110,208.8739565
2/1/2012 23:00,2,4,,,,11,124,118.0146919
2/2/2012 0:00,1,3,17.01495076,53.38127227,20.92566732,6,92,156.942317
2/2/2012 1:00,4,3,3.893932778,121.1611325,9.884141797,4,155,260.7635847
2/2/2012 2:00,2,4,23.39044599,100.6852009,40.64707096,46,142,210.9174004
2/2/2012 3:00,1,1,28.86068201,115.6040548,17.63778262,38,62,171.3952594
2/2/2012 4:00,4,1,21.63879839,71.15700621,54.89771532,22,22,51.57977206
2/2/2012 5:00,2,4,6.410279907,81.71062596,53.28576654,27,170,287.9220091
2/2/2012 6:00,3,3,11.78861425,69.18467203,39.89533761,33,9,114.0885637
2/2/2012 7:00,1,1,21.28695514,85.99462735,48.41133444,24,163,234.8196492
2/2/2012 8:00,1,2,14.23012813,100.1550061,33.01846197,1,190,243.3442155
2/2/2012 9:00,2,3,,,,8,176,203.9312099
2/2/2012 10:00,2,4,,,,33,141,269.1527763
2/2/2012 11:00,1,3,13.46571806,132.6707477,8.436167235,45,95,180.9638646
2/2/2012 12:00,3,2,14.10028286,90.72316311,56.68993033,46,33,158.9739371
2/2/2012 13:00,3,2,-1.890525549,67.35717264,52.62649621,31,94,161.1282602
2/2/2012 14:00,4,1,1.647547394,123.0409797,55.66911342,11,38,179.9582634
2/2/2012 15:00,2,2,-2.912393732,106.7707607,45.58447313,18,159,288.8167432
2/2/2012 16:00,3,3,28.22672567,96.43479082,28.82214955,46,79,252.2597719
2/2/2012 17:00,4,1,10.01212289,109.9328375,19.81275142,37,149,316.7839543
2/2/2012 18:00,3,2,13.42028688,49.44092686,17.26588354,9,99,154.0531072
2/2/2012 19:00,2,1,24.87392796,45.02715123,15.25128736,9,162,209.5854622
2/2/2012 20:00,4,1,15.05093582,62.4260559,19.57412169,34,22,181.9141148
2/2/2012 21:00,4,4,12.21318083,60.99662711,34.77377832,40,24,124.9186405
2/2/2012 22:00,4,1,7.655805858,79.89703297,42.63885947,36,196,322.1680099
2/2/2012 23:00,3,1,,,,31,133,210.571747
2/3/2012 0:00,2,2,4.124234208,118.9364666,36.90141917,6,89,142.085918
2/3/2012 1:00,4,3,-0.816325412,90.43931341,25.90242407,9,187,286.1323976
2/3/2012 2:00,1,3,2.940023832,77.91791593,41.99287192,42,5,53.15818264
2/3/2012 3:00,2,2,10.10197726,63.559953,59.36974973,37,18,143.7704054
2/3/2012 4:00,1,3,3.584477445,99.71350555,44.48564094,26,18,125.0301418
2/3/2012 5:00,1,1,19.65124316,51.66436331,11.66405232,31,109,189.4120786
2/3/2012 6:00,4,4,3.448297441,102.2882456,31.71154488,6,110,182.0630032
2/3/2012 7:00,4,1,17.70010518,114.1940827,46.5938688,47,94,211.7839481
2/3/2012 8:00,3,1,0.171620321,85.87087455,35.51396337,25,86,183.4899595
2/3/2012 9:00,3,4,,,,21,139,246.104251
2/3/2012 10:00,3,2,14.48660846,114.8643402,11.04699494,11,12,63.9713255
2/3/2012 11:00,2,1,28.52961772,75.49967036,22.31508812,23,85,254.3734216
2/3/2012 12:00,3,1,,,,49,177,285.2946951
2/3/2012 13:00,1,2,27.3634424,88.24521113,47.25474878,45,194,300.5625657
2/3/2012 14:00,3,1,15.6379748,122.7860138,33.75708268,28,75,226.8449571
2/3/2012 15:00,4,1,19.40868602,69.79416372,15.83275576,31,158,199.6537635
2/3/2012 16:00,3,3,21.17191674,124.3583273,23.06530553,15,76,214.5737748
2/3/2012 17:00,2,2,16.03201251,61.27962271,34.03736998,25,22,115.370812
2/3/2012 18:00,2,1,1.775621176,53.52661997,59.63245964,5,69,123.682648
2/3/2012 19:00,1,1,13.30959894,100.1416306,26.97428486,0,124,156.0193158
2/3/2012 20:00,2,4,,,,12,57,96.55679018
2/3/2012 21:00,3,4,5.919562712,70.38683429,33.39988182,37,194,286.3961021
2/3/2012 22:00,4,4,14.65442833,61.32606531,24.58926251,5,198,277.0112861
2/3/2012 23:00,2,1,0.297451238,65.29752895,36.86514323,37,137,258.3676741
2/4/2012 0:00,1,1,5.702229669,74.06411984,31.8987627,11,67,151.694265
2/4/2012 1:00,3,4,6.740400429,401.510803,181.613709,8,171,229.4285584
2/4/2012 2:00,1,3,25.37712782,96.62309837,52.93485785,19,69,193.9411913
2/4/2012 3:00,2,3,1.038032449,120.9602095,17.42368512,38,81,264.990946
2/4/2012 4:00,2,3,8.852464785,107.8271449,50.48417648,26,198,334.6366496
2/4/2012 5:00,1,3,22.08536013,104.3640265,58.52503656,2,7,64.04022591
2/4/2012 6:00,3,2,9.582809263,107.6422045,28.20765466,23,113,216.9023907
2/4/2012 7:00,2,4,,,,14,27,123.8463551
2/4/2012 8:00,4,1,12.00541529,79.55316933,49.32072882,33,182,328.9924951
2/4/2012 9:00,2,4,-1.48802204,71.94613719,43.06998804,49,66,170.757884
2/4/2012 10:00,3,3,5.01026397,103.9394886,19.75556995,31,166,233.9768994
2/4/2012 11:00,2,1,0.911108947,62.55012027,31.87465209,20,160,279.9610881
2/4/2012 12:00,1,2,7.225016541,126.2173551,36.25141735,0,113,191.1580004
2/4/2012 13:00,2,4,,,,32,79,143.7249977
2/4/2012 14:00,2,1,76.08966441,276.324057,182.4878266,10,156,253.1762077
2/4/2012 15:00,3,1,15.77246289,114.7737146,42.47998609,2,144,267.177834
2/4/2012 16:00,1,3,6.734963462,64.52156295,52.46859472,21,164,230.2385675
2/4/2012 17:00,3,3,10.80742085,121.0031161,37.87584487,9,133,181.342501
2/4/2012 18:00,2,4,23.78498678,123.1931276,37.86441784,43,173,282.9956672
2/4/2012 19:00,4,2,-0.039896362,98.92866231,40.44514135,37,13,136.5239569
2/4/2012 20:00,2,1,22.02158438,56.66994386,22.70551996,23,164,250.8888009
2/4/2012 21:00,3,3,54.96313344,272.603823,188.0272869,6,113,219.1901991
2/4/2012 22:00,4,4,,,,48,106,227.9999108
2/4/2012 23:00,3,3,7.131637211,116.3755186,49.69241105,48,75,219.5495648
2/5/2012 0:00,3,4,4.019243686,63.26633278,46.80470105,35,82,161.5964871
2/5/2012 1:00,1,3,23.3359305,54.56833951,39.58215494,0,84,113.4108655
2/5/2012 2:00,4,2,22.18320842,56.16422441,16.11946378,0,28,84.06279911
2/5/2012 3:00,2,1,4.387774493,91.34367487,54.74277717,25,48,98.89171732
2/5/2012 4:00,3,3,29.16560402,124.5962395,26.59675324,16,1,95.58617046
2/5/2012 5:00,2,1,,,,10,197,212.8266491
2/5/2012 6:00,1,4,,,,2,88,142.767291
2/5/2012 7:00,1,2,17.01261929,104.5195512,15.8804813,9,69,135.7917367
2/5/2012 8:00,4,1,,,,1,192,227.9927292
2/5/2012 9:00,1,3,28.1108607,112.2473444,47.37155386,31,45,133.2225878
2/5/2012 10:00,1,1,46.39913621,425.9695743,189.6986378,15,62,143.5627319
2/5/2012 11:00,2,1,0.322649399,58.72133004,12.95578097,47,118,269.5329655
2/5/2012 12:00,1,4,15.3869828,82.54105142,51.29154494,25,84,144.2553118
2/5/2012 13:00,1,2,14.07357045,442.6239931,161.3319115,39,148,264.2189285
2/5/2012 14:00,3,2,10.39331171,123.5259015,32.26312244,38,26,147.1930038
2/5/2012 15:00,1,1,,,,9,190,264.9066258
2/5/2012 16:00,3,1,2.283411737,111.0869726,42.24056817,35,22,108.6218845
2/5/2012 17:00,1,4,10.55325732,126.1829043,14.64276557,29,99,160.4148436
2/5/2012 18:00,1,1,13.16533583,79.81602373,32.82134399,8,38,169.5630387
2/5/2012 19:00,4,4,18.40976769,61.14555959,41.35982244,4,57,129.8067764
2/5/2012 20:00,4,2,18.42471155,109.7956102,52.35625607,6,44,107.1823792
2/5/2012 21:00,3,2,,,,35,141,306.3170703
2/5/2012 22:00,1,4,,,,0,149,222.360685
2/5/2012 23:00,2,1,7.65647892,105.9988317,49.33195747,26,16,185.0185511
2/6/2012 0:00,4,2,1.263003891,88.06291413,15.52276036,11,156,191.2455949
2/6/2012 1:00,2,3,16.71153086,56.39421249,10.53913688,15,37,111.6425473
2/6/2012 2:00,4,4,28.55558066,68.29216966,38.71378255,47,89,161.6777
2/6/2012 3:00,4,2,,,,7,30,100.1361542
2/6/2012 4:00,1,2,14.83790835,85.1256428,35.85838622,24,97,184.0142012
2/6/2012 5:00,4,2,,,,12,57,122.1020786
2/6/2012 6:00,2,3,11.76177552,133.0904786,38.94200881,40,90,198.4813028
2/6/2012 7:00,4,3,,,,9,16,79.60735029
2/6/2012 8:00,3,3,26.85527383,111.8707108,10.02598358,39,119,221.5966943
2/6/2012 9:00,1,1,11.90177678,86.09450069,11.42517363,32,22,98.25576914
2/6/2012 10:00,1,4,6.963832614,54.44988959,44.34813342,34,147,291.2358326
2/6/2012 11:00,3,1,,,,36,95,164.7103696
2/6/2012 12:00,3,3,2.21642724,134.0867115,36.11005565,38,3,114.3654388
2/6/2012 13:00,3,4,24.36700292,47.38548078,38.98315023,27,72,130.236857
2/6/2012 14:00,4,1,21.75541155,125.3315044,39.35911026,15,74,130.9895569
2/6/2012 15:00,1,1,1.680474559,62.39000845,12.12446346,7,48,100.2116762
2/6/2012 16:00,3,1,24.32398591,93.41623103,42.03482186,32,108,203.1279232
2/6/2012 17:00,4,3,28.73873692,88.70943101,33.72705389,34,25,131.3657183
2/6/2012 18:00,3,2,27.05392419,122.8807137,37.71157183,37,31,101.9229913
2/6/2012 19:00,2,4,13.4367158,82.40946557,37.67619159,11,27,92.74136162
2/6/2012 20:00,2,3,5.380009438,85.79387031,45.21921678,14,50,101.4339553
2/6/2012 21:00,1,4,15.31250234,113.8198498,24.72313421,16,167,219.1307978
2/6/2012 22:00,4,3,12.04617548,47.86568892,27.99935469,26,36,163.218664
2/6/2012 23:00,2,1,4.569100825,58.71525022,28.04461573,49,178,252.4741101
2/7/2012 0:00,2,1,,,,20,56,145.4960172
2/7/2012 1:00,4,2,18.80542424,101.8318466,29.84731806,20,79,217.219494
2/7/2012 2:00,3,2,12.30919839,328.9629017,70.10931314,16,71,190.4838736
2/7/2012 3:00,4,4,9.818180104,117.5980316,58.13877575,26,194,300.0817156
2/7/2012 4:00,3,2,-0.615714486,100.6764686,32.70119628,11,2,79.85518995
2/7/2012 5:00,2,2,23.98977798,65.4902286,12.80671627,47,190,326.4639315
2/7/2012 6:00,2,4,18.53784525,117.0463296,41.20226728,43,139,260.468358
2/7/2012 7:00,2,3,2.971610012,74.72266636,46.50980574,35,110,255.0871954
2/7/2012 8:00,1,2,28.63994847,127.0819409,33.49876009,27,90,180.4187485
2/7/2012 9:00,1,3,-4.513394124,72.64677412,42.81759999,24,50,171.485271
2/7/2012 10:00,1,1,18.80449652,68.3112884,16.98622093,8,138,203.7023593
2/7/2012 11:00,4,2,22.05956459,91.29986671,27.9098444,46,133,303.3009502
2/7/2012 12:00,2,1,22.03968986,55.67527717,17.40205163,36,139,237.6626045
2/7/2012 13:00,2,1,0.100685545,53.72635189,27.70693318,22,24,64.97189688
2/7/2012 14:00,4,3,,,,10,25,104.8930563
2/7/2012 15:00,1,4,26.52083196,63.20133332,29.20502516,49,185,324.5219254
2/7/2012 16:00,4,2,14.17741805,51.00916865,39.02182017,0,79,195.466288
2/7/2012 17:00,1,3,15.53411279,75.4630417,35.09882839,15,35,87.7432971
2/7/2012 18:00,2,4,-0.347207699,90.79072837,23.11250598,49,163,227.3171743
2/7/2012 19:00,3,1,14.62920325,83.04453668,15.61385844,12,20,114.5732501
2/7/2012 20:00,1,2,8.968923869,60.29155144,20.77925049,19,48,148.6669793
2/7/2012 21:00,2,1,22.2607338,96.71414714,19.40940216,15,83,123.3837533
2/7/2012 22:00,2,1,,,,15,117,189.8500251
2/7/2012 23:00,3,2,19.83885133,106.2621263,51.14473812,34,59,152.2174091
2/8/2012 0:00,2,4,-0.458088507,81.06360467,44.45922472,49,105,246.4756771
2/8/2012 1:00,2,4,-0.651531816,62.59529644,39.77909354,31,189,275.3929838
2/8/2012 2:00,1,2,4.006430645,95.65975934,23.74852949,22,122,198.7609132
2/8/2012 3:00,1,2,2.908951366,118.3922084,44.02057676,24,18,113.2871307
2/8/2012 4:00,3,3,12.76138214,91.20574507,39.60714656,42,138,206.5271092
2/8/2012 5:00,3,3,25.57739584,66.55159072,10.79938155,27,77,228.9160246
2/8/2012 6:00,2,1,17.46076142,68.2947859,54.65484983,44,99,238.9367425
2/8/2012 7:00,1,2,15.82324165,125.1906007,12.04612048,1,130,177.8828968
2/8/2012 8:00,3,4,18.21670037,113.6912162,33.68377822,2,184,220.4298309
2/8/2012 9:00,3,1,6.017194162,75.90545786,33.7052695,30,127,193.7763692
2/8/2012 10:00,4,1,11.4361218,67.49047177,49.84550978,32,106,223.6055682
2/8/2012 11:00,3,1,6.483888749,119.8318589,55.76883124,32,196,265.7140922
2/8/2012 12:00,2,1,18.40992695,69.44097644,55.11071315,46,180,286.5678838
2/8/2012 13:00,1,4,5.447833886,91.4784715,36.98008169,34,193,244.3452315
2/8/2012 14:00,3,1,,,,35,139,258.3301098
2/8/2012 15:00,4,2,13.46567395,82.42159363,14.03137153,25,61,171.4768323
2/8/2012 16:00,1,3,26.86104843,48.61026925,34.89441725,11,44,117.5995183
2/8/2012 17:00,3,4,17.49833524,69.7743878,54.22785052,43,56,172.965569
2/8/2012 18:00,4,2,23.09568726,130.8043893,31.0364866,45,129,266.0533201
2/8/2012 19:00,3,2,18.21707468,96.61930157,14.39586669,10,100,183.2036592
2/8/2012 20:00,1,2,18.62586683,123.8586616,19.47263755,5,182,278.6512277
2/8/2012 21:00,1,3,19.74380032,92.59119621,30.18769495,24,18,75.20862827
2/8/2012 22:00,1,3,22.91247319,125.7363048,20.80168803,45,60,184.6310546
2/8/2012 23:00,2,3,3.804534334,118.483342,28.65533496,33,151,258.0960798
2/9/2012 0:00,3,2,8.990785591,86.19869865,25.28107112,34,4,142.3744081
2/9/2012 1:00,2,3,6.60736082,71.82789091,23.44385573,20,153,242.2483775
2/9/2012 2:00,1,1,14.64906297,92.61210574,15.05825942,17,162,244.4387095
2/9/2012 3:00,4,3,22.24780895,111.8484156,52.99153004,7,18,76.66790666
2/9/2012 4:00,3,4,8.548859526,80.45274913,43.69868508,33,30,176.1411104
2/9/2012 5:00,2,2,10.80873225,123.6866696,42.1251558,47,171,215.7411257
2/9/2012 6:00,3,2,25.67391703,71.96970052,38.51554835,13,146,242.7841256
2/9/2012 7:00,4,1,,,,18,105,190.8599317
2/9/2012 8:00,2,3,15.84361008,100.4337501,49.2601748,19,80,161.985444
2/9/2012 9:00,1,3,22.90531759,62.92886056,55.70531264,3,139,200.6365537
2/9/2012 10:00,2,4,16.54354157,83.57117371,9.367613926,37,162,265.8630034
2/9/2012 11:00,3,1,21.14747434,131.3622567,13.63852468,31,89,202.9174788
2/9/2012 12:00,3,4,-1.403147911,101.2354412,43.84790641,25,185,254.7323642
2/9/2012 13:00,3,4,1.930993187,121.8661004,20.11202942,27,116,215.6568133
2/9/2012 14:00,3,2,38.02028834,412.8383592,229.8063605,11,124,214.1512912
2/9/2012 15:00,1,2,,,,9,71,120.0384191
2/9/2012 16:00,2,3,25.13523115,97.42106424,27.05699579,40,103,226.789582
2/9/2012 17:00,1,3,27.197138,63.14424452,29.65220622,34,24,137.4636155
2/9/2012 18:00,1,4,25.19309752,85.26682278,42.946245,32,152,228.7494935
2/9/2012 19:00,1,3,8.085861012,69.38264506,15.64695894,13,140,186.0985401
2/9/2012 20:00,3,4,28.19047414,133.7002972,51.87072822,39,41,124.4001092
2/9/2012 21:00,3,3,17.305602,74.40590498,9.923542073,22,142,236.847344
2/9/2012 22:00,3,3,,,,17,22,105.5306428
2/9/2012 23:00,2,2,,,,43,27,180.6488539
2/10/2012 0:00,4,2,-1.378494505,89.95618085,45.97524371,11,111,179.8398529
2/10/2012 1:00,3,2,3.630724926,51.64346084,12.21300031,41,12,95.20334386
2/10/2012 2:00,2,2,23.87593661,63.81551452,29.93975432,35,95,218.6095197
2/10/2012 3:00,3,1,18.20226098,106.3952174,40.86464517,24,74,137.5207511
2/10/2012 4:00,3,2,8.217570141,89.69472378,12.34760269,36,171,252.2190803
2/10/2012 5:00,1,1,13.21424987,64.80992377,32.0254977,39,179,263.6343904
2/10/2012 6:00,1,2,25.95224286,85.76120361,24.45775523,21,34,34.06878185
2/10/2012 7:00,1,3,15.00223426,69.26054896,34.66416826,5,46,137.0180236
2/10/2012 8:00,2,4,9.821869905,67.05883531,33.60511203,15,162,274.234109
2/10/2012 9:00,4,3,3.196828771,125.6591572,47.17350882,22,49,167.557943
2/10/2012 10:00,4,3,5.071131044,80.43743164,15.47644749,8,86,219.6428723
2/10/2012 11:00,2,1,30.48370485,55.81663844,12.5833753,42,39,195.3136255
2/10/2012 12:00,3,2,14.48430743,118.6026711,29.05321003,34,76,169.1064045
2/10/2012 13:00,2,4,10.49932117,118.3432688,53.63194263,28,197,327.4253226
2/10/2012 14:00,3,4,16.50940506,70.40250296,52.93835544,13,41,120.2416196
2/10/2012 15:00,2,2,25.07154814,93.89094983,37.72479746,4,142,202.4144636
2/10/2012 16:00,2,1,17.80028801,114.551534,52.69899474,20,59,125.5489621
2/10/2012 17:00,2,1,18.66450642,75.79685303,48.06675845,5,57,123.2103245
2/10/2012 18:00,4,1,12.37844986,95.93253572,24.55093676,0,196,275.1309685
2/10/2012 19:00,1,4,0.53910197,96.42686905,15.87266964,30,32,178.7187094
2/10/2012 20:00,2,1,25.16316319,73.93057249,23.55459881,44,167,302.1667009
2/10/2012 21:00,4,1,25.00562353,98.61258232,20.9541175,40,1,87.19088758
2/10/2012 22:00,1,4,24.41998252,92.42836298,41.72940363,27,160,225.0290807
2/10/2012 23:00,1,4,,,,2,152,240.4320682
2/11/2012 0:00,2,3,24.48465607,123.6392716,38.90152085,37,58,191.4697971
2/11/2012 1:00,3,4,20.72621059,58.4334197,17.55091619,22,154,282.2456784
2/11/2012 2:00,3,2,104.112312,303.3709496,200.1012864,39,183,283.3817024
2/11/2012 3:00,3,4,,,,3,111,197.5521723
2/11/2012 4:00,2,4,1.563839814,116.1720552,31.83094802,5,24,124.1647467
2/11/2012 5:00,3,1,56.18204121,311.8279284,244.9219652,11,132,171.9810402
2/11/2012 6:00,4,3,,,,11,61,149.868844
2/11/2012 7:00,4,1,9.728553149,70.62833037,29.59375938,6,170,272.6890077
2/11/2012 8:00,4,3,22.79499714,99.41960092,42.63475985,27,103,214.8932339
2/11/2012 9:00,4,1,2.394046443,122.5645977,51.62118208,25,195,287.1850017
2/11/2012 10:00,1,2,,,,47,77,271.9256781
2/11/2012 11:00,4,1,11.55347635,100.2846654,44.40820252,6,104,237.5658146
2/11/2012 12:00,3,1,2.031754648,76.47732825,54.28349232,2,90,161.9550685
2/11/2012 13:00,2,2,1.517817681,71.10243974,29.92733065,12,163,239.0043441
2/11/2012 14:00,3,2,4.480493878,85.33272336,24.32460693,40,123,253.7274691
2/11/2012 15:00,4,4,,,,10,97,175.0162166
2/11/2012 16:00,1,1,-1.985853692,69.0611776,20.35555432,38,137,282.9113358
2/11/2012 17:00,4,2,6.202726249,130.6146767,28.35668915,22,114,167.7704532
2/11/2012 18:00,2,2,-0.331353816,123.9654889,53.62179363,46,149,257.5900682
2/11/2012 19:00,3,4,20.48733296,54.23446318,38.04011069,0,85,175.3914509
2/11/2012 20:00,2,3,17.87851421,104.0871461,13.95572726,33,27,159.9695395
2/11/2012 21:00,2,2,,,,30,47,102.4525931
2/11/2012 22:00,2,2,12.07676652,70.86360395,38.6308786,32,187,260.2812789
2/11/2012 23:00,3,1,,,,46,83,148.6384363
2/12/2012 0:00,4,4,22.0063639,84.85784486,42.12037716,35,62,140.7539278
2/12/2012 1:00,2,1,19.77692045,59.64491994,47.24210591,35,1,67.65592018
2/12/2012 2:00,3,3,-4.685713315,99.49508368,32.24766827,13,22,121.1693689
2/12/2012 3:00,1,4,14.17128171,139.509638,59.2490878,36,50,162.8886649
2/12/2012 4:00,3,1,3.618794821,77.49609901,54.19963366,31,111,207.4267573
2/12/2012 5:00,1,2,3.628045189,106.8015631,9.218699858,27,79,176.847587
2/12/2012 6:00,3,2,20.44337897,84.14335071,21.7595415,0,155,260.9150523
2/12/2012 7:00,4,4,18.33700071,124.2340893,23.75688772,46,115,199.842925
2/12/2012 8:00,2,2,,,,6,0,18.2280922
2/12/2012 9:00,4,1,8.663176443,61.80834169,24.41273705,15,142,248.4726484
2/12/2012 10:00,3,4,,,,31,14,103.4515429
2/12/2012 11:00,2,2,25.2377204,71.44917123,10.85367022,23,42,104.6505703
2/12/2012 12:00,1,2,24.53000764,56.70343818,15.08893189,13,132,231.8471475
2/12/2012 13:00,3,3,14.99295187,109.6856588,12.18315241,46,199,256.2206139
2/12/2012 14:00,2,3,15.54514011,76.14872016,9.382748805,14,102,160.5455489
2/12/2012 15:00,1,4,11.00577709,88.64705608,33.19011585,0,124,122.6367251
2/12/2012 16:00,1,3,-1.70121255,113.9087044,25.82850915,27,37,142.0924913
2/12/2012 17:00,4,1,11.50646106,56.37653429,56.67488744,18,62,197.5535719
2/12/2012 18:00,3,2,17.2792009,72.96716542,13.91163279,6,170,229.1707478
2/12/2012 19:00,1,2,47.90925793,345.1796003,222.5514069,17,50,113.643033
2/12/2012 20:00,2,2,21.39257631,79.80668007,11.42096973,46,77,246.9492323
2/12/2012 21:00,1,4,2.415403946,60.78530772,39.10212768,12,82,183.258949
2/12/2012 22:00,1,4,11.74719932,56.3560138,21.84654937,17,153,311.8723471
2/12/2012 23:00,4,3,3.517127117,114.9948899,51.81718305,3,96,174.3065453
2/13/2012 0:00,4,2,11.60176281,126.7716022,12.16152274,49,173,299.3048793
2/13/2012 1:00,2,2,-1.616456628,67.96944104,55.45554927,3,139,255.8739592
2/13/2012 2:00,4,2,6.108842115,69.72901856,10.52091904,26,92,184.0935492
2/13/2012 3:00,1,2,13.62522682,105.37912,20.25383286,15,139,231.9916046
2/13/2012 4:00,1,2,57.95912995,467.9646063,130.9288932,13,28,38.96010171
2/13/2012 5:00,4,1,,,,13,104,239.7535281
2/13/2012 6:00,1,2,,,,6,60,148.3719972
2/13/2012 7:00,1,1,,,,44,40,151.4478589
2/13/2012 8:00,2,2,16.27612502,127.867361,47.10408438,13,147,257.9128711
2/13/2012 9:00,4,4,9.639646675,58.68562887,44.61514743,41,45,121.2720769
2/13/2012 10:00,1,4,28.66913527,133.1740219,35.90448658,44,157,255.1979512
2/13/2012 11:00,4,1,13.49138047,92.35339645,45.39442173,5,38,130.3627834
2/13/2012 12:00,2,2,10.77237266,129.2194604,8.635283322,42,39,153.1069189
2/13/2012 13:00,4,4,24.95882442,87.84510191,29.3036157,37,178,299.2085077
2/13/2012 14:00,1,4,24.83129297,95.25564847,50.14754617,26,1,105.3121127
2/13/2012 15:00,4,2,30.60430244,117.9384641,32.78943866,10,192,291.7727428
2/13/2012 16:00,1,2,15.80171039,107.1374436,51.61858993,30,155,216.2558323
2/13/2012 17:00,1,4,,,,48,50,207.2477137
2/13/2012 18:00,1,2,6.488949705,75.66541231,53.01091725,2,119,177.4102582
2/13/2012 19:00,2,3,17.68615176,122.3061097,14.23685582,0,7,79.68230565
2/13/2012 20:00,4,2,29.38519078,130.9261276,20.74837226,15,30,97.9505541
2/13/2012 21:00,2,4,,,,43,38,143.375176
2/13/2012 22:00,4,4,25.38761208,105.968503,57.39766015,26,187,290.8936656
2/13/2012 23:00,2,1,9.489847282,115.6292832,21.16840173,45,82,220.0994336
2/14/2012 0:00,3,3,,,,49,143,290.1048389
2/14/2012 1:00,1,4,26.41189706,118.6460297,20.43709327,2,22,108.0667888
2/14/2012 2:00,1,3,19.75431547,125.7353591,10.7299978,7,138,198.2411504
2/14/2012 3:00,2,2,30.88460258,104.1066061,22.40454878,49,120,251.2219603
2/14/2012 4:00,3,4,23.06281866,111.8548891,12.20252869,15,181,274.37082
2/14/2012 5:00,1,1,,,,46,68,186.9576754
2/14/2012 6:00,4,4,,,,1,11,99.23601308
2/14/2012 7:00,2,1,25.34814229,116.3026307,43.29525066,28,35,95.96018835
2/14/2012 8:00,1,3,,,,15,56,81.44892867
2/14/2012 9:00,1,1,3.84778007,68.93121725,32.88371597,28,153,287.9801239
2/14/2012 10:00,2,2,38.85706741,337.5628151,205.9994489,30,91,188.3625639
2/14/2012 11:00,2,2,13.55398762,112.3419627,54.43734073,41,193,317.8052727
2/14/2012 12:00,4,2,3.215254892,76.27948939,57.07945959,10,89,144.3240968
2/14/2012 13:00,4,4,20.27867037,63.48917981,15.07778692,31,3,143.2414521
2/14/2012 14:00,1,2,0.522068446,64.9813398,53.37568444,23,143,247.9007707
2/14/2012 15:00,1,2,9.805043136,110.3377522,20.99841856,18,21,105.0365443
2/14/2012 16:00,2,4,22.5184671,125.8374411,28.27188894,31,191,302.0195112
2/14/2012 17:00,1,3,12.61617343,124.3673509,24.45874789,9,106,134.2184386
2/14/2012 18:00,1,2,28.88967557,87.43320066,43.4896628,48,69,199.6870333
2/14/2012 19:00,2,2,11.67261713,73.68711308,40.11032184,31,138,285.1216953
2/14/2012 20:00,1,4,30.08766921,89.11991715,14.34647541,22,169,271.9989834
2/14/2012 21:00,1,3,7.930028715,79.80290787,49.14043605,32,84,193.1486302
2/14/2012 22:00,3,3,-1.530024853,102.5718652,30.75910739,29,38,129.0771474
2/14/2012 23:00,4,3,23.04763845,86.59233827,9.135260363,29,174,307.0946868
2/15/2012 0:00,2,4,19.68337978,60.42086674,31.60002629,6,149,263.5658811
2/15/2012 1:00,3,1,8.960887203,93.28912329,34.64771405,15,29,102.7010536
2/15/2012 2:00,4,1,27.78224782,81.13310382,12.21029994,42,157,281.4425627
2/15/2012 3:00,4,2,11.90867738,61.65818729,14.81252366,49,160,287.6733818
2/15/2012 4:00,4,2,27.01415758,86.73126703,59.49420883,0,103,186.7838851
2/15/2012 5:00,3,2,14.02370104,70.24092695,51.97592541,29,157,234.5728013
2/15/2012 6:00,3,1,14.05250265,87.48603877,15.94462152,33,164,303.0616733
2/15/2012 7:00,4,4,13.33234403,85.44677526,37.83398578,33,52,173.7587634
2/15/2012 8:00,1,2,,,,37,157,301.8982095
2/15/2012 9:00,1,4,16.75129217,131.4355375,36.20454797,30,153,221.3895808
2/15/2012 10:00,3,2,11.67636383,101.2938017,32.62304935,7,133,180.1761573
2/15/2012 11:00,3,4,,,,19,53,205.6794711
2/15/2012 12:00,3,4,8.567847693,127.9442073,26.42735787,45,183,334.3353765
2/15/2012 13:00,4,1,4.495433877,78.39761759,16.06948121,28,131,206.4927538
2/15/2012 14:00,1,4,24.27515284,58.05860606,34.86194074,30,78,206.0138568
2/15/2012 15:00,3,3,18.55197266,79.73859086,55.36614963,20,35,113.0187561
2/15/2012 16:00,3,1,20.59795294,89.97321336,59.41823222,25,62,108.0558107
2/15/2012 17:00,2,2,27.33861985,107.1106749,57.81037563,30,130,169.0335026
2/15/2012 18:00,4,1,19.84447472,52.69413588,57.11837126,19,56,146.4052867
2/15/2012 19:00,2,3,,,,21,79,218.9129281
2/15/2012 20:00,1,3,9.983377883,53.55097227,44.79916661,39,15,171.7544873
2/15/2012 21:00,2,4,5.962640444,120.4856829,22.50028926,25,167,301.9411532
2/15/2012 22:00,2,3,12.59375799,128.078098,53.1191852,16,180,293.0611073
2/15/2012 23:00,2,3,,,,24,119,224.7056927
2/16/2012 0:00,4,3,26.53294166,123.3872656,30.83929522,36,133,275.7676636
2/16/2012 1:00,1,3,16.18701467,56.44680495,32.23103862,26,148,185.9061477
2/16/2012 2:00,2,2,,,,2,8,111.9503824
2/16/2012 3:00,4,2,21.96916823,66.03765127,23.80171806,23,190,251.6506059
2/16/2012 4:00,1,1,,,,24,170,238.9230941
2/16/2012 5:00,3,4,3.702829595,81.55789669,52.89215267,49,199,341.2043847
2/16/2012 6:00,2,2,16.88779052,78.32091893,18.67600291,9,27,136.214784
2/16/2012 7:00,1,3,,,,35,44,133.0856634
2/16/2012 8:00,2,4,,,,41,57,189.7867668
2/16/2012 9:00,3,2,19.86667692,69.41657454,57.52353627,17,28,134.3130072
2/16/2012 10:00,1,1,11.43744256,85.06582533,54.77725382,44,94,201.1297113
2/16/2012 11:00,4,3,,,,16,120,213.0887447
2/16/2012 12:00,1,4,17.38171006,110.6027498,44.50269595,13,181,328.923839
2/16/2012 13:00,4,2,,,,18,56,138.0743845
2/16/2012 14:00,1,4,8.10019735,127.3732734,19.87676199,17,32,114.1327826
2/16/2012 15:00,4,2,9.999356505,62.4939628,56.02350306,22,197,296.0698827
2/16/2012 16:00,3,1,,,,7,191,265.1052018
2/16/2012 17:00,3,3,23.68842354,112.1758724,12.56214411,49,107,252.33302
2/16/2012 18:00,3,1,16.28001166,100.7096562,29.18840032,15,131,262.7194203
2/16/2012 19:00,1,3,4.528645367,86.62945043,39.45168193,24,15,104.266202
2/16/2012 20:00,3,3,4.977006919,61.87365975,26.93003086,42,130,218.9868816
2/16/2012 21:00,2,4,,,,31,88,250.961855
2/16/2012 22:00,3,2,17.75721016,71.12427356,53.98604808,48,190,314.3330909
2/16/2012 23:00,4,1,2.351569465,74.5015166,46.68500202,49,80,150.6271734
2/17/2012 0:00,4,1,25.34939704,55.98304056,41.10790075,18,149,295.6554376
2/17/2012 1:00,4,1,27.11378569,81.82331136,35.32193455,17,81,204.5970608
2/17/2012 2:00,1,4,13.06102632,68.66333145,21.64934085,31,95,246.8759328
2/17/2012 3:00,2,4,,,,45,145,305.8873181
2/17/2012 4:00,3,4,20.20047621,120.5064741,23.9410474,48,56,256.2337785
2/17/2012 5:00,2,3,27.25884057,91.95053042,53.94751078,39,152,232.8002889
2/17/2012 6:00,2,1,113.4018889,358.3669875,227.8058896,14,27,90.06321008
2/17/2012 7:00,4,3,-0.235232365,127.508681,16.87845503,48,167,273.1890133
2/17/2012 8:00,4,1,3.779381982,94.46194525,48.56740774,20,150,227.3558179
2/17/2012 9:00,4,1,21.70055796,136.2495046,44.10638763,10,135,221.6940289
2/17/2012 10:00,1,2,23.50169512,69.8642189,56.70187062,28,140,226.3328308
2/17/2012 11:00,2,1,5.504056466,120.1467732,33.13492239,31,171,239.3675812
2/17/2012 12:00,2,4,16.54499253,92.45521925,45.28750483,5,120,171.8452899
2/17/2012 13:00,1,4,,,,18,46,128.2901484
2/17/2012 14:00,1,4,3.950761023,124.9994979,13.49729907,15,9,131.4560887
2/17/2012 15:00,1,2,25.68730148,129.9921323,12.01652717,11,40,106.8921127
2/17/2012 16:00,2,2,3.166131045,83.08582467,15.09378585,14,194,305.4748052
2/17/2012 17:00,2,3,20.59349709,123.9468585,22.78550083,10,73,116.561764
2/17/2012 18:00,4,1,19.38800677,68.44510577,21.34017075,38,176,191.2575714
2/17/2012 19:00,4,1,13.75499461,110.7759319,44.7867315,9,191,269.2536279
2/17/2012 20:00,2,4,23.40828702,72.7925597,45.77223008,36,14,104.9730067
2/17/2012 21:00,4,4,25.95759136,69.86824749,56.11637764,48,188,282.8455495
2/17/2012 22:00,1,4,28.12109173,106.4253643,24.70158075,23,73,139.356563
2/17/2012 23:00,3,4,12.63516104,86.53454708,55.90007041,35,51,138.1210313
2/18/2012 0:00,4,4,18.81847541,51.27198193,40.90743165,0,173,216.7504112
2/18/2012 1:00,2,4,19.35079593,82.72386424,34.2361656,45,58,149.4932601
2/18/2012 2:00,4,1,16.75273281,66.01660425,43.16017433,16,175,223.6543622
2/18/2012 3:00,4,2,26.9786689,107.359927,43.85113764,13,117,139.5622138
2/18/2012 4:00,4,4,2.425753171,77.52785148,16.60703164,37,38,82.18646702
2/18/2012 5:00,3,1,7.081062205,118.948648,46.50408462,24,125,296.3258334
2/18/2012 6:00,1,4,15.47941216,70.03156636,46.27825234,36,41,148.6202322
2/18/2012 7:00,2,3,5.249348357,88.82493983,59.89750852,34,50,203.2783948
2/18/2012 8:00,3,3,,,,21,49,138.2388817
2/18/2012 9:00,2,1,19.60208761,95.06816432,42.61492573,46,91,206.2628219
2/18/2012 10:00,2,2,46.10620726,235.9720804,180.1060494,6,104,192.8157491
2/18/2012 11:00,2,3,26.26193928,103.0764295,56.41208892,10,65,167.8422705
2/18/2012 12:00,3,3,,,,9,168,213.2645968
2/18/2012 13:00,1,2,15.45605791,118.765001,52.07494736,13,57,132.2959732
2/18/2012 14:00,2,3,-1.845994117,45.85562388,47.74660465,34,126,242.8572184
2/18/2012 15:00,1,4,10.24850619,120.2464706,15.4385565,45,3,63.73254906
2/18/2012 16:00,1,2,5.289096557,72.61966259,49.99583772,48,176,336.6830353
2/18/2012 17:00,4,3,21.54296973,61.88997907,21.9595205,35,130,270.6701814
2/18/2012 18:00,3,2,12.72133226,77.43720296,37.58941032,5,31,46.75874937
2/18/2012 19:00,3,4,7.125246941,66.66473031,29.39031228,4,174,225.4666172
2/18/2012 20:00,4,3,15.11604357,104.5074751,26.52053354,41,61,179.006723
2/18/2012 21:00,4,1,4.622472964,139.1925572,24.90007891,6,143,248.1411082
2/18/2012 22:00,1,3,27.65191068,55.08155804,52.51640394,14,195,328.6942715
2/18/2012 23:00,2,3,1.654525507,91.58468095,48.89599044,20,17,91.81483991
2/19/2012 0:00,3,4,26.37606732,80.92244458,33.17282845,17,133,294.1048355
2/19/2012 1:00,2,1,16.85341248,80.40733401,43.60361617,0,105,177.5215784
2/19/2012 2:00,2,1,15.84587604,81.26456411,56.79057154,3,64,134.2851725
2/19/2012 3:00,4,1,,,,10,79,179.8854124
2/19/2012 4:00,2,4,27.67677315,62.66627077,39.19000635,9,36,128.3820541
2/19/2012 5:00,1,4,11.87966002,114.7889693,35.91333382,44,72,197.7295323
2/19/2012 6:00,4,4,21.53588862,70.03418919,56.25738855,18,190,341.9925363
2/19/2012 7:00,2,4,33.28883363,80.79138291,26.54860358,41,80,202.5535151
2/19/2012 8:00,4,4,25.87545729,91.37976145,59.25761809,29,99,172.6288717
2/19/2012 9:00,1,1,12.36213226,71.87339522,24.87405532,49,58,155.9891655
2/19/2012 10:00,1,2,24.86522833,60.99798874,14.05728912,40,94,252.3852731
2/19/2012 11:00,2,4,19.65817603,70.3262583,18.74047148,40,161,295.7461364
2/19/2012 12:00,4,2,5.715052643,79.86659194,29.47787478,19,36,82.56553068
2/19/2012 13:00,2,3,63.47266804,431.6140258,171.2605291,26,161,213.1149889
2/19/2012 14:00,2,3,11.62671106,65.1737484,34.7099083,11,172,258.0571372
2/19/2012 15:00,4,4,10.64086299,108.8603355,28.23730389,13,100,205.8249154
2/19/2012 16:00,2,3,,,,33,128,215.0136068
2/19/2012 17:00,1,2,,,,41,52,116.9747092
2/19/2012 18:00,4,3,,,,49,61,150.6494537
2/19/2012 19:00,4,3,27.59998263,73.13839206,45.68509617,37,142,302.8019363
2/19/2012 20:00,4,2,41.54707529,482.2476893,235.1194497,1,50,140.3633098
2/19/2012 21:00,4,3,27.7366089,75.58128533,38.63545998,48,13,165.481486
2/19/2012 22:00,2,4,29.8321047,108.1382984,8.894406426,31,107,247.4536468
2/19/2012 23:00,2,2,28.97755771,104.2335434,23.93464436,17,97,169.7484926
2/20/2012 0:00,1,2,22.09937098,90.68701843,25.53518284,49,58,170.362469
2/20/2012 1:00,3,1,,,,20,179,268.538206
2/20/2012 2:00,3,1,,,,45,0,132.1037697
2/20/2012 3:00,1,2,6.186602964,123.756721,49.84636034,10,144,261.3132355
2/20/2012 4:00,3,2,10.89888743,126.0157294,21.53705916,29,55,214.7494077
2/20/2012 5:00,1,1,19.26782787,89.92484873,36.09911117,18,132,249.1069117
2/20/2012 6:00,2,4,0.197285114,66.447602,40.92699667,47,144,290.3503127
2/20/2012 7:00,4,3,,,,39,17,188.5265633
2/20/2012 8:00,4,3,27.63727568,84.05044843,11.7817005,49,88,205.6007816
2/20/2012 9:00,2,3,9.918711492,66.84675488,31.55755559,29,54,193.4475496
2/20/2012 10:00,4,2,13.59530063,95.14373918,58.49231581,34,46,172.1508604
2/20/2012 11:00,4,4,15.3482434,123.5886736,58.36643114,3,176,272.2758796
2/20/2012 12:00,3,1,,,,20,150,238.4164216
2/20/2012 13:00,2,4,21.84300475,122.7863252,8.334575019,4,103,140.0502308
2/20/2012 14:00,3,4,11.35106962,88.26138032,39.82147058,35,20,140.2471964
2/20/2012 15:00,3,3,12.31188024,66.33879751,50.64656376,26,156,267.3996416
2/20/2012 16:00,4,1,16.2089632,118.6686907,26.86110401,6,187,250.6888161
2/20/2012 17:00,4,4,26.97357606,128.9212899,56.58907105,30,173,275.0750463
2/20/2012 18:00,2,1,3.235045461,74.56566846,25.34847576,19,99,166.5452792
2/20/2012 19:00,4,2,-0.824501217,71.19577795,40.70609536,24,9,81.82475279
2/20/2012 20:00,4,3,25.53882754,87.98040612,44.38533127,37,83,180.6231885
2/20/2012 21:00,2,1,25.90797678,124.6495516,26.71950572,24,52,111.2239599
2/20/2012 22:00,4,2,27.22230096,59.87282962,27.18451245,16,126,199.5977873
2/20/2012 23:00,3,2,15.84321489,71.68381472,33.07357886,45,134,275.5392032
2/21/2012 0:00,2,2,17.43449453,107.5062976,50.2591615,36,29,183.8357439
2/21/2012 1:00,4,4,16.14999871,91.27792679,13.88423546,14,92,243.4403903
2/21/2012 2:00,1,4,1.377538723,84.73600341,41.03848963,9,54,126.1983125
2/21/2012 3:00,2,3,62.37096995,453.4514584,174.6627156,33,64,208.2305847
2/21/2012 4:00,2,3,-1.501402586,137.2630289,37.50605748,43,20,148.3376722
2/21/2012 5:00,1,2,8.263880133,130.8743946,55.5219065,42,6,116.1569146
2/21/2012 6:00,4,3,30.89777561,75.69712678,40.44745883,6,43,136.3687198
2/21/2012 7:00,4,4,9.568446819,126.1975495,42.64156865,38,67,213.3914982
2/21/2012 8:00,2,3,29.58490436,106.367312,39.04284296,24,102,186.403802
2/21/2012 9:00,2,1,4.578318962,70.87346969,46.37198789,38,142,239.7383393
2/21/2012 10:00,4,4,11.90904367,103.5344173,15.91084513,45,97,205.1096726
2/21/2012 11:00,4,2,21.53784521,59.91657947,53.12813757,43,1,100.624984
2/21/2012 12:00,3,2,18.94397918,121.1513973,11.05026866,27,100,238.419821
2/21/2012 13:00,2,3,13.72506532,112.0233375,41.48297233,41,130,223.5630177
2/21/2012 14:00,2,4,27.55226121,106.7621466,38.34185967,26,175,258.8751959
2/21/2012 15:00,1,2,2.604539897,71.52264082,20.39588738,36,195,315.864908
2/21/2012 16:00,3,2,26.42380809,106.4266896,11.4876633,38,46,166.4637618
2/21/2012 17:00,4,4,5.394834806,65.99523182,17.30359678,37,170,270.2836674
2/21/2012 18:00,3,4,25.45610942,133.0789463,23.55259931,27,99,252.1129979
2/21/2012 19:00,4,2,12.37674708,113.3082146,53.59581754,33,26,115.7104805
2/21/2012 20:00,4,3,27.50530911,58.28980659,51.8014403,28,131,229.5221815
2/21/2012 21:00,3,3,18.74391042,68.86132489,14.08154152,44,35,96.8774575
2/21/2012 22:00,2,3,,,,47,82,195.5552641
2/21/2012 23:00,4,1,26.12274082,89.96014393,53.50233515,7,97,140.041728
2/22/2012 0:00,3,4,5.825878078,114.6867463,22.24517822,12,79,139.2677109
2/22/2012 1:00,1,2,39.54564495,233.2204244,240.3614006,45,179,241.1051195
2/22/2012 2:00,3,1,26.43510519,100.7044698,21.62799481,36,172,257.0310324
2/22/2012 3:00,1,3,5.049104689,70.44644193,45.95083163,2,50,125.5795875
2/22/2012 4:00,4,1,4.199743994,105.1539555,30.91315363,13,85,166.5312409
2/22/2012 5:00,3,2,14.35449246,125.3390348,15.11495055,31,159,253.4388109
2/22/2012 6:00,3,2,26.73742881,106.1771752,23.69121951,22,1,89.16014564
2/22/2012 7:00,1,4,4.689594121,57.68094178,44.08051753,22,16,98.78283982
2/22/2012 8:00,3,3,14.47418517,139.4401529,26.895549,12,22,108.9197484
2/22/2012 9:00,3,3,22.45326876,62.05088212,39.30160619,48,171,291.6763726
2/22/2012 10:00,4,1,24.59208199,115.2054778,20.49629405,40,45,169.2578982
2/22/2012 11:00,3,3,31.86581142,94.95183174,28.90082774,38,139,247.0049411
2/22/2012 12:00,2,1,26.84151147,80.30067576,35.44047464,49,53,165.0493519
2/22/2012 13:00,1,2,21.00509181,70.17534614,30.19107656,20,12,131.4311543
2/22/2012 14:00,3,2,15.95398038,68.62700553,17.40611868,42,195,331.1960392
2/22/2012 15:00,1,2,3.716621266,126.7401749,32.87996551,47,70,192.1624221
2/22/2012 16:00,1,2,,,,30,193,335.0136615
2/22/2012 17:00,1,2,143.0781014,332.0090339,229.3652275,49,14,141.6654024
2/22/2012 18:00,3,1,22.83326026,62.23470603,47.69106719,6,61,138.3761352
2/22/2012 19:00,3,2,,,,35,151,260.1789596
2/22/2012 20:00,1,1,11.73317647,95.82747889,22.85422846,18,69,168.2156208
2/22/2012 21:00,2,2,18.53123445,85.9267941,14.31757756,21,188,257.7715056
2/22/2012 22:00,1,1,22.59943057,86.6303964,17.31012145,23,70,113.1040832
2/22/2012 23:00,2,1,23.74893533,79.72707569,22.32862291,23,199,306.7824765
2/23/2012 0:00,1,1,18.02148446,97.69903586,20.40329254,20,130,251.384846
2/23/2012 1:00,4,3,,,,42,156,244.3604556
2/23/2012 2:00,1,1,,,,12,20,140.6068368
2/23/2012 3:00,1,1,20.19759113,130.9576989,21.35953894,5,53,85.04643158
2/23/2012 4:00,3,2,6.794423723,76.67559758,13.94540322,27,133,219.7019191
2/23/2012 5:00,2,1,9.342349241,102.1430848,22.75684014,31,120,278.6715105
2/23/2012 6:00,4,1,29.20041517,83.10249025,43.16882648,12,10,109.1946068
2/23/2012 7:00,2,4,,,,33,197,297.4676702
2/23/2012 8:00,4,3,12.7105561,60.46940548,17.98626856,31,154,269.1360636
2/23/2012 9:00,1,4,1.035134088,65.59377536,12.93201336,13,124,249.4832843
2/23/2012 10:00,3,2,1.255255567,124.3424354,34.59433098,31,187,251.2636983
2/23/2012 11:00,3,3,9.097571812,75.15997257,51.85389298,44,71,231.1798039
2/23/2012 12:00,2,3,17.5473194,105.0219828,11.41327302,4,108,173.9684387
2/23/2012 13:00,3,4,18.10941023,137.4677273,35.81887136,34,26,157.9466134
2/23/2012 14:00,2,3,20.25574554,83.03630994,41.91813012,3,159,220.2938975
2/23/2012 15:00,2,4,22.28860229,77.67546375,39.02500825,13,92,232.2578505
2/23/2012 16:00,4,1,1.839424882,80.93829901,52.22576539,17,32,124.836815
2/23/2012 17:00,2,4,,,,10,4,50.9327646
2/23/2012 18:00,4,3,32.98203409,297.3302735,53.54678755,18,8,116.9251295
2/23/2012 19:00,3,3,6.293423161,120.9675859,26.62199187,1,140,256.8853137
2/23/2012 20:00,2,2,1.292770184,113.0107415,42.7646782,33,93,238.5218946
2/23/2012 21:00,2,2,,,,2,117,198.7046033
2/23/2012 22:00,1,2,22.6361349,120.7964703,49.82628811,28,88,217.2874525
2/23/2012 23:00,2,2,23.83724343,84.63380171,18.66272824,22,133,219.3037587
2/24/2012 0:00,2,3,24.46013354,95.82982737,22.78943648,47,102,243.7075466
2/24/2012 1:00,1,2,17.01647055,104.5801284,47.30658818,0,73,160.8864281
2/24/2012 2:00,1,4,23.42161,74.31915693,34.52235305,41,163,194.1696912
2/24/2012 3:00,3,1,5.681445888,79.67902821,36.92564679,5,124,176.0351455
2/24/2012 4:00,2,3,30.48543418,115.2154917,39.82274796,16,177,276.3142953
2/24/2012 5:00,3,2,6.387920154,107.7238853,14.61263961,18,188,288.0544535
2/24/2012 6:00,3,3,8.627208831,93.64200711,54.79170217,43,47,166.2579486
2/24/2012 7:00,1,2,12.66455813,126.8840069,52.64744626,47,82,208.8371813
2/24/2012 8:00,4,3,26.96697132,104.4284427,32.02887995,1,10,124.4116494
2/24/2012 9:00,3,2,29.98651319,126.8811186,40.13492216,14,144,245.8309711
2/24/2012 10:00,4,1,23.74392876,111.4460106,43.23234399,22,129,158.2542113
2/24/2012 11:00,2,2,20.18923869,85.58787178,17.51442031,18,6,159.6899859
2/24/2012 12:00,1,4,16.48821835,86.72053959,15.53479638,32,104,156.0880209
2/24/2012 13:00,2,3,28.87693132,112.7923855,9.761706349,5,56,167.0543978
2/24/2012 14:00,2,3,20.45536394,126.6651251,53.23806331,49,30,109.4062764
2/24/2012 15:00,1,4,26.57941262,78.53701309,25.76806816,18,120,258.064771
2/24/2012 16:00,2,4,11.95318503,94.10493806,13.77698021,29,186,284.0473379
2/24/2012 17:00,1,1,11.41101926,68.35048101,34.14591833,21,173,282.9413812
2/24/2012 18:00,4,3,27.96329784,76.37977447,14.1553834,2,80,99.85400935
2/24/2012 19:00,2,1,4.372121211,109.9512076,13.42966533,4,78,181.3514624
2/24/2012 20:00,1,3,27.56439609,60.65392282,34.8768427,29,134,252.9794015
2/24/2012 21:00,3,3,13.56659194,113.1927066,34.54917439,2,93,191.0358084
2/24/2012 22:00,2,1,29.01621379,133.1769514,37.01073973,38,141,285.0303918
2/24/2012 23:00,4,3,8.533950213,136.8793041,42.30963457,38,94,214.9229494
2/25/2012 0:00,1,3,25.69602234,73.34617126,41.37390706,27,8,106.2722389
2/25/2012 1:00,2,1,12.39857207,117.1824718,31.912542,0,8,61.29208074
2/25/2012 2:00,2,2,19.87633999,135.1856671,42.45830492,21,112,197.3516724
2/25/2012 3:00,2,1,18.79789317,68.55910921,23.83374455,44,121,278.8657574
2/25/2012 4:00,4,3,30.74752878,76.28666961,31.69060016,44,129,225.5630576
2/25/2012 5:00,1,4,21.65586367,128.8224379,29.28233856,46,107,175.429708
2/25/2012 6:00,3,2,6.152717417,71.74776018,26.80953789,38,85,171.1224358
2/25/2012 7:00,3,4,25.08131629,134.7108268,20.16378994,16,15,126.9555537
2/25/2012 8:00,3,2,10.92012631,98.5262242,13.99962792,41,1,110.7145632
2/25/2012 9:00,1,4,14.72749349,68.28151393,33.46465185,27,197,319.9608047
2/25/2012 10:00,3,2,2.752673418,87.30781634,37.11988904,49,150,216.8380346
2/25/2012 11:00,4,1,25.29742625,84.12692037,27.35667543,29,125,142.401489
2/25/2012 12:00,1,2,4.244387744,83.82320808,57.60566285,39,117,241.8268901
2/25/2012 13:00,2,2,6.394375731,92.70580191,38.55565784,7,155,270.0703137
2/25/2012 14:00,4,2,27.97377202,108.0314744,52.36376925,26,127,179.6255718
2/25/2012 15:00,2,3,27.96451394,101.303232,39.08865739,40,42,175.7626339
2/25/2012 16:00,3,4,6.177718059,63.86111854,20.42880043,44,62,219.7151606
2/25/2012 17:00,4,1,105.4311167,420.5747535,240.7720684,24,124,225.9016705
2/25/2012 18:00,1,4,27.20158219,94.48003878,53.56735441,12,144,261.0918327
2/25/2012 19:00,4,4,1.810677687,122.9400392,33.36656576,33,163,279.7972746
2/25/2012 20:00,2,1,28.19349339,125.0399074,21.04165183,38,18,126.2229597
2/25/2012 21:00,1,3,17.44886581,89.75547042,23.25129963,6,132,240.7674098
2/25/2012 22:00,4,2,16.50737933,54.86724979,49.21140292,21,22,178.5468311
2/25/2012 23:00,4,3,,,,32,107,200.4536365
2/26/2012 0:00,4,3,19.85653699,111.3267613,40.65922482,45,18,138.5828952
2/26/2012 1:00,4,2,0.57563738,63.45649262,43.10851728,37,127,212.5202633
2/26/2012 2:00,1,4,24.65918452,114.9836738,20.63529284,30,128,240.9232223
2/26/2012 3:00,2,2,1.443672679,62.03199978,45.14020883,44,154,271.6008311
2/26/2012 4:00,4,1,14.17003232,55.44512702,45.06212755,32,42,187.072374
2/26/2012 5:00,1,2,7.825911596,96.87293734,26.05014202,21,24,165.9372714
2/26/2012 6:00,2,4,23.99124668,72.00528974,32.60230269,26,181,309.0104079
2/26/2012 7:00,4,3,,,,26,5,140.7997997
2/26/2012 8:00,2,3,12.96196516,129.6060271,37.12865679,20,80,157.2778152
2/26/2012 9:00,2,2,13.72818463,97.86613895,39.87350657,34,75,158.8009836
2/26/2012 10:00,1,1,23.31259038,74.74065546,32.36088153,46,24,161.5795091
2/26/2012 11:00,2,4,15.37704661,82.99096723,16.38404811,49,118,246.1016494
2/26/2012 12:00,1,3,25.26460454,85.29342635,59.64482623,9,121,268.5027692
2/26/2012 13:00,4,2,3.788304662,92.99010292,36.32868949,46,173,239.9038364
2/26/2012 14:00,2,1,4.959614584,72.53938292,26.23637588,27,102,226.1666704
2/26/2012 15:00,2,1,15.02523638,105.2961102,43.16531846,39,58,193.6968522
2/26/2012 16:00,3,3,34.14262723,96.79199032,39.9413071,36,118,209.7726844
2/26/2012 17:00,4,3,2.003534313,128.3441982,21.3712522,40,54,143.6302
2/26/2012 18:00,4,4,3.425148632,130.5476969,53.27685902,32,151,251.5057636
2/26/2012 19:00,3,1,2.226663317,112.6185664,13.71027648,7,74,110.4643932
2/26/2012 20:00,3,4,19.4179441,109.9144618,40.56213792,36,151,309.4558318
2/26/2012 21:00,1,1,12.46799579,67.41456181,33.17645023,49,130,338.7838412
2/26/2012 22:00,1,1,26.47325113,70.43477415,24.4753235,40,167,275.5495751
2/26/2012 23:00,2,2,-2.522059441,131.8782181,52.39729524,32,147,238.6353888
2/27/2012 0:00,2,3,6.990359327,118.3893254,40.98473736,18,86,143.51464
2/27/2012 1:00,2,1,7.473825859,76.84286454,46.90611312,29,196,270.9824412
2/27/2012 2:00,2,4,,,,13,123,197.2093716
2/27/2012 3:00,1,3,19.27111594,133.9375844,57.40031473,13,76,204.1819099
2/27/2012 4:00,4,4,2.80804383,93.33532485,28.0920952,35,197,406.7352647
2/27/2012 5:00,2,3,28.55699029,77.607148,35.91259446,6,193,256.2864486
2/27/2012 6:00,4,3,8.924824269,128.8376359,56.44727769,42,92,185.9358141
2/27/2012 7:00,2,1,,,,33,196,272.9838152
2/27/2012 8:00,3,2,14.15321126,92.29375092,16.78392668,49,78,219.5734968
2/27/2012 9:00,2,1,3.828863777,82.84845468,57.4775577,31,7,127.4026508
2/27/2012 10:00,2,3,28.24636207,123.3452214,58.85656008,41,97,220.1300139
2/27/2012 11:00,2,1,22.78359525,125.0831303,48.51006847,32,116,213.7993517
2/27/2012 12:00,1,1,12.35357693,88.41432078,33.38390821,13,54,186.9308345
2/27/2012 13:00,3,3,20.00196832,60.47999008,35.17217697,24,36,162.1087617
2/27/2012 14:00,2,3,7.341546794,90.53082356,23.1479802,27,89,216.8330896
2/27/2012 15:00,2,1,,,,41,199,330.3405849
2/27/2012 16:00,4,1,10.57441301,69.71565492,33.27804926,49,13,135.5780195
2/27/2012 17:00,3,1,123.2927635,304.5470449,47.18725869,38,175,270.8309012
2/27/2012 18:00,2,4,5.043813674,70.10464338,32.23884521,29,88,211.9093715
2/27/2012 19:00,4,1,,,,30,66,188.0333795
2/27/2012 20:00,4,4,5.467967896,67.84134315,43.39730417,23,159,278.3805195
2/27/2012 21:00,1,2,,,,3,163,198.4580584
2/27/2012 22:00,4,4,16.20188484,77.61930288,52.6499137,13,132,234.5957216
2/27/2012 23:00,2,1,,,,8,78,156.1836782
2/28/2012 0:00,1,2,22.88001567,61.50142811,29.91446915,35,121,209.1120805
2/28/2012 1:00,1,4,5.322809788,101.8578988,37.52158922,5,17,123.349125
2/28/2012 2:00,2,4,,,,23,10,117.8407551
2/28/2012 3:00,3,3,20.37118389,130.4657048,28.9475785,25,73,248.1726786
2/28/2012 4:00,4,2,28.31077574,110.8570739,44.48748531,33,131,258.1097822
2/28/2012 5:00,1,3,29.67498939,63.88913453,30.26575165,0,125,195.6850458
2/28/2012 6:00,3,2,28.02069622,59.00679273,54.50958585,22,147,245.3794535
2/28/2012 7:00,2,4,26.15505732,119.7124441,41.90216631,16,132,192.4973413
2/28/2012 8:00,4,3,9.539769772,74.7769625,17.15619697,35,190,341.6061923
2/28/2012 9:00,4,1,23.20385479,92.06238045,34.56250471,36,181,306.1566799
2/28/2012 10:00,1,4,30.21296213,130.4183307,47.1108694,49,192,330.6973928
2/28/2012 11:00,4,2,1.447865278,117.6440693,39.71648206,44,109,200.8333364
2/28/2012 12:00,4,2,12.14367285,135.2813412,53.26618979,19,140,262.1563204
2/28/2012 13:00,4,3,,,,25,72,148.7507472
2/28/2012 14:00,4,3,20.74649156,110.5160986,12.41865665,10,2,75.22180897
2/28/2012 15:00,2,2,15.19642532,118.2424778,16.67532952,19,1,103.6286461
2/28/2012 16:00,3,4,,,,0,139,201.4635665
2/28/2012 17:00,2,3,16.48741726,146.7932694,19.39296006,43,87,186.1484495
2/28/2012 18:00,2,1,33.32878487,83.75729609,40.47041932,12,55,145.4407347
2/28/2012 19:00,1,2,19.38417213,101.3443904,48.71596446,35,57,202.2714393
2/28/2012 20:00,4,1,27.66958993,80.41677755,38.4167362,43,179,328.8499714
2/28/2012 21:00,2,2,,,,37,142,280.2466048
2/28/2012 22:00,4,1,12.82784576,112.5714623,42.4179535,12,0,106.6377949
2/28/2012 23:00,2,4,14.72427126,81.77795234,17.51644393,13,199,277.8101464
2/29/2012 0:00,2,2,9.224863123,102.1067058,46.64750976,11,112,236.7297205
2/29/2012 1:00,1,4,13.51515352,99.12020928,42.69211386,33,70,131.0529483
2/29/2012 2:00,3,3,22.0091403,101.8758045,33.89502695,26,101,220.1701907
2/29/2012 3:00,3,2,20.68327772,74.82138685,24.70168902,11,44,160.4218568
2/29/2012 4:00,2,4,17.293133,102.2825774,48.68992335,37,143,257.5007615
2/29/2012 5:00,1,1,12.04519323,121.1066292,34.45015826,35,122,215.5672635
2/29/2012 6:00,4,4,11.99603288,85.25881348,11.29110166,0,16,95.15076027
2/29/2012 7:00,4,2,20.64553106,94.09295827,55.12013484,25,29,111.5612011
2/29/2012 8:00,2,4,,,,39,36,170.7433994
2/29/2012 9:00,3,1,14.4866412,139.3380462,37.89989454,39,17,164.7141236
2/29/2012 10:00,1,1,-0.220438207,117.4849906,30.38540644,20,10,123.769348
2/29/2012 11:00,3,1,1.092663481,67.20270037,57.9082847,31,59,182.0092684
2/29/2012 12:00,4,3,8.8515413,135.3724339,47.54308323,24,186,313.2312824
2/29/2012 13:00,3,2,5.913269315,130.8995232,35.74556959,11,197,314.7249952
2/29/2012 14:00,4,1,6.782586875,118.9842364,40.07673132,24,153,234.1266716
2/29/2012 15:00,1,3,20.21863452,97.21069177,25.5823362,25,79,138.3616579
2/29/2012 16:00,1,1,5.090194565,126.4774524,20.33708474,35,37,160.8646358
2/29/2012 17:00,2,4,14.17520018,91.90200556,22.78157788,15,136,259.2861934
2/29/2012 18:00,2,2,27.83703534,125.6471826,23.36842468,13,45,91.15426181
2/29/2012 19:00,3,4,25.99282872,127.6491259,46.60951456,45,171,298.6727768
2/29/2012 20:00,1,3,10.83192004,137.2440359,16.59321079,33,41,188.4844907
2/29/2012 21:00,1,4,30.93308408,94.74048653,47.21489489,48,196,321.1672896
2/29/2012 22:00,2,4,13.61046801,128.8506218,33.23144077,23,22,171.32168
2/29/2012 23:00,4,1,3.936861372,66.37702397,28.3170151,7,105,232.729444
3/1/2012 0:00,3,4,,,,26,33,134.2595314
3/1/2012 1:00,3,1,,,,38,149,256.7353546
3/1/2012 2:00,2,1,16.11709912,117.522071,25.67450536,12,196,278.3141101
3/1/2012 3:00,1,2,21.26450943,59.16168455,30.11431895,28,192,304.8664886
3/1/2012 4:00,2,3,21.30828262,90.08366902,46.0340537,30,153,228.642394
3/1/2012 5:00,2,3,9.398086524,62.4471383,42.68278443,42,54,136.1230295
3/1/2012 6:00,2,3,44.3146553,364.6179259,196.4903704,18,14,44.75598834
3/1/2012 7:00,2,1,12.26039562,134.5164026,44.8196949,9,193,282.2929183
3/1/2012 8:00,4,3,28.56088033,123.870899,52.66500716,42,180,364.1207382
3/1/2012 9:00,4,1,0.118786951,91.8086865,18.50720904,47,78,146.2653406
3/1/2012 10:00,1,2,24.05957194,134.9155243,58.5725488,39,10,124.482688
3/1/2012 11:00,2,3,3.741887616,118.3258249,33.30582489,33,57,164.608054
3/1/2012 12:00,4,1,16.90107353,115.9159407,44.00642599,45,41,162.4989964
3/1/2012 13:00,1,3,,,,48,80,246.7917356
3/1/2012 14:00,2,3,17.99620307,134.3955022,38.12276846,48,196,298.4623324
3/1/2012 15:00,3,2,,,,42,160,224.7535497
3/1/2012 16:00,4,4,15.58657507,98.10400794,20.94958056,0,171,236.1393871
3/1/2012 17:00,1,3,13.27807077,82.70123376,30.86893574,18,88,167.159588
3/1/2012 18:00,3,2,5.599127046,122.9283838,15.71931355,0,134,148.2939735
3/1/2012 19:00,2,3,6.342083107,109.9133425,17.51653266,23,116,227.6127175
3/1/2012 20:00,2,3,23.79732692,115.192277,43.84991755,24,51,120.694495
3/1/2012 21:00,2,3,16.51318927,80.10263656,12.06401057,3,12,93.80865275
3/1/2012 22:00,4,3,8.647663601,338.2859446,216.9615352,23,31,124.4432071
3/1/2012 23:00,1,4,18.19176242,106.0682549,42.99733067,38,38,125.1347065
3/2/2012 0:00,3,4,31.2057,127.3229639,30.84568147,19,77,204.100784
3/2/2012 1:00,1,3,,,,32,62,166.9649609
3/2/2012 2:00,4,3,19.24172773,73.72883221,16.41802,27,19,129.0637005
3/2/2012 3:00,1,2,,,,42,15,156.0545428
3/2/2012 4:00,4,2,0.422160059,56.24867761,45.9967413,44,157,291.1442124
3/2/2012 5:00,2,1,4.184662467,50.27333349,24.85422914,34,104,223.8659804
3/2/2012 6:00,3,4,15.90933657,79.90901085,12.52051495,23,146,225.8170382
3/2/2012 7:00,2,3,22.98886007,135.1440527,24.55987762,39,100,187.2022655
3/2/2012 8:00,1,4,7.981658316,126.2616022,19.06828973,43,73,202.3318812
3/2/2012 9:00,2,2,17.88660763,91.16621193,47.63670588,1,71,124.7658291
3/2/2012 10:00,3,4,,,,22,77,204.4833724
3/2/2012 11:00,2,4,8.65822658,109.1379327,34.3246913,32,157,266.7907977
3/2/2012 12:00,3,3,19.09377548,132.8525243,51.73414648,13,105,219.1622077
3/2/2012 13:00,3,3,24.89638847,127.7676321,18.94301906,14,161,227.1575458
3/2/2012 14:00,2,2,,,,31,166,244.5216351
3/2/2012 15:00,4,3,28.43677992,85.54828537,44.34580715,22,48,202.1506479
3/2/2012 16:00,1,2,14.8936706,63.8119826,10.76702161,3,100,180.3272746
3/2/2012 17:00,4,2,23.87515991,104.2142633,29.93858893,19,119,247.2347105
3/2/2012 18:00,4,1,6.785914695,113.745115,36.77661941,30,132,201.5075039
3/2/2012 19:00,2,1,24.55972437,80.64271676,27.63657909,6,104,183.4011673
3/2/2012 20:00,1,1,33.07753169,122.5750083,31.87988621,0,42,162.9897475
3/2/2012 21:00,1,4,0.759498199,94.88730847,39.23699992,4,46,85.00714706
3/2/2012 22:00,4,1,11.93965042,141.9277824,29.83553088,13,186,349.2322131
3/2/2012 23:00,2,3,22.0927719,61.68109127,15.26222565,29,196,313.0758369
3/3/2012 0:00,1,3,24.05345673,67.93479992,15.91215618,37,144,238.4585574
3/3/2012 1:00,4,1,6.702970577,83.65739221,35.9826504,22,18,132.6120002
3/3/2012 2:00,1,4,29.46982945,60.88053392,17.84729998,6,173,294.3545509
3/3/2012 3:00,2,2,21.87024291,115.3683987,54.06647205,43,116,216.3406145
3/3/2012 4:00,2,4,7.412948138,64.30130287,52.12379339,38,55,154.6735155
3/3/2012 5:00,2,4,0.515396962,116.2986761,26.78985717,49,153,291.6352415
3/3/2012 6:00,1,2,25.03585052,56.78626706,51.44197556,15,193,304.0789292
3/3/2012 7:00,3,2,1.129640232,81.40269372,36.56950696,8,141,225.2621498
3/3/2012 8:00,1,2,7.050231638,123.586702,17.29789163,38,179,311.3124455
3/3/2012 9:00,3,3,18.1693802,136.5903116,39.64913554,45,91,243.8757134
3/3/2012 10:00,2,2,18.69782347,96.77592447,43.12090087,33,131,251.4954577
3/3/2012 11:00,4,2,22.00889513,132.2427387,14.56629062,30,130,221.5789651
3/3/2012 12:00,3,4,13.36065965,110.0207392,26.18054166,44,78,203.7221128
3/3/2012 13:00,2,4,26.48530571,83.64422234,8.81134865,6,149,290.0644153
3/3/2012 14:00,2,1,31.89302915,131.3252097,25.23917011,1,111,204.3963469
3/3/2012 15:00,3,4,9.303433202,76.29342279,25.69825248,5,49,173.6383299
3/3/2012 16:00,4,2,24.1089929,78.1608715,41.99214013,43,191,301.0281187
3/3/2012 17:00,2,3,30.14853713,118.7030874,19.16199645,33,9,132.3645422
3/3/2012 18:00,3,4,21.23927053,89.57479477,13.38513353,16,183,305.3418003
3/3/2012 19:00,4,4,21.68844183,64.40664601,25.68311577,25,97,249.4721211
3/3/2012 20:00,4,2,,,,11,15,145.3941002
3/3/2012 21:00,2,4,18.57922102,126.0387573,28.6326202,19,36,104.0154726
3/3/2012 22:00,1,4,17.67006493,110.4763988,30.44995715,40,99,256.1761221
3/3/2012 23:00,1,2,21.74870478,89.90393685,33.75541052,45,182,360.2276231
3/4/2012 0:00,2,4,35.37245192,129.127767,46.24693804,34,21,120.427852
3/4/2012 1:00,4,3,4.429823563,91.45593799,33.71158028,34,121,210.8677536
3/4/2012 2:00,2,1,1.984567724,106.9924518,15.30409434,28,31,140.9958068
3/4/2012 3:00,3,4,5.033068646,131.4764407,19.68578146,47,171,306.1408644
3/4/2012 4:00,1,3,24.08330554,135.8493872,18.23247357,37,80,189.2809522
3/4/2012 5:00,3,4,6.435127664,96.0962261,36.88817857,30,72,149.2080819
3/4/2012 6:00,2,1,,,,39,179,345.0094122
3/4/2012 7:00,2,2,13.69215384,86.89051734,24.03309113,12,32,101.0655219
3/4/2012 8:00,4,1,69.38336925,412.325838,161.7684117,25,119,211.6836322
3/4/2012 9:00,4,4,,,,21,96,203.1923454
3/4/2012 10:00,4,1,29.65352312,100.4490151,45.83181792,7,129,174.7713069
3/4/2012 11:00,3,1,19.6411388,70.3036532,29.05560857,39,13,88.50602052
3/4/2012 12:00,4,2,130.9728734,235.1725836,242.8299847,6,100,176.049412
3/4/2012 13:00,2,4,19.47347082,114.065027,55.71796136,4,60,171.7960336
3/4/2012 14:00,4,1,5.14363771,131.5308828,50.19720581,0,64,152.6943842
3/4/2012 15:00,1,1,6.764741018,64.29090951,56.70446749,44,85,150.2995564
3/4/2012 16:00,4,2,30.11833026,73.18694541,18.06718727,39,29,192.7931024
3/4/2012 17:00,3,3,,,,10,26,143.0580459
3/4/2012 18:00,1,4,1.115446842,119.3493537,26.38899966,31,63,182.8933528
3/4/2012 19:00,1,3,,,,6,32,126.1159389
3/4/2012 20:00,1,3,12.25402556,58.22900707,29.64934563,28,52,183.4197882
3/4/2012 21:00,3,2,10.52036423,99.18648652,24.42846403,29,79,261.0340572
3/4/2012 22:00,2,2,6.480572591,131.50941,56.85324714,20,137,266.6874131
3/4/2012 23:00,4,4,26.31718454,64.42304961,20.02785837,38,154,284.1839151
3/5/2012 0:00,1,3,-1.126187953,88.54096747,46.96542302,47,164,257.5130647
3/5/2012 1:00,1,1,13.51983421,110.3219068,42.94439803,43,129,260.2888784
3/5/2012 2:00,1,3,13.03906532,76.43131112,23.62800738,42,93,241.5798906
3/5/2012 3:00,2,2,7.403069461,87.23671226,31.66664901,40,109,228.9522251
3/5/2012 4:00,2,1,20.75197689,109.2169323,17.76221209,38,42,147.7514125
3/5/2012 5:00,3,1,,,,19,146,265.0715857
3/5/2012 6:00,2,2,14.50314068,81.29014012,57.62652274,21,114,188.8477251
3/5/2012 7:00,4,1,,,,28,98,235.5556083
3/5/2012 8:00,3,3,,,,45,10,125.4770455
3/5/2012 9:00,3,2,9.976566374,132.1255893,12.16853805,3,51,73.89731382
3/5/2012 10:00,4,4,15.9390816,73.06417914,29.04996599,2,125,196.9558481
3/5/2012 11:00,4,2,19.34747989,111.2948744,27.20975283,8,121,210.911992
3/5/2012 12:00,4,4,25.6812208,130.5741513,40.3421984,4,31,135.2278231
3/5/2012 13:00,3,4,8.873812011,132.1022375,17.79290983,2,79,177.7918216
3/5/2012 14:00,3,2,28.08954277,107.6844324,38.80091224,24,28,96.99405241
3/5/2012 15:00,3,2,,,,31,35,153.3976795
3/5/2012 16:00,4,4,22.29880399,97.60860789,15.22053126,32,174,273.7420019
3/5/2012 17:00,4,4,5.979718167,88.00583662,15.19102594,17,87,176.982815
3/5/2012 18:00,1,1,1.105867642,118.1545776,11.64159473,44,170,267.8697956
3/5/2012 19:00,2,2,21.4196198,114.0442364,46.84099875,35,111,228.3168592
3/5/2012 20:00,1,2,30.10970068,119.8410715,25.67587838,49,51,277.8444263
3/5/2012 21:00,4,1,,,,40,52,231.5919765
3/5/2012 22:00,3,2,10.45105956,114.1841343,47.89461516,28,67,148.9648634
3/5/2012 23:00,4,1,8.631518638,136.3034491,16.0829255,38,132,255.9316963
3/6/2012 0:00,2,1,23.29014829,131.949863,28.66727576,46,82,202.5611357
3/6/2012 1:00,1,2,24.64977773,108.9856258,47.06431272,44,175,307.2688465
3/6/2012 2:00,1,3,9.061089661,115.8291293,38.49595323,1,114,226.5246683
3/6/2012 3:00,3,4,2.111585102,94.15788957,36.64185764,10,151,241.1830751
3/6/2012 4:00,1,2,14.43258196,69.75797343,17.97050592,30,123,215.7231753
3/6/2012 5:00,1,3,16.6750953,62.24695022,20.18794676,3,125,246.8119934
3/6/2012 6:00,4,1,23.28623832,100.3825112,38.89553506,28,111,186.1238737
3/6/2012 7:00,1,3,27.13066721,74.19356821,12.25312743,49,0,138.8513318
3/6/2012 8:00,1,2,21.19224527,116.2620293,55.44191442,2,98,139.6165047
3/6/2012 9:00,1,2,7.306245741,116.7653222,29.79521845,1,1,55.44478669
3/6/2012 10:00,3,3,20.78127005,109.8108541,29.38736735,43,137,286.5980356
3/6/2012 11:00,3,2,30.32114006,64.92210899,21.48344853,35,190,288.9000248
3/6/2012 12:00,4,4,,,,13,58,99.01231765
3/6/2012 13:00,1,3,27.7166583,70.31248315,42.00703819,47,5,114.6558615
3/6/2012 14:00,3,1,11.34286493,75.87049709,33.83587835,3,103,165.4708576
3/6/2012 15:00,3,3,24.26426061,143.343879,39.64736934,43,82,171.5204303
3/6/2012 16:00,4,3,25.77040343,85.84923452,27.56774118,29,175,304.9214268
3/6/2012 17:00,2,3,25.48630893,86.47168388,32.42026951,18,163,219.0418721
3/6/2012 18:00,1,3,8.359334139,60.19907103,27.59082373,18,47,131.8355604
3/6/2012 19:00,3,1,28.26565341,106.3142854,28.7945594,43,156,287.5033574
3/6/2012 20:00,4,1,14.52423243,107.3182154,25.51828169,30,119,223.2448679
3/6/2012 21:00,4,1,1.797790539,74.89673757,12.44706991,14,168,254.4302943
3/6/2012 22:00,4,3,3.9041182,128.4008976,9.975675053,28,87,177.9022816
3/6/2012 23:00,3,4,19.41592755,122.6828323,17.52030001,2,127,177.047325
3/7/2012 0:00,1,4,16.29253465,83.72761491,22.74919386,18,72,155.5355619
3/7/2012 1:00,2,1,3.416342569,94.52386475,54.68317445,21,31,156.3926375
3/7/2012 2:00,1,4,25.92427361,94.96443703,40.416597,46,103,220.6719736
3/7/2012 3:00,4,4,28.72112943,89.0706407,58.6624395,19,4,112.7284337
3/7/2012 4:00,4,4,25.27200884,127.493409,27.62729025,6,84,208.2618324
3/7/2012 5:00,2,4,32.95428573,241.5065699,123.564899,3,16,121.7699033
3/7/2012 6:00,1,4,,,,0,23,69.51487744
3/7/2012 7:00,4,2,-3.314423948,353.001077,159.4825808,40,127,265.2695686
3/7/2012 8:00,4,1,,,,6,90,212.2883615
3/7/2012 9:00,1,3,12.21628006,129.4334614,36.37174634,21,111,199.4198073
3/7/2012 10:00,4,4,28.43131255,75.83388531,40.11244557,36,81,154.3445747
3/7/2012 11:00,1,2,,,,29,85,185.7199505
3/7/2012 12:00,4,3,,,,8,5,103.6100133
3/7/2012 13:00,1,2,8.586893898,73.02174367,59.06738276,26,27,155.7681108
3/7/2012 14:00,2,4,16.25222062,64.15819411,56.58045156,37,105,211.4010159
3/7/2012 15:00,4,4,30.72517066,92.91913009,30.76352613,22,147,192.9862903
3/7/2012 16:00,2,4,,,,11,120,177.7862353
3/7/2012 17:00,4,4,,,,12,146,253.903665
3/7/2012 18:00,4,3,8.067301669,74.79723864,17.26925255,32,7,183.8538316
3/7/2012 19:00,3,3,,,,14,17,115.5027574
3/7/2012 20:00,1,2,23.81792528,109.325972,30.13676301,15,36,175.5750325
3/7/2012 21:00,2,1,3.514851763,60.38537375,11.63864106,33,188,274.5076274
3/7/2012 22:00,2,4,3.837444756,148.0664984,42.34491886,8,172,245.8146921
3/7/2012 23:00,2,2,19.27071015,88.56096737,17.02303829,41,37,93.06290104
3/8/2012 0:00,1,2,6.750876092,108.982696,34.37880485,26,1,123.3884413
3/8/2012 1:00,3,2,8.364973092,124.6197494,15.22781083,47,182,287.517865
3/8/2012 2:00,2,4,11.32230014,83.85580068,50.77024547,14,142,259.3272303
3/8/2012 3:00,1,4,9.859026477,123.3739166,48.70678688,34,58,162.3123151
3/8/2012 4:00,4,2,18.07310675,126.5484881,29.14402943,33,74,253.0637913
3/8/2012 5:00,2,4,30.33670191,75.51435406,54.12231733,39,132,310.2330585
3/8/2012 6:00,2,2,6.10973629,135.20387,17.95813015,29,105,150.3634999
3/8/2012 7:00,3,3,14.42916134,59.68734724,50.71702005,47,147,297.228564
3/8/2012 8:00,2,4,31.98519884,75.88304032,36.40940168,22,81,166.2209173
3/8/2012 9:00,2,3,,,,8,139,251.9540858
3/8/2012 10:00,4,1,13.60140332,73.21100694,13.81545597,31,184,260.2627226
3/8/2012 11:00,1,4,98.9242587,433.7139761,78.42593708,34,112,274.8397747
3/8/2012 12:00,1,1,9.464297081,138.0603029,53.37191691,48,80,244.5511688
3/8/2012 13:00,3,2,25.4113874,141.9121363,39.52873285,31,67,141.2454776
3/8/2012 14:00,4,4,29.4834922,105.880724,19.66039219,44,18,142.2463789
3/8/2012 15:00,1,4,,,,15,86,191.5852354
3/8/2012 16:00,4,4,16.42791659,98.54026026,14.20346124,31,26,164.3205628
3/8/2012 17:00,1,1,7.503067511,77.22222662,14.32943454,24,115,224.4102362
3/8/2012 18:00,4,1,18.71027972,103.2923645,55.03317084,29,180,318.3875158
3/8/2012 19:00,3,2,19.05095857,111.3813184,32.63382079,36,169,288.7010453
3/8/2012 20:00,2,3,,,,36,115,255.2048735
3/8/2012 21:00,3,3,4.114030474,107.2284691,57.25228979,34,44,122.8434353
3/8/2012 22:00,1,1,13.65909289,98.42207787,29.61992593,44,77,206.1273321
3/8/2012 23:00,3,4,22.47040146,105.6574803,27.62654867,7,67,194.4384513
3/9/2012 0:00,2,3,10.60175322,136.9783362,24.04955618,39,195,362.2950902
3/9/2012 1:00,3,3,7.729464213,101.8617982,37.31414286,48,151,290.1813632
3/9/2012 2:00,1,1,,,,46,86,215.0438281
3/9/2012 3:00,1,2,21.84032048,125.6643289,9.787627716,35,35,197.0866236
3/9/2012 4:00,3,1,19.46415091,81.05901121,42.45291244,24,132,239.0454604
3/9/2012 5:00,2,1,30.58729943,121.5736753,47.97688151,17,26,163.4368482
3/9/2012 6:00,3,4,10.55229192,71.76380867,40.69448982,38,164,284.9294603
3/9/2012 7:00,2,1,25.85183489,87.9595468,53.16533836,9,26,122.3564483
3/9/2012 8:00,4,4,24.42023891,67.1401531,21.08281593,0,94,147.0426756
3/9/2012 9:00,2,2,13.93521663,67.23968288,17.99995647,3,75,126.7334904
3/9/2012 10:00,4,4,7.504679532,113.0953007,41.7811765,25,174,314.5835957
3/9/2012 11:00,3,2,9.992165133,95.38016577,18.89381717,10,191,338.9520337
3/9/2012 12:00,2,2,30.11587848,125.9570473,15.44252577,14,133,236.4665911
3/9/2012 13:00,4,2,13.66470711,103.2276732,12.74864445,31,75,187.3372289
3/9/2012 14:00,4,1,,,,14,183,314.0299846
3/9/2012 15:00,4,4,,,,27,127,250.499455
3/9/2012 16:00,1,3,28.80125058,112.8780863,23.21791062,22,141,177.4565997
3/9/2012 17:00,3,1,10.94413434,128.4099636,15.20377475,2,21,139.2442244
3/9/2012 18:00,4,2,12.20821901,110.5036205,48.10482389,31,182,259.3547075
3/9/2012 19:00,2,3,15.08374102,70.54475906,34.48911501,19,74,179.1380112
3/9/2012 20:00,4,1,57.15788346,459.9721162,76.45707917,13,103,189.2728191
3/9/2012 21:00,1,3,58.98728069,330.1494755,186.0149753,34,51,152.3254491
3/9/2012 22:00,3,2,17.43176633,98.07153103,49.5447506,39,102,228.9811322
3/9/2012 23:00,1,3,26.37083449,139.0796861,37.09542613,41,183,337.4096355
3/10/2012 0:00,1,3,,,,8,101,196.568251
3/10/2012 1:00,1,2,,,,46,120,294.9532731
3/10/2012 2:00,2,3,7.076657343,86.09647215,56.01089913,23,76,231.7042738
3/10/2012 3:00,3,1,26.35120452,63.39647468,12.91065475,40,5,177.4581982
3/10/2012 4:00,3,3,8.070555981,106.2894681,22.31674987,3,147,235.0644727
3/10/2012 5:00,2,4,6.888600611,104.6301004,23.52855563,11,53,136.4211894
3/10/2012 6:00,3,1,,,,23,1,109.7846346
3/10/2012 7:00,1,3,26.91811373,88.45761557,43.83711236,0,71,191.5830647
3/10/2012 8:00,3,4,,,,13,157,288.8121464
3/10/2012 9:00,2,4,29.63964968,63.03557794,21.86868512,30,90,129.0228608
3/10/2012 10:00,1,4,31.98097924,81.1052328,55.92311048,9,127,232.0824218
3/10/2012 11:00,2,3,,,,32,181,228.8944268
3/10/2012 12:00,4,2,22.99545582,145.8481223,54.59865501,35,131,252.3906136
3/10/2012 13:00,1,4,22.52767331,97.29879661,51.37998626,41,198,310.1204164
3/10/2012 14:00,1,2,8.518687525,137.9683855,30.31758508,34,174,269.9108017
3/10/2012 15:00,3,1,9.474691633,82.26106022,15.62928119,47,87,246.5239398
3/10/2012 16:00,1,2,25.8358757,79.45018484,40.53333219,17,95,179.6555663
3/10/2012 17:00,2,2,12.67468851,127.7626273,28.67418228,24,146,256.8168924
3/10/2012 18:00,3,2,6.97799085,135.7826244,31.73332682,11,41,111.1588833
3/10/2012 19:00,4,2,12.24039037,80.95693992,32.43509009,27,98,214.3694668
3/10/2012 20:00,2,2,10.16381605,64.21739634,55.70942604,8,169,292.9776181
3/10/2012 21:00,4,1,30.70419734,70.20740249,12.56550989,23,50,133.8773049
3/10/2012 22:00,4,1,26.62134524,79.72325727,20.69765852,19,2,127.4396051
3/10/2012 23:00,4,2,17.06523534,122.4243612,40.18786986,25,36,149.9640054
3/11/2012 0:00,1,2,30.8928641,101.501981,53.45684687,4,21,113.7169228
3/11/2012 1:00,2,4,28.47180797,92.50078552,55.23716839,26,160,262.813012
3/11/2012 2:00,2,1,,,,27,102,239.5553849
3/11/2012 3:00,1,3,28.4799731,128.95334,12.57109527,36,97,240.5086281
3/11/2012 4:00,3,1,15.58528766,78.6959373,27.8183582,39,176,298.4059782
3/11/2012 5:00,4,3,9.792018218,116.4937653,56.57012987,6,86,185.5173057
3/11/2012 6:00,2,4,,,,18,181,308.7541797
3/11/2012 7:00,1,2,20.26668504,68.9434764,45.29270513,21,61,185.7384134
3/11/2012 8:00,4,4,16.85347565,124.4910395,22.42263596,17,34,129.3216828
3/11/2012 9:00,3,2,21.82830142,111.596792,10.64221827,14,28,164.5199687
3/11/2012 10:00,3,1,24.00663141,62.69451272,37.42636513,32,65,210.5008225
3/11/2012 11:00,4,2,1.604486925,93.20256536,51.07978023,38,124,312.9418172
3/11/2012 12:00,3,3,5.977829484,113.3507603,60.8680672,4,49,93.54552674
3/11/2012 13:00,2,3,20.88494644,111.2644084,52.14395653,39,13,160.7201455
3/11/2012 14:00,2,4,6.289964763,103.5709447,36.77960566,36,47,205.2512338
3/11/2012 15:00,2,1,89.1359735,316.7027131,173.4955184,4,43,164.8715358
3/11/2012 16:00,3,3,18.05503731,127.0129845,50.1268591,36,71,187.1631099
3/11/2012 17:00,2,4,25.38926939,83.42664561,9.876300069,42,128,216.877787
3/11/2012 18:00,1,1,10.77029424,91.13395981,58.65837372,6,155,294.9901106
3/11/2012 19:00,2,1,25.12094363,85.61802354,37.07090949,1,2,76.37614039
3/11/2012 20:00,2,4,24.91802785,114.9285742,57.32023435,29,117,224.9931126
3/11/2012 21:00,3,3,30.53758981,70.36015861,48.91290226,48,198,395.8809226
3/11/2012 22:00,2,3,26.3592834,89.34224546,17.7722919,10,97,156.7190363
3/11/2012 23:00,4,4,,,,36,47,195.5071087
3/12/2012 0:00,1,3,7.857898833,71.74939837,25.13549943,38,125,228.3548519
3/12/2012 1:00,3,4,21.62174302,70.33635767,22.48643267,32,159,255.7245124
3/12/2012 2:00,1,3,29.09622017,109.2408959,32.89939474,8,8,109.0540986
3/12/2012 3:00,4,3,11.28745207,122.958501,39.62669027,10,184,302.3437843
3/12/2012 4:00,3,4,12.74370084,118.2312565,32.14594639,11,45,172.5865891
3/12/2012 5:00,3,4,8.990312903,103.8302751,12.86102186,9,57,186.5527946
3/12/2012 6:00,2,3,25.77532492,69.0590012,56.94372172,10,183,259.9390071
3/12/2012 7:00,1,4,15.01842104,142.5209144,30.71151031,32,14,99.85886633
3/12/2012 8:00,4,3,3.524482212,76.59432642,52.7674677,19,118,214.913401
3/12/2012 9:00,4,2,26.98783806,111.1631277,12.77212286,4,188,290.6451251
3/12/2012 10:00,3,1,20.10575473,126.7210051,49.99741008,46,143,271.0796723
3/12/2012 11:00,2,1,10.23811358,116.052684,18.92237284,23,114,116.3307074
3/12/2012 12:00,3,3,10.99314432,79.74988138,43.90393163,31,45,109.4895362
3/12/2012 13:00,3,1,13.6824253,94.52945534,43.99888564,30,70,181.1188008
3/12/2012 14:00,3,3,20.13351024,64.93362811,55.73631947,41,34,189.0170864
3/12/2012 15:00,3,4,13.57441659,111.0706338,24.93746958,43,65,169.2497303
3/12/2012 16:00,4,2,21.33635555,114.0179594,14.83644227,13,56,179.4093406
3/12/2012 17:00,4,1,,,,18,111,172.5621748
3/12/2012 18:00,3,1,20.24932504,68.01673023,27.78373802,41,33,170.1404227
3/12/2012 19:00,3,4,12.75463389,138.42754,21.02246186,23,30,149.3870145
3/12/2012 20:00,2,2,19.7044873,133.1716535,32.44408161,31,11,144.5917117
3/12/2012 21:00,3,2,28.05486453,74.88978539,17.61787862,11,192,261.3091928
3/12/2012 22:00,4,2,4.282396034,92.64590267,23.96237315,49,174,265.156743
3/12/2012 23:00,1,4,,,,20,64,194.3953939
3/13/2012 0:00,4,1,,,,35,128,205.8571801
3/13/2012 1:00,2,1,20.35644894,75.807991,33.35280834,24,78,167.5427597
3/13/2012 2:00,4,2,7.063419646,64.53309733,28.52671335,13,194,337.4486421
3/13/2012 3:00,1,4,25.2752019,124.2015722,49.09781935,7,13,113.8229483
3/13/2012 4:00,3,4,19.96509402,81.51321321,56.47380907,28,181,308.81702
3/13/2012 5:00,1,4,29.0880205,73.4485364,15.71434022,24,137,268.5245965
3/13/2012 6:00,3,2,6.420619295,129.1161354,50.31091812,22,66,194.4842418
3/13/2012 7:00,3,4,,,,35,83,206.2002887
3/13/2012 8:00,4,2,,,,47,127,235.8242676
3/13/2012 9:00,4,2,,,,11,49,229.4167923
3/13/2012 10:00,4,2,21.83924741,109.8144182,27.29315414,49,118,247.1441592
3/13/2012 11:00,2,3,14.71125213,114.0483725,50.43924896,11,127,236.8827422
3/13/2012 12:00,4,2,31.21854168,142.7971887,45.69968054,17,99,218.1836719
3/13/2012 13:00,2,4,5.599526507,88.16614917,24.97130787,35,90,198.0191369
3/13/2012 14:00,4,3,19.97263171,77.98748462,46.10776963,47,115,238.2651391
3/13/2012 15:00,3,1,9.472165503,71.67971955,36.87860306,49,163,345.7109506
3/13/2012 16:00,2,1,25.16342753,121.5023628,19.43932568,18,10,94.92280848
3/13/2012 17:00,1,4,5.64165996,113.4688111,17.80047305,47,130,278.4931974
3/13/2012 18:00,2,4,26.99635358,61.09222999,44.80294607,34,166,316.0240911
3/13/2012 19:00,2,4,24.21028841,89.66961735,45.21935947,48,9,139.7523719
3/13/2012 20:00,1,4,28.81497385,72.71704413,37.50294439,26,50,162.3883108
3/13/2012 21:00,2,3,5.164465036,90.80774832,33.75282012,2,31,150.9401659
3/13/2012 22:00,3,4,,,,12,179,276.1407137
3/13/2012 23:00,4,2,,,,37,71,134.9731397
3/14/2012 0:00,1,1,28.11326649,75.0510237,54.03616588,40,46,220.4340816
3/14/2012 1:00,4,4,21.73500444,86.89591391,54.59313839,18,12,90.08151389
3/14/2012 2:00,3,2,19.1357789,65.05943354,41.55346415,42,121,258.8382817
3/14/2012 3:00,1,4,26.73271593,122.6496731,59.62158907,34,66,149.8688336
3/14/2012 4:00,4,2,3.459394998,101.939939,55.70884404,14,52,140.1040101
3/14/2012 5:00,4,3,21.29668704,148.1819144,17.26847807,15,52,143.364025
3/14/2012 6:00,3,1,8.517021668,119.219869,29.65278439,34,142,270.7119494
3/14/2012 7:00,4,1,36.31765525,106.072095,17.27873512,4,180,247.2010667
3/14/2012 8:00,3,3,27.79613044,129.2430602,32.59004507,6,120,275.0282955
3/14/2012 9:00,2,2,25.20553033,114.8885992,49.56144766,20,41,151.3074461
3/14/2012 10:00,3,4,27.14587492,89.6447415,16.42707478,40,28,184.0309649
3/14/2012 11:00,2,2,13.21131636,103.9683818,52.39180579,0,46,135.3623102
3/14/2012 12:00,1,1,30.41819997,113.3608152,38.06824737,24,29,172.5742207
3/14/2012 13:00,4,3,,,,29,122,177.6649165
3/14/2012 14:00,3,3,23.79636976,86.33551989,12.23772593,18,13,99.57029452
3/14/2012 15:00,3,2,23.14505205,76.50764782,12.85105795,23,78,175.0870278
3/14/2012 16:00,4,2,5.764884189,80.91769884,41.21663119,45,110,228.8725898
3/14/2012 17:00,4,3,,,,14,58,177.3577426
3/14/2012 18:00,1,1,6.626637471,137.9218759,53.51742614,34,109,250.4406128
3/14/2012 19:00,1,4,31.82781991,126.5096958,44.75238367,23,105,215.6323786
3/14/2012 20:00,3,4,5.776847812,127.0647797,20.15075732,35,63,186.4032946
3/14/2012 21:00,1,2,,,,48,43,254.1258021
3/14/2012 22:00,2,3,101.8077508,433.1123472,229.3898923,13,13,125.6765252
3/14/2012 23:00,1,3,6.60647225,126.4654289,15.95161531,21,152,196.2107768
3/15/2012 0:00,1,3,19.74402418,98.78232167,44.97079102,38,90,241.0986431
3/15/2012 1:00,3,1,81.92962787,455.6158957,154.790471,7,43,156.8075074
3/15/2012 2:00,2,2,4.18226473,92.58987891,31.63818406,47,60,231.8321812
3/15/2012 3:00,1,2,30.11307839,132.8079799,33.98344103,15,1,124.0320669
3/15/2012 4:00,2,2,,,,45,78,185.9657712
3/15/2012 5:00,2,1,9.725579313,132.339812,52.96478871,16,73,205.8368392
3/15/2012 6:00,2,2,19.92117014,66.69752818,52.5027465,4,170,267.1441774
3/15/2012 7:00,4,4,9.72740301,86.81893892,29.97661154,40,8,169.5782277
3/15/2012 8:00,4,2,30.11968614,79.49441911,14.52222617,34,188,358.6585723
3/15/2012 9:00,4,2,30.34680788,99.90180948,60.47122627,36,194,316.593919
3/15/2012 10:00,4,2,18.26426199,99.50181416,16.2622601,17,151,284.5521251
3/15/2012 11:00,3,1,15.64834709,76.97459382,35.75892888,20,192,333.316133
3/15/2012 12:00,1,4,12.06198623,112.7605825,23.69524236,41,165,301.0973404
3/15/2012 13:00,4,4,,,,0,197,346.1058702
3/15/2012 14:00,3,3,18.03963894,130.2559445,24.2608931,16,132,269.7577861
3/15/2012 15:00,1,3,24.41302731,80.15475737,55.4463067,7,67,146.8581704
3/15/2012 16:00,4,4,9.814171095,102.565033,58.24257426,28,194,320.2505198
3/15/2012 17:00,1,2,5.871073277,111.2518609,27.5357523,19,157,292.281538
3/15/2012 18:00,4,2,19.3801331,109.5954961,12.43566174,48,61,257.1074884
3/15/2012 19:00,3,2,,,,49,134,292.1588416
3/15/2012 20:00,2,1,24.70037469,132.1840545,30.22442819,36,178,313.2452887
3/15/2012 21:00,2,2,18.13611749,121.6416544,59.73676156,38,159,325.5042595
3/15/2012 22:00,1,1,17.80833823,141.7900091,15.1652617,4,106,194.0345491
3/15/2012 23:00,3,4,14.86652009,136.9022936,15.09343947,9,73,142.9470643
3/16/2012 0:00,2,2,29.39812151,115.3219976,44.62212813,5,100,216.787572
3/16/2012 1:00,4,2,7.073850731,136.3908478,49.07817661,6,25,110.3581903
3/16/2012 2:00,2,3,29.3114463,133.8047816,33.88926107,34,42,248.2046661
3/16/2012 3:00,1,4,14.14795438,139.5984084,23.8388284,26,108,232.349059
3/16/2012 4:00,1,2,34.17760366,126.0611543,25.21760402,41,61,214.0843967
3/16/2012 5:00,3,1,22.14065576,136.2093915,27.98941547,20,158,249.9669434
3/16/2012 6:00,1,4,8.877277363,104.7155347,22.2975049,23,22,173.7830811
3/16/2012 7:00,2,3,29.43750188,81.57443361,53.09567213,28,63,181.064972
3/16/2012 8:00,2,4,,,,26,71,184.1657304
3/16/2012 9:00,2,1,7.414677713,114.8270477,29.92029425,37,182,306.9145401
3/16/2012 10:00,2,3,3.505497327,82.22777599,47.99058717,1,143,196.2164588
3/16/2012 11:00,3,1,,,,24,119,226.4711765
3/16/2012 12:00,4,4,20.6661087,116.853656,52.92404413,1,8,116.4003395
3/16/2012 13:00,4,3,26.43291871,101.7676901,43.77804042,37,3,84.68217172
3/16/2012 14:00,3,1,22.59830285,70.64001283,14.82487772,17,38,176.722226
3/16/2012 15:00,1,4,23.87623881,72.56798891,53.94949584,41,43,167.050401
3/16/2012 16:00,4,1,25.84291855,119.4877825,34.69468314,6,40,144.4707589
3/16/2012 17:00,1,2,19.52276455,82.92262914,42.40562908,48,12,84.13693026
3/16/2012 18:00,4,4,11.83444856,104.5888708,56.9192352,3,75,175.9353822
3/16/2012 19:00,1,3,30.07559305,129.1515516,54.42410963,43,139,241.919775
3/16/2012 20:00,3,3,1.621249427,116.6173866,28.50056974,39,23,142.6988446
3/16/2012 21:00,2,2,19.85694849,78.0023684,22.97865094,40,47,131.2470463
3/16/2012 22:00,1,1,24.15555212,74.05537573,22.40656727,9,98,171.8429855
3/16/2012 23:00,2,1,11.64035289,107.1388111,48.02329184,40,31,157.4211058
3/17/2012 0:00,1,3,2.337058804,131.2544776,55.72220714,27,165,275.2037082
3/17/2012 1:00,1,1,2.72238852,74.82224884,13.73083005,29,193,339.92062
3/17/2012 2:00,1,4,24.39491942,94.10158611,10.85822715,23,181,239.3710072
3/17/2012 3:00,1,4,32.88162036,133.6785976,50.43073167,35,20,144.9004963
3/17/2012 4:00,1,3,20.65142807,131.5681353,28.74855753,15,158,261.4975337
3/17/2012 5:00,2,4,17.75964554,106.2728318,23.84847974,32,63,172.7642404
3/17/2012 6:00,1,3,12.29667854,66.49854326,17.00495204,9,179,252.1307186
3/17/2012 7:00,2,1,,,,47,162,333.6206533
3/17/2012 8:00,3,1,,,,20,143,316.0151962
3/17/2012 9:00,4,1,13.18311498,91.39186145,59.10696437,26,167,233.1904048
3/17/2012 10:00,1,2,17.47028974,99.09475534,25.98471779,20,89,172.9151449
3/17/2012 11:00,4,3,10.27405594,109.4290729,56.41402565,26,37,124.5383353
3/17/2012 12:00,2,4,6.958640026,81.73065978,24.86427238,31,184,298.25196
3/17/2012 13:00,3,1,26.64409956,138.5042135,53.63625905,4,2,135.4014436
3/17/2012 14:00,3,2,30.7672078,118.0085799,23.17074984,34,164,305.5846527
3/17/2012 15:00,3,4,32.17429744,107.5941452,53.1440753,21,99,207.1674293
3/17/2012 16:00,4,4,24.2799079,142.1708386,26.73555434,35,1,128.3023539
3/17/2012 17:00,2,4,3.617898252,114.5147931,19.22716468,9,2,93.26957082
3/17/2012 18:00,1,1,23.89220014,135.1515821,55.20193518,33,103,250.0278314
3/17/2012 19:00,1,4,4.307537861,79.66529505,19.80224791,5,174,296.7069592
3/17/2012 20:00,2,3,23.84090648,81.81273927,59.31152673,13,105,227.6643242
3/17/2012 21:00,4,2,23.06330971,113.2637636,14.99769817,36,110,172.0576323
3/17/2012 22:00,1,4,26.10077975,106.175282,12.4898661,18,89,199.3765805
3/17/2012 23:00,2,4,31.74378328,90.19796297,52.16040383,31,26,143.4147763
3/18/2012 0:00,1,3,27.8171473,122.0887083,39.22112666,19,190,330.7784479
3/18/2012 1:00,3,4,22.86973225,63.78716197,28.95322004,20,37,156.2410308
3/18/2012 2:00,1,1,,,,14,171,293.7984881
3/18/2012 3:00,4,1,,,,16,7,100.2659206
3/18/2012 4:00,2,1,11.58693823,125.221195,30.73067232,43,22,185.3352861
3/18/2012 5:00,4,4,29.22606328,98.13746318,33.82747223,44,133,306.196282
3/18/2012 6:00,2,2,13.18563207,148.7099903,40.05696433,23,152,218.4006067
3/18/2012 7:00,3,2,7.936609671,97.45776152,39.83669566,20,58,131.353188
3/18/2012 8:00,2,4,,,,47,184,346.1409826
3/18/2012 9:00,1,2,,,,14,57,158.1241186
3/18/2012 10:00,1,2,30.98764794,119.8645993,27.33224765,10,143,276.1858163
3/18/2012 11:00,3,4,7.561178346,104.8082117,25.92273826,36,25,160.6075504
3/18/2012 12:00,2,1,29.17402952,132.3717201,34.72741388,29,78,220.1674814
3/18/2012 13:00,3,4,25.11785664,131.6213992,21.77631289,17,174,260.9928545
3/18/2012 14:00,1,1,24.39215049,134.5443321,25.83543324,27,95,224.6323196
3/18/2012 15:00,4,1,17.15892513,69.81798793,52.33548238,12,167,281.7459922
3/18/2012 16:00,3,2,7.675564548,125.5119632,54.22345855,42,146,259.8287488
3/18/2012 17:00,4,2,27.83373771,82.44676887,42.63312877,9,116,247.5749091
3/18/2012 18:00,4,1,11.24027114,65.93287017,37.78441656,46,171,252.6929941
3/18/2012 19:00,2,1,13.25815336,86.89794261,30.74996168,38,98,234.8123953
3/18/2012 20:00,3,2,,,,11,153,217.7874075
3/18/2012 21:00,4,3,21.61869967,130.0548735,49.61840194,49,51,161.9692243
3/18/2012 22:00,4,1,11.9232526,89.8581537,46.94131703,37,164,323.2464286
3/18/2012 23:00,2,1,7.970615308,74.65874844,10.99991474,40,76,175.6976276
3/19/2012 0:00,2,1,6.581227642,117.6180362,45.4173867,47,46,151.4597558
3/19/2012 1:00,1,2,26.38331372,140.5237564,45.05082098,39,199,348.1621478
3/19/2012 2:00,4,4,5.127287205,111.0253193,15.85333736,25,13,97.45751712
3/19/2012 3:00,1,1,30.64148557,118.9240767,17.47181081,43,153,319.3558859
3/19/2012 4:00,4,1,,,,18,46,176.1763184
3/19/2012 5:00,1,1,19.5348926,460.4587131,157.9425414,22,93,184.5374124
3/19/2012 6:00,2,4,19.96827451,137.1863127,52.63573101,47,105,274.3065663
3/19/2012 7:00,3,4,5.928834342,110.5610912,20.00774326,35,140,209.7667913
3/19/2012 8:00,2,1,96.36593241,371.542363,50.31655672,26,138,271.1271797
3/19/2012 9:00,1,1,27.91518931,134.4915509,17.93000078,15,1,71.59406718
3/19/2012 10:00,1,3,7.180485403,150.7318212,35.59009959,6,157,240.3106076
3/19/2012 11:00,3,4,,,,12,114,205.2768713
3/19/2012 12:00,4,3,13.86790534,106.844407,50.86827337,11,23,165.5086706
3/19/2012 13:00,1,1,,,,26,81,185.0569573
3/19/2012 14:00,1,1,12.83188993,109.6754842,58.49020162,32,22,144.7653394
3/19/2012 15:00,1,1,31.86082311,90.30055975,14.90991147,30,116,226.0073057
3/19/2012 16:00,3,1,6.230508901,120.0104442,17.18910114,10,69,142.7018964
3/19/2012 17:00,2,2,26.58701607,78.72790422,13.98216351,16,109,187.3006566
3/19/2012 18:00,1,2,84.78484747,356.2378239,147.9400092,37,74,213.5001392
3/19/2012 19:00,3,2,5.293233648,149.8765006,23.44088351,1,134,227.4752184
3/19/2012 20:00,1,3,72.9607008,429.7634861,178.8032566,2,174,292.1709843
3/19/2012 21:00,4,4,24.85404853,132.4450616,17.37303579,33,121,240.0621858
3/19/2012 22:00,3,1,103.0991847,473.1692028,64.42644627,49,137,273.0629271
3/19/2012 23:00,1,4,21.24533692,115.6418925,35.9019658,31,84,231.3538882
3/20/2012 0:00,3,2,32.34998376,128.1518689,28.30126589,23,118,223.246681
3/20/2012 1:00,1,1,,,,23,157,230.2508078
3/20/2012 2:00,2,1,32.33894015,120.5416074,51.68236226,12,175,305.8935426
3/20/2012 3:00,1,3,26.73200408,113.5665199,15.71652867,21,24,118.1815176
3/20/2012 4:00,3,4,27.76350571,123.1581691,51.60496776,18,112,225.5309625
3/20/2012 5:00,4,3,28.74106878,83.45069395,37.89191615,29,23,126.7575727
3/20/2012 6:00,4,2,21.92560444,91.62241841,37.11101483,38,11,113.4065557
3/20/2012 7:00,4,4,20.54185954,81.05150596,15.28127789,20,198,254.6485794
3/20/2012 8:00,1,2,,,,47,161,311.8138269
3/20/2012 9:00,2,3,14.37814897,138.6786292,12.19849146,22,130,143.8500501
3/20/2012 10:00,1,3,22.5130813,141.6326551,24.88097405,15,133,280.6464591
3/20/2012 11:00,4,1,13.29468523,80.94846829,14.75898506,41,58,223.685231
3/20/2012 12:00,3,4,17.09224592,88.75400485,36.50988637,6,154,226.4683166
3/20/2012 13:00,4,4,10.97474458,74.45502523,41.62270584,19,82,242.4296066
3/20/2012 14:00,3,1,9.011523951,100.5726444,54.44009848,47,71,273.6346337
3/20/2012 15:00,2,4,13.30755073,138.1091513,46.01294575,41,35,161.6398045
3/20/2012 16:00,3,2,,,,13,60,179.1970546
3/20/2012 17:00,1,2,13.36901278,85.54782523,48.72966868,25,99,221.9846753
3/20/2012 18:00,1,3,100.9786119,332.6968813,101.493732,21,198,358.3337125
3/20/2012 19:00,1,2,,,,40,192,284.1749116
3/20/2012 20:00,3,4,18.73189066,86.65907776,32.95583218,35,132,254.1614457
3/20/2012 21:00,1,1,7.607896747,129.0292933,38.2584643,25,169,315.5931215
3/20/2012 22:00,1,3,6.908432713,123.3450377,37.60741322,11,141,270.4458569
3/20/2012 23:00,1,1,23.94341138,128.3597069,43.17391849,48,64,204.7842521
3/21/2012 0:00,2,3,20.37447803,108.5462054,13.31733351,30,11,176.8664885
3/21/2012 1:00,3,3,10.41586398,79.3454944,47.17685659,39,129,269.130167
3/21/2012 2:00,3,1,,,,3,13,113.5654854
3/21/2012 3:00,4,2,31.29489018,58.78537845,12.09538696,39,66,220.0944354
3/21/2012 4:00,3,2,5.917905521,129.2993891,35.68723073,26,114,232.3849517
3/21/2012 5:00,2,2,2.727700489,138.7958389,40.91029073,8,98,201.7483269
3/21/2012 6:00,3,2,20.13733876,121.7166165,11.14555453,11,66,147.6503905
3/21/2012 7:00,2,1,4.940371122,73.8173424,35.87809556,28,13,223.2999126
3/21/2012 8:00,2,4,35.68815444,131.8022534,36.40884533,27,161,268.1241109
3/21/2012 9:00,3,3,21.15014025,70.25956238,13.02781181,15,44,175.2325069
3/21/2012 10:00,4,1,16.96540241,67.02683939,46.61410989,7,136,294.6455669
3/21/2012 11:00,1,2,18.52595513,103.8185766,21.08696307,46,137,237.1279355
3/21/2012 12:00,1,2,23.21534176,104.4814932,47.65820754,48,135,295.7764501
3/21/2012 13:00,3,1,6.436837244,131.1894149,26.00918547,12,156,263.1647779
3/21/2012 14:00,3,3,33.16914619,118.3249632,32.8487641,13,60,221.3405307
3/21/2012 15:00,2,1,20.52154487,79.42029899,54.2501898,14,181,262.2509363
3/21/2012 16:00,3,1,,,,8,166,245.9883167
3/21/2012 17:00,2,4,,,,43,32,168.0874049
3/21/2012 18:00,4,1,8.965100123,77.21966597,19.14684725,31,150,260.807911
3/21/2012 19:00,3,4,0.289744215,97.35092817,12.02782345,21,71,172.8637087
3/21/2012 20:00,1,3,21.73768621,126.8812156,42.43245517,24,126,305.5236133
3/21/2012 21:00,1,1,24.615537,85.63201745,30.57050242,40,167,305.5107129
3/21/2012 22:00,3,1,89.44450488,483.7026084,234.852377,25,101,197.1875687
3/21/2012 23:00,2,2,,,,44,22,149.0563309
3/22/2012 0:00,1,1,,,,28,58,192.9322836
3/22/2012 1:00,2,2,4.24989739,89.91821985,34.97134448,17,177,298.9352695
3/22/2012 2:00,3,2,22.31311939,119.3524375,49.90696108,35,99,211.5250363
3/22/2012 3:00,3,2,18.80666505,108.8122099,22.80098745,19,191,256.0307067
3/22/2012 4:00,1,3,23.27490379,73.49013201,58.64364454,32,55,180.38416
3/22/2012 5:00,3,4,29.73662947,147.9005698,36.72736013,19,170,281.601232
3/22/2012 6:00,4,2,31.85108229,71.07194317,51.72410723,2,126,203.5738868
3/22/2012 7:00,4,1,37.64932588,142.8604919,34.85890295,42,83,258.3799018
3/22/2012 8:00,1,1,30.43066851,74.18094787,48.99430699,33,57,202.2525629
3/22/2012 9:00,4,2,23.33235634,122.0588989,11.3711546,5,127,231.0884955
3/22/2012 10:00,2,2,32.21418815,111.8373365,50.37809905,30,139,253.2513262
3/22/2012 11:00,1,1,27.00344599,103.3813678,36.75603746,34,163,344.0922457
3/22/2012 12:00,1,2,112.5980735,259.2479957,130.3052697,31,133,224.4959254
3/22/2012 13:00,2,4,7.789639396,83.90018525,16.51308787,41,31,152.2609539
3/22/2012 14:00,4,4,,,,8,192,281.6165202
3/22/2012 15:00,4,3,,,,45,187,336.1851096
3/22/2012 16:00,4,2,18.3526938,113.9324061,21.14262616,47,181,343.0715662
3/22/2012 17:00,1,3,24.53798075,97.17524588,15.37414189,26,151,232.1765143
3/22/2012 18:00,1,3,13.50286752,72.83976053,10.81495499,23,156,253.7641854
3/22/2012 19:00,4,3,16.1388187,131.0388516,43.50394925,49,7,164.7605527
3/22/2012 20:00,3,2,26.35990508,81.87417901,23.90760812,21,12,108.4055591
3/22/2012 21:00,4,3,30.12076283,80.1112664,17.82055237,29,62,174.3354126
3/22/2012 22:00,2,4,5.843381717,119.0713512,25.00876817,35,24,159.5967757
3/22/2012 23:00,1,3,26.9732306,108.9821633,36.6205691,25,156,247.0484111
3/23/2012 0:00,2,4,,,,49,186,338.8032577
3/23/2012 1:00,2,4,,,,1,60,174.8804571
3/23/2012 2:00,1,2,11.62582987,125.6823305,33.39702438,41,87,224.6840108
3/23/2012 3:00,3,3,6.175655481,77.63733421,30.3718898,43,124,305.3226689
3/23/2012 4:00,4,2,3.551712466,138.9989815,51.7679697,6,25,148.3525783
3/23/2012 5:00,2,4,17.3572563,89.57061276,9.457082694,26,83,203.3910008
3/23/2012 6:00,1,1,,,,15,195,296.0046607
3/23/2012 7:00,2,3,3.490100539,134.1785626,20.8500925,48,21,217.3177342
3/23/2012 8:00,4,2,,,,45,134,254.8611982
3/23/2012 9:00,3,1,19.27619235,90.20537904,28.82069754,28,184,299.5684903
3/23/2012 10:00,3,3,22.33764468,96.82162552,24.948117,20,61,164.4679232
3/23/2012 11:00,3,3,6.868452197,67.7855142,41.86861582,25,121,253.7252843
3/23/2012 12:00,1,2,30.9678492,125.9189983,48.77051401,17,117,297.4746314
3/23/2012 13:00,1,1,30.49659865,91.81620065,32.94056999,0,145,248.2488852
3/23/2012 14:00,3,2,18.22276275,119.3054608,33.48093463,1,9,96.21524483
3/23/2012 15:00,4,3,30.77678692,120.4914761,13.60590638,13,30,144.5663779
3/23/2012 16:00,4,3,32.88335907,121.2569799,56.65053396,37,25,118.5492379
3/23/2012 17:00,1,4,25.98681373,127.1566901,49.60858397,14,182,286.3302307
3/23/2012 18:00,3,3,25.85503914,112.6295008,30.79022106,35,108,290.1150598
3/23/2012 19:00,4,3,5.481497143,108.3022653,49.03529677,23,89,227.8810005
3/23/2012 20:00,4,1,8.550851976,100.605065,25.28206081,24,125,281.979091
3/23/2012 21:00,4,1,5.905691355,70.39962679,44.53039409,8,24,158.4792357
3/23/2012 22:00,1,4,5.132493613,123.5564425,36.05730036,14,119,207.8436282
3/23/2012 23:00,3,4,11.17644726,126.7642751,33.35171099,36,179,368.4960388
3/24/2012 0:00,2,4,26.14604047,91.06330965,12.37478889,5,17,64.88371133
3/24/2012 1:00,3,2,39.87207068,502.7462958,240.2572223,42,151,299.1688666
3/24/2012 2:00,3,2,,,,44,107,185.4332217
3/24/2012 3:00,1,4,22.16333897,98.58915298,52.05345069,11,142,197.852275
3/24/2012 4:00,4,2,11.0859895,70.28740411,25.38304819,26,127,277.347239
3/24/2012 5:00,4,3,18.92843598,105.5349917,24.80027208,6,7,88.56908356
3/24/2012 6:00,1,4,11.65376217,125.7167188,37.82278175,27,42,202.6844176
3/24/2012 7:00,1,4,31.98674079,76.79453093,51.79538914,11,23,65.13561167
3/24/2012 8:00,1,2,,,,41,116,250.740175
3/24/2012 9:00,1,1,5.941746518,150.3709505,24.61491536,34,101,194.9459344
3/24/2012 10:00,1,4,32.08093478,130.4055311,41.17636065,1,64,151.597357
3/24/2012 11:00,2,2,,,,25,25,192.9322445
3/24/2012 12:00,3,2,9.88494743,106.6414696,19.81758289,19,73,242.2646432
3/24/2012 13:00,3,1,26.29366444,67.0475752,29.03427468,24,153,288.9272361
3/24/2012 14:00,3,4,17.6865188,145.4389731,20.46029152,20,65,133.7295733
3/24/2012 15:00,4,1,14.03728136,141.1506635,46.38726622,0,167,227.3964093
3/24/2012 16:00,2,3,28.66466728,113.7225224,53.21172957,27,13,141.4274001
3/24/2012 17:00,3,1,,,,37,160,269.4772805
3/24/2012 18:00,4,1,93.25847945,298.86648,175.7275809,12,184,312.4225213
3/24/2012 19:00,2,2,7.799114119,86.37368317,27.68467194,29,166,341.9898976
3/24/2012 20:00,2,1,35.16549841,109.5341967,42.13995426,9,128,204.2608467
3/24/2012 21:00,4,3,29.60133528,84.32152559,53.38468069,44,93,206.9178976
3/24/2012 22:00,2,2,13.11795674,118.8045647,43.17829562,21,36,118.3854909
3/24/2012 23:00,4,3,15.04857934,111.83224,32.05605695,28,17,134.1995815
3/25/2012 0:00,3,1,6.046769577,76.11919713,56.78899869,4,157,259.4229777
3/25/2012 1:00,4,3,26.76206988,128.4288506,51.6858378,7,154,258.5324029
3/25/2012 2:00,2,3,6.932644105,75.72169081,53.615798,10,187,320.8443231
3/25/2012 3:00,3,1,29.7482895,127.897929,55.90839469,25,176,309.7317201
3/25/2012 4:00,3,1,30.17115204,99.52677229,29.70621368,18,112,225.2099553
3/25/2012 5:00,1,2,21.43790255,94.16853604,53.03069746,18,29,145.2276513
3/25/2012 6:00,1,2,,,,29,172,300.5943627
3/25/2012 7:00,2,4,,,,35,99,229.3236897
3/25/2012 8:00,4,2,21.89800404,119.7290346,42.53336548,41,20,137.7731825
3/25/2012 9:00,4,1,24.39622235,100.5846728,32.42060551,8,181,250.0233165
3/25/2012 10:00,2,3,26.60370451,75.08348371,24.01754513,6,143,250.4125642
3/25/2012 11:00,3,3,20.9029818,119.9777219,58.92450564,17,17,116.1940581
3/25/2012 12:00,2,2,11.49621123,95.54958491,13.2130522,8,161,281.9549983
3/25/2012 13:00,2,2,30.26569836,146.2927546,57.84258929,5,148,252.390178
3/25/2012 14:00,3,1,6.374374263,147.4351109,18.58021015,5,158,260.7069489
3/25/2012 15:00,4,3,75.73623068,436.2550151,116.0083464,44,9,179.8225454
3/25/2012 16:00,2,4,27.84282049,154.749708,29.38514258,21,104,180.1788037
3/25/2012 17:00,4,4,,,,16,3,169.4234488
3/25/2012 18:00,2,2,27.34098953,81.26588912,21.50302474,14,14,59.82540984
3/25/2012 19:00,3,4,28.51448389,84.69248347,58.10240766,8,52,200.9274889
3/25/2012 20:00,3,1,20.49896944,76.60763669,46.40279261,5,186,294.4575512
3/25/2012 21:00,1,4,3.916497611,139.6581159,48.44740667,22,54,157.7399581
3/25/2012 22:00,3,2,9.985438816,72.63608366,13.46772192,16,189,258.340999
3/25/2012 23:00,1,1,17.20939901,139.1845084,32.66683606,31,169,279.5342269
3/26/2012 0:00,2,3,10.38393278,129.0550158,58.27437973,31,155,278.6374306
3/26/2012 1:00,4,1,34.42040119,101.3101353,22.77735888,36,121,260.4241113
3/26/2012 2:00,3,2,24.65125536,66.59658917,15.51532443,2,134,276.9733195
3/26/2012 3:00,3,2,13.52464642,57.84962835,33.75275613,15,138,252.8366528
3/26/2012 4:00,3,4,34.28367794,89.82841047,57.02508293,1,156,264.2526773
3/26/2012 5:00,2,4,25.43669501,113.0042055,32.50389701,2,161,271.1953008
3/26/2012 6:00,1,3,11.93377076,117.7806142,31.18811248,40,115,242.8945883
3/26/2012 7:00,2,3,68.9779739,375.8280216,168.8148686,13,124,228.9833426
3/26/2012 8:00,4,2,9.255383619,134.1811904,56.43957834,13,115,222.5698096
3/26/2012 9:00,2,2,34.70746792,89.03091932,12.03692428,29,93,238.600855
3/26/2012 10:00,4,2,18.66082558,90.31409698,17.10387502,48,24,142.4481884
3/26/2012 11:00,3,3,,,,39,183,304.6675726
3/26/2012 12:00,4,2,14.76839879,90.59658874,15.04412198,48,101,257.5838984
3/26/2012 13:00,4,3,30.84436353,95.60464719,25.06488079,26,39,130.6280528
3/26/2012 14:00,1,2,5.290796233,127.145612,20.8601278,16,119,236.3609007
3/26/2012 15:00,4,1,33.37786999,145.0202202,37.88326756,38,92,211.609906
3/26/2012 16:00,4,1,32.1538328,143.0352464,26.56329836,8,190,311.1676582
3/26/2012 17:00,2,2,,,,35,118,292.2525999
3/26/2012 18:00,3,1,,,,9,177,267.7279344
3/26/2012 19:00,2,3,,,,28,10,158.8266159
3/26/2012 20:00,2,4,29.68341249,151.0451871,28.55074228,3,187,294.1425272
3/26/2012 21:00,3,1,13.72224707,87.88616477,23.65238965,20,191,297.6386568
3/26/2012 22:00,3,4,15.45916508,77.63585903,37.90365301,36,131,265.3810675
3/26/2012 23:00,4,1,31.33635466,136.5554332,47.58717794,1,158,296.1496637
3/27/2012 0:00,4,3,25.77746732,158.0546117,51.48202924,14,73,180.0852069
3/27/2012 1:00,1,1,15.8971087,126.5604596,34.86978226,27,53,217.5418717
3/27/2012 2:00,2,1,29.28536949,83.65739232,53.74838255,24,79,197.6984957
3/27/2012 3:00,3,2,6.637049435,106.80558,48.94959095,25,55,135.9535219
3/27/2012 4:00,4,4,,,,8,116,217.9529704
3/27/2012 5:00,3,4,9.686194205,114.9667393,22.14227134,29,93,175.6748574
3/27/2012 6:00,4,3,16.1342879,78.32720464,43.90064349,8,98,194.881512
3/27/2012 7:00,1,3,,,,0,43,130.7581702
3/27/2012 8:00,1,4,17.06201233,133.1957148,29.62086068,11,4,167.9762399
3/27/2012 9:00,3,2,85.9971746,413.1297505,81.61697677,44,194,384.7804478
3/27/2012 10:00,1,2,24.3363634,123.683507,51.88143582,12,79,192.090201
3/27/2012 11:00,3,4,14.19109362,99.11279455,20.64962852,13,67,214.8978098
3/27/2012 12:00,4,1,8.598640111,112.9261953,45.22436258,9,136,231.6536921
3/27/2012 13:00,2,4,26.40297113,148.9041405,10.93243725,16,3,74.79749859
3/27/2012 14:00,1,1,15.63048063,101.2990961,11.31246893,16,84,214.4784645
3/27/2012 15:00,4,4,18.7255084,117.6900325,31.17027727,30,116,255.5140011
3/27/2012 16:00,2,1,,,,45,94,209.5754842
3/27/2012 17:00,2,2,29.78764443,82.75327283,18.42995879,48,15,134.9311448
3/27/2012 18:00,2,4,24.32317438,136.8747043,48.81076255,25,110,261.9460786
3/27/2012 19:00,4,3,7.300727767,129.7381692,16.51416104,34,69,151.2820286
3/27/2012 20:00,4,1,29.16088183,124.0241653,36.06987175,35,14,164.5622143
3/27/2012 21:00,3,2,,,,10,106,205.4113619
3/27/2012 22:00,2,3,21.48507405,88.0790914,47.49491044,15,179,309.6613982
3/27/2012 23:00,2,2,36.46068321,144.6494802,49.34903657,28,158,314.5525163
3/28/2012 0:00,2,1,20.64219,96.36129763,12.49741782,44,93,209.702485
3/28/2012 1:00,3,4,17.32048392,129.7592836,18.21216384,17,79,160.7558802
3/28/2012 2:00,2,2,13.00912143,101.4330698,54.87864267,10,43,195.9785029
3/28/2012 3:00,4,4,,,,10,163,270.3031744
3/28/2012 4:00,2,4,11.29011004,145.1860876,34.37416447,8,125,241.8800576
3/28/2012 5:00,1,2,7.192306043,64.59575058,18.85624583,24,129,279.3996002
3/28/2012 6:00,4,2,4.013738052,135.0659256,59.96866414,31,155,256.2666952
3/28/2012 7:00,3,2,12.05750582,85.57256763,58.80869058,33,111,270.1930494
3/28/2012 8:00,2,4,17.34272652,94.83878705,10.92300498,2,39,159.3676469
3/28/2012 9:00,1,3,18.76750516,104.748819,36.27878093,13,62,218.2925944
3/28/2012 10:00,3,1,15.61389069,110.7041682,54.06812921,47,62,251.7982559
3/28/2012 11:00,3,3,33.30223567,92.19857989,31.47541816,39,16,156.1527208
3/28/2012 12:00,4,4,13.30642478,113.0721988,30.49794882,24,37,182.8701686
3/28/2012 13:00,3,2,15.4175125,77.64017267,27.54788732,15,127,242.6438782
3/28/2012 14:00,3,2,7.942508347,77.84252079,11.89276227,35,163,301.6935258
3/28/2012 15:00,3,1,,,,8,159,232.499285
3/28/2012 16:00,3,1,6.228622762,110.0473934,31.79337545,3,181,276.6590648
3/28/2012 17:00,2,3,24.61797369,122.8598681,37.51983386,44,186,275.5798234
3/28/2012 18:00,2,3,120.5271825,405.1567868,94.81916695,1,24,120.3272254
3/28/2012 19:00,2,1,9.176781493,144.9681059,50.40558927,24,76,239.0817821
3/28/2012 20:00,2,4,,,,49,141,312.8472371
3/28/2012 21:00,1,3,6.597906345,67.20695833,37.49134984,21,171,294.905664
3/28/2012 22:00,2,2,32.70080266,119.6063256,56.86541231,4,123,220.5057347
3/28/2012 23:00,3,2,28.88302425,125.9390219,14.66572064,48,24,155.3863424
3/29/2012 0:00,2,4,8.202385854,120.1169729,51.72015373,20,34,126.0694984
3/29/2012 1:00,2,1,17.100208,125.9310788,37.05109437,9,78,211.2137303
3/29/2012 2:00,4,3,36.43463358,96.67666385,21.50189648,22,174,249.6315063
3/29/2012 3:00,3,2,,,,26,174,252.9711127
3/29/2012 4:00,2,1,22.07248711,115.8789852,24.67314154,29,144,299.8709805
3/29/2012 5:00,2,3,17.58129358,82.23751121,55.74350035,3,88,197.0047005
3/29/2012 6:00,2,4,20.16214636,102.3488055,48.9172385,5,22,128.1427278
3/29/2012 7:00,1,2,,,,25,121,252.0386479
3/29/2012 8:00,2,4,33.19957287,106.4166298,14.28457626,9,16,185.1582632
3/29/2012 9:00,4,4,,,,48,28,177.5657181
3/29/2012 10:00,3,4,16.14924891,69.572176,24.72583298,4,1,113.7121312
3/29/2012 11:00,3,3,20.30366096,148.4470816,40.60612876,38,10,209.6840177
3/29/2012 12:00,2,4,17.42557697,135.7932227,50.78869747,36,15,149.0634026
3/29/2012 13:00,2,3,36.73263392,103.2740131,15.91818855,39,178,368.7895383
